<?xml version="1.0" encoding="UTF-8"?><Dataset xmlns="http://ndg.nerc.ac.uk/csml"  xmlns:gml="http://www.opengis.net/gml" xmlns:om="http://www.opengis.net/om" xmlns:swe="http://www.opengis.net/swe"  xmlns:xsi="http://www.w3.org/2001/XMLSchema-instance" xmlns:moles="http://ndg.nerc.ac.uk/moles"  xmlns:xlink="http://www.w3.org/1999/xlink" xsi:schemaLocation="http://ndg.nerc.ac.uk/csml/ schemas/csmlDataset.xsd" id="ar4_MRCGCM_SRA1B_clim_30">
   <name>Scenario: SRA1B - Model: MRCGCM - 30 year mean climatology</name>
   <AccessControlPolicy>
      <dgSecurityCondition>
         <moles:effect>allow</moles:effect>
         <moles:simpleCondition>
            <moles:dgAttributeAuthority>http://aa.ceda.rl.ac.uk/</moles:dgAttributeAuthority>
            <moles:attrauthRole>badc</moles:attrauthRole>
         </moles:simpleCondition>
      </dgSecurityCondition>
   </AccessControlPolicy>
   <CSMLFeatureCollection gml:id="Arnl7NQP">
      <gml:metaDataProperty></gml:metaDataProperty>
      <gml:boundedBy>
         <gml:EnvelopeWithTimePeriod srsName="WGS84">
            <gml:lowerCorner>0.0 -89.2586746216</gml:lowerCorner>
            <gml:upperCorner>360.0 89.2586746216</gml:upperCorner>
            <gml:beginPosition>2024-01-16T00:00:00.0</gml:beginPosition>
            <gml:endPosition>2084-12-16T00:00:00.0</gml:endPosition>
         </gml:EnvelopeWithTimePeriod>
      </gml:boundedBy>
      <featureMember>
         <GridSeriesFeature gml:id="specific_humidity">
            <gml:description>missing description</gml:description>
            <gml:name>specific_humidity</gml:name>
            <gml:boundedBy>
               <gml:EnvelopeWithTimePeriod srsName="WGS84">
                  <gml:lowerCorner>0.0 -89.2586746216</gml:lowerCorner>
                  <gml:upperCorner>360.0 89.2586746216</gml:upperCorner>
                  <gml:beginPosition>2024-01-16T00:00:00.0</gml:beginPosition>
                  <gml:endPosition>2084-12-16T00:00:00.0</gml:endPosition>
               </gml:EnvelopeWithTimePeriod>
            </gml:boundedBy>
            <value>
               <GridSeriesCoverage gml:id="VZ0IhB9s">
                  <gridSeriesDomain>
                     <GridSeriesDomain srsName="ndg:crs:lonlatt" uomLabels="degree_east degree_north days_since_2010-01-01" gml:id="LWAbaLlI" axisLabels="longitude latitude time" dimension="3" srsDimension="3">
                        <limits>
                           <gml:GridEnvelope>
                              <gml:low>0 0 0</gml:low>
                              <gml:high>0 0 0</gml:high>
                           </gml:GridEnvelope>
                        </limits>
                        <axisLabels>time latitude longitude</axisLabels>
                        <coordTransformTable>
                           <GridCoordinatesTable>
                              <gridOrdinate>
                                 <GridOrdinateDescription>
                                    <coordAxisLabel>time</coordAxisLabel>
                                    <coordAxisValues>
                                       <SpatialOrTemporalPositionList gml:id="Z0p4oM5b">
                                          <timePositionList frame="ndg:standard">2024-01-16T00:00:00.0 2024-02-16T00:00:00.0 2024-03-16T00:00:00.0 2024-04-16T00:00:00.0 2024-05-16T00:00:00.0 2024-06-16T00:00:00.0 2024-07-16T00:00:00.0 2024-08-16T00:00:00.0 2024-09-16T00:00:00.0 2024-10-16T00:00:00.0 2024-11-16T00:00:00.0 2024-12-16T00:00:00.0 2054-01-16T00:00:00.0 2054-02-16T00:00:00.0 2054-03-16T00:00:00.0 2054-04-16T00:00:00.0 2054-05-16T00:00:00.0 2054-06-16T00:00:00.0 2054-07-16T00:00:00.0 2054-08-16T00:00:00.0 2054-09-16T00:00:00.0 2054-10-16T00:00:00.0 2054-11-16T00:00:00.0 2054-12-16T00:00:00.0 2084-01-16T00:00:00.0 2084-02-16T00:00:00.0 2084-03-16T00:00:00.0 2084-04-16T00:00:00.0 2084-05-16T00:00:00.0 2084-06-16T00:00:00.0 2084-07-16T00:00:00.0 2084-08-16T00:00:00.0 2084-09-16T00:00:00.0 2084-10-16T00:00:00.0 2084-11-16T00:00:00.0 2084-12-16T00:00:00.0</timePositionList>
                                       </SpatialOrTemporalPositionList>
                                    </coordAxisValues>
                                    <gridAxesSpanned>time</gridAxesSpanned>
                                    <sequenceRule axisOrder="+1">Linear</sequenceRule>
                                 </GridOrdinateDescription>
                              </gridOrdinate>
                              <gridOrdinate>
                                 <GridOrdinateDescription>
                                    <coordAxisLabel>latitude</coordAxisLabel>
                                    <coordAxisValues xlink:href="#Dn3ibwxu" xlink:show="embed" xlink:arcrole="coordinateList" xlink:role="http://ndg.nerc.ac.uk/fileFormat/csmlStorageDescriptor">
                                       <SpatialOrTemporalPositionList gml:id="RPEzqXYa">
                                          <coordinateList></coordinateList>
                                       </SpatialOrTemporalPositionList>
                                    </coordAxisValues>
                                    <gridAxesSpanned>latitude</gridAxesSpanned>
                                    <sequenceRule axisOrder="+1">Linear</sequenceRule>
                                 </GridOrdinateDescription>
                              </gridOrdinate>
                              <gridOrdinate>
                                 <GridOrdinateDescription>
                                    <coordAxisLabel>longitude</coordAxisLabel>
                                    <coordAxisValues xlink:href="#FMcYB8vx" xlink:show="embed" xlink:arcrole="coordinateList" xlink:role="http://ndg.nerc.ac.uk/fileFormat/csmlStorageDescriptor">
                                       <SpatialOrTemporalPositionList gml:id="HtNjmL7R">
                                          <coordinateList></coordinateList>
                                       </SpatialOrTemporalPositionList>
                                    </coordAxisValues>
                                    <gridAxesSpanned>longitude</gridAxesSpanned>
                                    <sequenceRule axisOrder="+1">Linear</sequenceRule>
                                 </GridOrdinateDescription>
                              </gridOrdinate>
                           </GridCoordinatesTable>
                        </coordTransformTable>
                     </GridSeriesDomain>
                  </gridSeriesDomain>
                  <gml:rangeSet>
                     <gml:ValueArray gml:id="MIqDcOon">
                        <gml:valueComponent xlink:href="#ObsiLSgr" xlink:show="embed" xlink:arcrole="QuantityList" xlink:role="http://ndg.nerc.ac.uk/fileFormat/csmlStorageDescriptor">
                           <gml:QuantityList uom="1"></gml:QuantityList>
                        </gml:valueComponent>
                     </gml:ValueArray>
                  </gml:rangeSet>
               </GridSeriesCoverage>
            </value>
            <parameter xlink:href="http://cfconventions.org/standard_names/specific_humidity"></parameter>
         </GridSeriesFeature>
      </featureMember>
      <featureMember>
         <GridSeriesFeature gml:id="precipitation_flux">
            <gml:description>missing description</gml:description>
            <gml:name>precipitation_flux</gml:name>
            <gml:boundedBy>
               <gml:EnvelopeWithTimePeriod srsName="WGS84">
                  <gml:lowerCorner>0.0 -89.2586746216</gml:lowerCorner>
                  <gml:upperCorner>360.0 89.2586746216</gml:upperCorner>
                  <gml:beginPosition>2024-01-16T00:00:00.0</gml:beginPosition>
                  <gml:endPosition>2084-12-16T00:00:00.0</gml:endPosition>
               </gml:EnvelopeWithTimePeriod>
            </gml:boundedBy>
            <value>
               <GridSeriesCoverage gml:id="JFBpTmam">
                  <gridSeriesDomain>
                     <GridSeriesDomain srsName="ndg:crs:lonlatt" uomLabels="degree_east degree_north days_since_2010-01-01" gml:id="UcUEWBVX" axisLabels="longitude latitude time" dimension="3" srsDimension="3">
                        <limits>
                           <gml:GridEnvelope>
                              <gml:low>0 0 0</gml:low>
                              <gml:high>0 0 0</gml:high>
                           </gml:GridEnvelope>
                        </limits>
                        <axisLabels>time latitude longitude</axisLabels>
                        <coordTransformTable>
                           <GridCoordinatesTable>
                              <gridOrdinate>
                                 <GridOrdinateDescription>
                                    <coordAxisLabel>time</coordAxisLabel>
                                    <coordAxisValues>
                                       <SpatialOrTemporalPositionList gml:id="A4A8NCfZ">
                                          <timePositionList frame="ndg:standard">2024-01-16T00:00:00.0 2024-02-16T00:00:00.0 2024-03-16T00:00:00.0 2024-04-16T00:00:00.0 2024-05-16T00:00:00.0 2024-06-16T00:00:00.0 2024-07-16T00:00:00.0 2024-08-16T00:00:00.0 2024-09-16T00:00:00.0 2024-10-16T00:00:00.0 2024-11-16T00:00:00.0 2024-12-16T00:00:00.0 2054-01-16T00:00:00.0 2054-02-16T00:00:00.0 2054-03-16T00:00:00.0 2054-04-16T00:00:00.0 2054-05-16T00:00:00.0 2054-06-16T00:00:00.0 2054-07-16T00:00:00.0 2054-08-16T00:00:00.0 2054-09-16T00:00:00.0 2054-10-16T00:00:00.0 2054-11-16T00:00:00.0 2054-12-16T00:00:00.0 2084-01-16T00:00:00.0 2084-02-16T00:00:00.0 2084-03-16T00:00:00.0 2084-04-16T00:00:00.0 2084-05-16T00:00:00.0 2084-06-16T00:00:00.0 2084-07-16T00:00:00.0 2084-08-16T00:00:00.0 2084-09-16T00:00:00.0 2084-10-16T00:00:00.0 2084-11-16T00:00:00.0 2084-12-16T00:00:00.0</timePositionList>
                                       </SpatialOrTemporalPositionList>
                                    </coordAxisValues>
                                    <gridAxesSpanned>time</gridAxesSpanned>
                                    <sequenceRule axisOrder="+1">Linear</sequenceRule>
                                 </GridOrdinateDescription>
                              </gridOrdinate>
                              <gridOrdinate>
                                 <GridOrdinateDescription>
                                    <coordAxisLabel>latitude</coordAxisLabel>
                                    <coordAxisValues xlink:href="#FtpIjBY9" xlink:show="embed" xlink:arcrole="coordinateList" xlink:role="http://ndg.nerc.ac.uk/fileFormat/csmlStorageDescriptor">
                                       <SpatialOrTemporalPositionList gml:id="RvNpc6nI">
                                          <coordinateList></coordinateList>
                                       </SpatialOrTemporalPositionList>
                                    </coordAxisValues>
                                    <gridAxesSpanned>latitude</gridAxesSpanned>
                                    <sequenceRule axisOrder="+1">Linear</sequenceRule>
                                 </GridOrdinateDescription>
                              </gridOrdinate>
                              <gridOrdinate>
                                 <GridOrdinateDescription>
                                    <coordAxisLabel>longitude</coordAxisLabel>
                                    <coordAxisValues xlink:href="#CsT5uIZh" xlink:show="embed" xlink:arcrole="coordinateList" xlink:role="http://ndg.nerc.ac.uk/fileFormat/csmlStorageDescriptor">
                                       <SpatialOrTemporalPositionList gml:id="F859TcBx">
                                          <coordinateList></coordinateList>
                                       </SpatialOrTemporalPositionList>
                                    </coordAxisValues>
                                    <gridAxesSpanned>longitude</gridAxesSpanned>
                                    <sequenceRule axisOrder="+1">Linear</sequenceRule>
                                 </GridOrdinateDescription>
                              </gridOrdinate>
                           </GridCoordinatesTable>
                        </coordTransformTable>
                     </GridSeriesDomain>
                  </gridSeriesDomain>
                  <gml:rangeSet>
                     <gml:ValueArray gml:id="EGD6Z86O">
                        <gml:valueComponent xlink:href="#RexuLsrG" xlink:show="embed" xlink:arcrole="QuantityList" xlink:role="http://ndg.nerc.ac.uk/fileFormat/csmlStorageDescriptor">
                           <gml:QuantityList uom="kg.m-2.s-1"></gml:QuantityList>
                        </gml:valueComponent>
                     </gml:ValueArray>
                  </gml:rangeSet>
               </GridSeriesCoverage>
            </value>
            <parameter xlink:href="http://cfconventions.org/standard_names/precipitation_flux"></parameter>
         </GridSeriesFeature>
      </featureMember>
      <featureMember>
         <GridSeriesFeature gml:id="air_pressure_at_sea_level">
            <gml:description>missing description</gml:description>
            <gml:name>air_pressure_at_sea_level</gml:name>
            <gml:boundedBy>
               <gml:EnvelopeWithTimePeriod srsName="WGS84">
                  <gml:lowerCorner>0.0 -89.2586746216</gml:lowerCorner>
                  <gml:upperCorner>360.0 89.2586746216</gml:upperCorner>
                  <gml:beginPosition>2024-01-16T00:00:00.0</gml:beginPosition>
                  <gml:endPosition>2084-12-16T00:00:00.0</gml:endPosition>
               </gml:EnvelopeWithTimePeriod>
            </gml:boundedBy>
            <value>
               <GridSeriesCoverage gml:id="U6VgWSBx">
                  <gridSeriesDomain>
                     <GridSeriesDomain srsName="ndg:crs:lonlatt" uomLabels="degree_east degree_north days_since_2010-01-01" gml:id="X0rm7GGd" axisLabels="longitude latitude time" dimension="3" srsDimension="3">
                        <limits>
                           <gml:GridEnvelope>
                              <gml:low>0 0 0</gml:low>
                              <gml:high>0 0 0</gml:high>
                           </gml:GridEnvelope>
                        </limits>
                        <axisLabels>time latitude longitude</axisLabels>
                        <coordTransformTable>
                           <GridCoordinatesTable>
                              <gridOrdinate>
                                 <GridOrdinateDescription>
                                    <coordAxisLabel>time</coordAxisLabel>
                                    <coordAxisValues>
                                       <SpatialOrTemporalPositionList gml:id="UwyZZ8Hv">
                                          <timePositionList frame="ndg:standard">2024-01-16T00:00:00.0 2024-02-16T00:00:00.0 2024-03-16T00:00:00.0 2024-04-16T00:00:00.0 2024-05-16T00:00:00.0 2024-06-16T00:00:00.0 2024-07-16T00:00:00.0 2024-08-16T00:00:00.0 2024-09-16T00:00:00.0 2024-10-16T00:00:00.0 2024-11-16T00:00:00.0 2024-12-16T00:00:00.0 2054-01-16T00:00:00.0 2054-02-16T00:00:00.0 2054-03-16T00:00:00.0 2054-04-16T00:00:00.0 2054-05-16T00:00:00.0 2054-06-16T00:00:00.0 2054-07-16T00:00:00.0 2054-08-16T00:00:00.0 2054-09-16T00:00:00.0 2054-10-16T00:00:00.0 2054-11-16T00:00:00.0 2054-12-16T00:00:00.0 2084-01-16T00:00:00.0 2084-02-16T00:00:00.0 2084-03-16T00:00:00.0 2084-04-16T00:00:00.0 2084-05-16T00:00:00.0 2084-06-16T00:00:00.0 2084-07-16T00:00:00.0 2084-08-16T00:00:00.0 2084-09-16T00:00:00.0 2084-10-16T00:00:00.0 2084-11-16T00:00:00.0 2084-12-16T00:00:00.0</timePositionList>
                                       </SpatialOrTemporalPositionList>
                                    </coordAxisValues>
                                    <gridAxesSpanned>time</gridAxesSpanned>
                                    <sequenceRule axisOrder="+1">Linear</sequenceRule>
                                 </GridOrdinateDescription>
                              </gridOrdinate>
                              <gridOrdinate>
                                 <GridOrdinateDescription>
                                    <coordAxisLabel>latitude</coordAxisLabel>
                                    <coordAxisValues xlink:href="#LnrS53u1" xlink:show="embed" xlink:arcrole="coordinateList" xlink:role="http://ndg.nerc.ac.uk/fileFormat/csmlStorageDescriptor">
                                       <SpatialOrTemporalPositionList gml:id="C3HAQLts">
                                          <coordinateList></coordinateList>
                                       </SpatialOrTemporalPositionList>
                                    </coordAxisValues>
                                    <gridAxesSpanned>latitude</gridAxesSpanned>
                                    <sequenceRule axisOrder="+1">Linear</sequenceRule>
                                 </GridOrdinateDescription>
                              </gridOrdinate>
                              <gridOrdinate>
                                 <GridOrdinateDescription>
                                    <coordAxisLabel>longitude</coordAxisLabel>
                                    <coordAxisValues xlink:href="#Av7lI9je" xlink:show="embed" xlink:arcrole="coordinateList" xlink:role="http://ndg.nerc.ac.uk/fileFormat/csmlStorageDescriptor">
                                       <SpatialOrTemporalPositionList gml:id="ZxkLTt2x">
                                          <coordinateList></coordinateList>
                                       </SpatialOrTemporalPositionList>
                                    </coordAxisValues>
                                    <gridAxesSpanned>longitude</gridAxesSpanned>
                                    <sequenceRule axisOrder="+1">Linear</sequenceRule>
                                 </GridOrdinateDescription>
                              </gridOrdinate>
                           </GridCoordinatesTable>
                        </coordTransformTable>
                     </GridSeriesDomain>
                  </gridSeriesDomain>
                  <gml:rangeSet>
                     <gml:ValueArray gml:id="WLyq2lG7">
                        <gml:valueComponent xlink:href="#YA2y02am" xlink:show="embed" xlink:arcrole="QuantityList" xlink:role="http://ndg.nerc.ac.uk/fileFormat/csmlStorageDescriptor">
                           <gml:QuantityList uom="Pa"></gml:QuantityList>
                        </gml:valueComponent>
                     </gml:ValueArray>
                  </gml:rangeSet>
               </GridSeriesCoverage>
            </value>
            <parameter xlink:href="http://cfconventions.org/standard_names/air_pressure_at_sea_level"></parameter>
         </GridSeriesFeature>
      </featureMember>
      <featureMember>
         <GridSeriesFeature gml:id="surface_downwelling_shortwave_flux_in_air">
            <gml:description>missing description</gml:description>
            <gml:name>surface_downwelling_shortwave_flux_in_air</gml:name>
            <gml:boundedBy>
               <gml:EnvelopeWithTimePeriod srsName="WGS84">
                  <gml:lowerCorner>0.0 -89.2586746216</gml:lowerCorner>
                  <gml:upperCorner>360.0 89.2586746216</gml:upperCorner>
                  <gml:beginPosition>2024-01-16T00:00:00.0</gml:beginPosition>
                  <gml:endPosition>2084-12-16T00:00:00.0</gml:endPosition>
               </gml:EnvelopeWithTimePeriod>
            </gml:boundedBy>
            <value>
               <GridSeriesCoverage gml:id="HZYUi6aF">
                  <gridSeriesDomain>
                     <GridSeriesDomain srsName="ndg:crs:lonlatt" uomLabels="degree_east degree_north days_since_2010-01-01" gml:id="RyuePYbU" axisLabels="longitude latitude time" dimension="3" srsDimension="3">
                        <limits>
                           <gml:GridEnvelope>
                              <gml:low>0 0 0</gml:low>
                              <gml:high>0 0 0</gml:high>
                           </gml:GridEnvelope>
                        </limits>
                        <axisLabels>time latitude longitude</axisLabels>
                        <coordTransformTable>
                           <GridCoordinatesTable>
                              <gridOrdinate>
                                 <GridOrdinateDescription>
                                    <coordAxisLabel>time</coordAxisLabel>
                                    <coordAxisValues>
                                       <SpatialOrTemporalPositionList gml:id="GpHd3ddR">
                                          <timePositionList frame="ndg:standard">2024-01-16T00:00:00.0 2024-02-16T00:00:00.0 2024-03-16T00:00:00.0 2024-04-16T00:00:00.0 2024-05-16T00:00:00.0 2024-06-16T00:00:00.0 2024-07-16T00:00:00.0 2024-08-16T00:00:00.0 2024-09-16T00:00:00.0 2024-10-16T00:00:00.0 2024-11-16T00:00:00.0 2024-12-16T00:00:00.0 2054-01-16T00:00:00.0 2054-02-16T00:00:00.0 2054-03-16T00:00:00.0 2054-04-16T00:00:00.0 2054-05-16T00:00:00.0 2054-06-16T00:00:00.0 2054-07-16T00:00:00.0 2054-08-16T00:00:00.0 2054-09-16T00:00:00.0 2054-10-16T00:00:00.0 2054-11-16T00:00:00.0 2054-12-16T00:00:00.0 2084-01-16T00:00:00.0 2084-02-16T00:00:00.0 2084-03-16T00:00:00.0 2084-04-16T00:00:00.0 2084-05-16T00:00:00.0 2084-06-16T00:00:00.0 2084-07-16T00:00:00.0 2084-08-16T00:00:00.0 2084-09-16T00:00:00.0 2084-10-16T00:00:00.0 2084-11-16T00:00:00.0 2084-12-16T00:00:00.0</timePositionList>
                                       </SpatialOrTemporalPositionList>
                                    </coordAxisValues>
                                    <gridAxesSpanned>time</gridAxesSpanned>
                                    <sequenceRule axisOrder="+1">Linear</sequenceRule>
                                 </GridOrdinateDescription>
                              </gridOrdinate>
                              <gridOrdinate>
                                 <GridOrdinateDescription>
                                    <coordAxisLabel>latitude</coordAxisLabel>
                                    <coordAxisValues xlink:href="#LxmwDUoD" xlink:show="embed" xlink:arcrole="coordinateList" xlink:role="http://ndg.nerc.ac.uk/fileFormat/csmlStorageDescriptor">
                                       <SpatialOrTemporalPositionList gml:id="ATxT72w6">
                                          <coordinateList></coordinateList>
                                       </SpatialOrTemporalPositionList>
                                    </coordAxisValues>
                                    <gridAxesSpanned>latitude</gridAxesSpanned>
                                    <sequenceRule axisOrder="+1">Linear</sequenceRule>
                                 </GridOrdinateDescription>
                              </gridOrdinate>
                              <gridOrdinate>
                                 <GridOrdinateDescription>
                                    <coordAxisLabel>longitude</coordAxisLabel>
                                    <coordAxisValues xlink:href="#P5IDTkB6" xlink:show="embed" xlink:arcrole="coordinateList" xlink:role="http://ndg.nerc.ac.uk/fileFormat/csmlStorageDescriptor">
                                       <SpatialOrTemporalPositionList gml:id="IF7evh4G">
                                          <coordinateList></coordinateList>
                                       </SpatialOrTemporalPositionList>
                                    </coordAxisValues>
                                    <gridAxesSpanned>longitude</gridAxesSpanned>
                                    <sequenceRule axisOrder="+1">Linear</sequenceRule>
                                 </GridOrdinateDescription>
                              </gridOrdinate>
                           </GridCoordinatesTable>
                        </coordTransformTable>
                     </GridSeriesDomain>
                  </gridSeriesDomain>
                  <gml:rangeSet>
                     <gml:ValueArray gml:id="NOUdB8tq">
                        <gml:valueComponent xlink:href="#Dxb8s6QV" xlink:show="embed" xlink:arcrole="QuantityList" xlink:role="http://ndg.nerc.ac.uk/fileFormat/csmlStorageDescriptor">
                           <gml:QuantityList uom="W.m-2"></gml:QuantityList>
                        </gml:valueComponent>
                     </gml:ValueArray>
                  </gml:rangeSet>
               </GridSeriesCoverage>
            </value>
            <parameter xlink:href="http://cfconventions.org/standard_names/surface_downwelling_shortwave_flux_in_air"></parameter>
         </GridSeriesFeature>
      </featureMember>
      <featureMember>
         <GridSeriesFeature gml:id="air_temperature">
            <gml:description>missing description</gml:description>
            <gml:name>air_temperature</gml:name>
            <gml:boundedBy>
               <gml:EnvelopeWithTimePeriod srsName="WGS84">
                  <gml:lowerCorner>0.0 -89.2586746216</gml:lowerCorner>
                  <gml:upperCorner>360.0 89.2586746216</gml:upperCorner>
                  <gml:beginPosition>2024-01-16T00:00:00.0</gml:beginPosition>
                  <gml:endPosition>2084-12-16T00:00:00.0</gml:endPosition>
               </gml:EnvelopeWithTimePeriod>
            </gml:boundedBy>
            <value>
               <GridSeriesCoverage gml:id="TPe8O0JL">
                  <gridSeriesDomain>
                     <GridSeriesDomain srsName="ndg:crs:lonlatt" uomLabels="degree_east degree_north days_since_2010-01-01" gml:id="OLsuoTxP" axisLabels="longitude latitude time" dimension="3" srsDimension="3">
                        <limits>
                           <gml:GridEnvelope>
                              <gml:low>0 0 0</gml:low>
                              <gml:high>0 0 0</gml:high>
                           </gml:GridEnvelope>
                        </limits>
                        <axisLabels>time latitude longitude</axisLabels>
                        <coordTransformTable>
                           <GridCoordinatesTable>
                              <gridOrdinate>
                                 <GridOrdinateDescription>
                                    <coordAxisLabel>time</coordAxisLabel>
                                    <coordAxisValues>
                                       <SpatialOrTemporalPositionList gml:id="WszWFH8R">
                                          <timePositionList frame="ndg:standard">2024-01-16T00:00:00.0 2024-02-16T00:00:00.0 2024-03-16T00:00:00.0 2024-04-16T00:00:00.0 2024-05-16T00:00:00.0 2024-06-16T00:00:00.0 2024-07-16T00:00:00.0 2024-08-16T00:00:00.0 2024-09-16T00:00:00.0 2024-10-16T00:00:00.0 2024-11-16T00:00:00.0 2024-12-16T00:00:00.0 2054-01-16T00:00:00.0 2054-02-16T00:00:00.0 2054-03-16T00:00:00.0 2054-04-16T00:00:00.0 2054-05-16T00:00:00.0 2054-06-16T00:00:00.0 2054-07-16T00:00:00.0 2054-08-16T00:00:00.0 2054-09-16T00:00:00.0 2054-10-16T00:00:00.0 2054-11-16T00:00:00.0 2054-12-16T00:00:00.0 2084-01-16T00:00:00.0 2084-02-16T00:00:00.0 2084-03-16T00:00:00.0 2084-04-16T00:00:00.0 2084-05-16T00:00:00.0 2084-06-16T00:00:00.0 2084-07-16T00:00:00.0 2084-08-16T00:00:00.0 2084-09-16T00:00:00.0 2084-10-16T00:00:00.0 2084-11-16T00:00:00.0 2084-12-16T00:00:00.0</timePositionList>
                                       </SpatialOrTemporalPositionList>
                                    </coordAxisValues>
                                    <gridAxesSpanned>time</gridAxesSpanned>
                                    <sequenceRule axisOrder="+1">Linear</sequenceRule>
                                 </GridOrdinateDescription>
                              </gridOrdinate>
                              <gridOrdinate>
                                 <GridOrdinateDescription>
                                    <coordAxisLabel>latitude</coordAxisLabel>
                                    <coordAxisValues xlink:href="#MiQ3kld4" xlink:show="embed" xlink:arcrole="coordinateList" xlink:role="http://ndg.nerc.ac.uk/fileFormat/csmlStorageDescriptor">
                                       <SpatialOrTemporalPositionList gml:id="Mc2GQ2Ue">
                                          <coordinateList></coordinateList>
                                       </SpatialOrTemporalPositionList>
                                    </coordAxisValues>
                                    <gridAxesSpanned>latitude</gridAxesSpanned>
                                    <sequenceRule axisOrder="+1">Linear</sequenceRule>
                                 </GridOrdinateDescription>
                              </gridOrdinate>
                              <gridOrdinate>
                                 <GridOrdinateDescription>
                                    <coordAxisLabel>longitude</coordAxisLabel>
                                    <coordAxisValues xlink:href="#ZWrjhHVo" xlink:show="embed" xlink:arcrole="coordinateList" xlink:role="http://ndg.nerc.ac.uk/fileFormat/csmlStorageDescriptor">
                                       <SpatialOrTemporalPositionList gml:id="Giyt3TVE">
                                          <coordinateList></coordinateList>
                                       </SpatialOrTemporalPositionList>
                                    </coordAxisValues>
                                    <gridAxesSpanned>longitude</gridAxesSpanned>
                                    <sequenceRule axisOrder="+1">Linear</sequenceRule>
                                 </GridOrdinateDescription>
                              </gridOrdinate>
                           </GridCoordinatesTable>
                        </coordTransformTable>
                     </GridSeriesDomain>
                  </gridSeriesDomain>
                  <gml:rangeSet>
                     <gml:ValueArray gml:id="L5PGz9c5">
                        <gml:valueComponent xlink:href="#FbOuvXCY" xlink:show="embed" xlink:arcrole="QuantityList" xlink:role="http://ndg.nerc.ac.uk/fileFormat/csmlStorageDescriptor">
                           <gml:QuantityList uom="K"></gml:QuantityList>
                        </gml:valueComponent>
                     </gml:ValueArray>
                  </gml:rangeSet>
               </GridSeriesCoverage>
            </value>
            <parameter xlink:href="http://cfconventions.org/standard_names/air_temperature"></parameter>
         </GridSeriesFeature>
      </featureMember>
      <featureMember>
         <GridSeriesFeature gml:id="eastward_wind">
            <gml:description>missing description</gml:description>
            <gml:name>eastward_wind</gml:name>
            <gml:boundedBy>
               <gml:EnvelopeWithTimePeriod srsName="WGS84">
                  <gml:lowerCorner>0.0 -89.2586746216</gml:lowerCorner>
                  <gml:upperCorner>360.0 89.2586746216</gml:upperCorner>
                  <gml:beginPosition>2024-01-16T00:00:00.0</gml:beginPosition>
                  <gml:endPosition>2084-12-16T00:00:00.0</gml:endPosition>
               </gml:EnvelopeWithTimePeriod>
            </gml:boundedBy>
            <value>
               <GridSeriesCoverage gml:id="IraYU0N7">
                  <gridSeriesDomain>
                     <GridSeriesDomain srsName="ndg:crs:lonlatt" uomLabels="degree_east degree_north days_since_2010-01-01" gml:id="AE70qXCV" axisLabels="longitude latitude time" dimension="3" srsDimension="3">
                        <limits>
                           <gml:GridEnvelope>
                              <gml:low>0 0 0</gml:low>
                              <gml:high>0 0 0</gml:high>
                           </gml:GridEnvelope>
                        </limits>
                        <axisLabels>time latitude longitude</axisLabels>
                        <coordTransformTable>
                           <GridCoordinatesTable>
                              <gridOrdinate>
                                 <GridOrdinateDescription>
                                    <coordAxisLabel>time</coordAxisLabel>
                                    <coordAxisValues>
                                       <SpatialOrTemporalPositionList gml:id="AqFm2ILv">
                                          <timePositionList frame="ndg:standard">2024-01-16T00:00:00.0 2024-02-16T00:00:00.0 2024-03-16T00:00:00.0 2024-04-16T00:00:00.0 2024-05-16T00:00:00.0 2024-06-16T00:00:00.0 2024-07-16T00:00:00.0 2024-08-16T00:00:00.0 2024-09-16T00:00:00.0 2024-10-16T00:00:00.0 2024-11-16T00:00:00.0 2024-12-16T00:00:00.0 2054-01-16T00:00:00.0 2054-02-16T00:00:00.0 2054-03-16T00:00:00.0 2054-04-16T00:00:00.0 2054-05-16T00:00:00.0 2054-06-16T00:00:00.0 2054-07-16T00:00:00.0 2054-08-16T00:00:00.0 2054-09-16T00:00:00.0 2054-10-16T00:00:00.0 2054-11-16T00:00:00.0 2054-12-16T00:00:00.0 2084-01-16T00:00:00.0 2084-02-16T00:00:00.0 2084-03-16T00:00:00.0 2084-04-16T00:00:00.0 2084-05-16T00:00:00.0 2084-06-16T00:00:00.0 2084-07-16T00:00:00.0 2084-08-16T00:00:00.0 2084-09-16T00:00:00.0 2084-10-16T00:00:00.0 2084-11-16T00:00:00.0 2084-12-16T00:00:00.0</timePositionList>
                                       </SpatialOrTemporalPositionList>
                                    </coordAxisValues>
                                    <gridAxesSpanned>time</gridAxesSpanned>
                                    <sequenceRule axisOrder="+1">Linear</sequenceRule>
                                 </GridOrdinateDescription>
                              </gridOrdinate>
                              <gridOrdinate>
                                 <GridOrdinateDescription>
                                    <coordAxisLabel>latitude</coordAxisLabel>
                                    <coordAxisValues xlink:href="#Mb1zCH3p" xlink:show="embed" xlink:arcrole="coordinateList" xlink:role="http://ndg.nerc.ac.uk/fileFormat/csmlStorageDescriptor">
                                       <SpatialOrTemporalPositionList gml:id="RerBEdUU">
                                          <coordinateList></coordinateList>
                                       </SpatialOrTemporalPositionList>
                                    </coordAxisValues>
                                    <gridAxesSpanned>latitude</gridAxesSpanned>
                                    <sequenceRule axisOrder="+1">Linear</sequenceRule>
                                 </GridOrdinateDescription>
                              </gridOrdinate>
                              <gridOrdinate>
                                 <GridOrdinateDescription>
                                    <coordAxisLabel>longitude</coordAxisLabel>
                                    <coordAxisValues xlink:href="#VScVdijm" xlink:show="embed" xlink:arcrole="coordinateList" xlink:role="http://ndg.nerc.ac.uk/fileFormat/csmlStorageDescriptor">
                                       <SpatialOrTemporalPositionList gml:id="E9QdcE5g">
                                          <coordinateList></coordinateList>
                                       </SpatialOrTemporalPositionList>
                                    </coordAxisValues>
                                    <gridAxesSpanned>longitude</gridAxesSpanned>
                                    <sequenceRule axisOrder="+1">Linear</sequenceRule>
                                 </GridOrdinateDescription>
                              </gridOrdinate>
                           </GridCoordinatesTable>
                        </coordTransformTable>
                     </GridSeriesDomain>
                  </gridSeriesDomain>
                  <gml:rangeSet>
                     <gml:ValueArray gml:id="FgrXaKAc">
                        <gml:valueComponent xlink:href="#PZAu8OWz" xlink:show="embed" xlink:arcrole="QuantityList" xlink:role="http://ndg.nerc.ac.uk/fileFormat/csmlStorageDescriptor">
                           <gml:QuantityList uom="m.s-1"></gml:QuantityList>
                        </gml:valueComponent>
                     </gml:ValueArray>
                  </gml:rangeSet>
               </GridSeriesCoverage>
            </value>
            <parameter xlink:href="http://cfconventions.org/standard_names/eastward_wind"></parameter>
         </GridSeriesFeature>
      </featureMember>
      <featureMember>
         <GridSeriesFeature gml:id="northward_wind">
            <gml:description>missing description</gml:description>
            <gml:name>northward_wind</gml:name>
            <gml:boundedBy>
               <gml:EnvelopeWithTimePeriod srsName="WGS84">
                  <gml:lowerCorner>0.0 -89.2586746216</gml:lowerCorner>
                  <gml:upperCorner>360.0 89.2586746216</gml:upperCorner>
                  <gml:beginPosition>2024-01-16T00:00:00.0</gml:beginPosition>
                  <gml:endPosition>2084-12-16T00:00:00.0</gml:endPosition>
               </gml:EnvelopeWithTimePeriod>
            </gml:boundedBy>
            <value>
               <GridSeriesCoverage gml:id="KBMrpTwg">
                  <gridSeriesDomain>
                     <GridSeriesDomain srsName="ndg:crs:lonlatt" uomLabels="degree_east degree_north days_since_2010-01-01" gml:id="JSfFETk6" axisLabels="longitude latitude time" dimension="3" srsDimension="3">
                        <limits>
                           <gml:GridEnvelope>
                              <gml:low>0 0 0</gml:low>
                              <gml:high>0 0 0</gml:high>
                           </gml:GridEnvelope>
                        </limits>
                        <axisLabels>time latitude longitude</axisLabels>
                        <coordTransformTable>
                           <GridCoordinatesTable>
                              <gridOrdinate>
                                 <GridOrdinateDescription>
                                    <coordAxisLabel>time</coordAxisLabel>
                                    <coordAxisValues>
                                       <SpatialOrTemporalPositionList gml:id="XyH3vfrC">
                                          <timePositionList frame="ndg:standard">2024-01-16T00:00:00.0 2024-02-16T00:00:00.0 2024-03-16T00:00:00.0 2024-04-16T00:00:00.0 2024-05-16T00:00:00.0 2024-06-16T00:00:00.0 2024-07-16T00:00:00.0 2024-08-16T00:00:00.0 2024-09-16T00:00:00.0 2024-10-16T00:00:00.0 2024-11-16T00:00:00.0 2024-12-16T00:00:00.0 2054-01-16T00:00:00.0 2054-02-16T00:00:00.0 2054-03-16T00:00:00.0 2054-04-16T00:00:00.0 2054-05-16T00:00:00.0 2054-06-16T00:00:00.0 2054-07-16T00:00:00.0 2054-08-16T00:00:00.0 2054-09-16T00:00:00.0 2054-10-16T00:00:00.0 2054-11-16T00:00:00.0 2054-12-16T00:00:00.0 2084-01-16T00:00:00.0 2084-02-16T00:00:00.0 2084-03-16T00:00:00.0 2084-04-16T00:00:00.0 2084-05-16T00:00:00.0 2084-06-16T00:00:00.0 2084-07-16T00:00:00.0 2084-08-16T00:00:00.0 2084-09-16T00:00:00.0 2084-10-16T00:00:00.0 2084-11-16T00:00:00.0 2084-12-16T00:00:00.0</timePositionList>
                                       </SpatialOrTemporalPositionList>
                                    </coordAxisValues>
                                    <gridAxesSpanned>time</gridAxesSpanned>
                                    <sequenceRule axisOrder="+1">Linear</sequenceRule>
                                 </GridOrdinateDescription>
                              </gridOrdinate>
                              <gridOrdinate>
                                 <GridOrdinateDescription>
                                    <coordAxisLabel>latitude</coordAxisLabel>
                                    <coordAxisValues xlink:href="#V6BjdlFF" xlink:show="embed" xlink:arcrole="coordinateList" xlink:role="http://ndg.nerc.ac.uk/fileFormat/csmlStorageDescriptor">
                                       <SpatialOrTemporalPositionList gml:id="OIbzUPuv">
                                          <coordinateList></coordinateList>
                                       </SpatialOrTemporalPositionList>
                                    </coordAxisValues>
                                    <gridAxesSpanned>latitude</gridAxesSpanned>
                                    <sequenceRule axisOrder="+1">Linear</sequenceRule>
                                 </GridOrdinateDescription>
                              </gridOrdinate>
                              <gridOrdinate>
                                 <GridOrdinateDescription>
                                    <coordAxisLabel>longitude</coordAxisLabel>
                                    <coordAxisValues xlink:href="#DbTSTgT4" xlink:show="embed" xlink:arcrole="coordinateList" xlink:role="http://ndg.nerc.ac.uk/fileFormat/csmlStorageDescriptor">
                                       <SpatialOrTemporalPositionList gml:id="YcJ2A0b5">
                                          <coordinateList></coordinateList>
                                       </SpatialOrTemporalPositionList>
                                    </coordAxisValues>
                                    <gridAxesSpanned>longitude</gridAxesSpanned>
                                    <sequenceRule axisOrder="+1">Linear</sequenceRule>
                                 </GridOrdinateDescription>
                              </gridOrdinate>
                           </GridCoordinatesTable>
                        </coordTransformTable>
                     </GridSeriesDomain>
                  </gridSeriesDomain>
                  <gml:rangeSet>
                     <gml:ValueArray gml:id="Q0quu0Kf">
                        <gml:valueComponent xlink:href="#LhgkLn5l" xlink:show="embed" xlink:arcrole="QuantityList" xlink:role="http://ndg.nerc.ac.uk/fileFormat/csmlStorageDescriptor">
                           <gml:QuantityList uom="m.s-1"></gml:QuantityList>
                        </gml:valueComponent>
                     </gml:ValueArray>
                  </gml:rangeSet>
               </GridSeriesCoverage>
            </value>
            <parameter xlink:href="http://cfconventions.org/standard_names/northward_wind"></parameter>
         </GridSeriesFeature>
      </featureMember>
   </CSMLFeatureCollection>
   <CSMLStorageDescriptor>
      <descriptor>
         <NetCDFExtract id="Dn3ibwxu">
            <arraySize>64</arraySize>
            <fileName>/badc/ipcc-ddc/data/netcdf/ar4_v2/huss/MRCGCM_SRA1B_1_huss_2010-2039.nc</fileName>
            <variableName>latitude</variableName>
         </NetCDFExtract>
      </descriptor>
      <descriptor>
         <NetCDFExtract id="OcJ4u3By">
            <arraySize>2</arraySize>
            <fileName>/badc/ipcc-ddc/data/netcdf/ar4_v2/huss/MRCGCM_SRA1B_1_huss_2010-2039.nc</fileName>
            <variableName>bounds</variableName>
         </NetCDFExtract>
      </descriptor>
      <descriptor>
         <NetCDFExtract id="FMcYB8vx">
            <arraySize>128</arraySize>
            <fileName>/badc/ipcc-ddc/data/netcdf/ar4_v2/huss/MRCGCM_SRA1B_1_huss_2010-2039.nc</fileName>
            <variableName>longitude</variableName>
         </NetCDFExtract>
      </descriptor>
      <descriptor>
         <NetCDFExtract id="PdIVJHr3">
            <arraySize>12</arraySize>
            <fileName>/badc/ipcc-ddc/data/netcdf/ar4_v2/huss/MRCGCM_SRA1B_1_huss_2010-2039.nc</fileName>
            <variableName>time</variableName>
         </NetCDFExtract>
      </descriptor>
      <descriptor>
         <NetCDFExtract id="FtpIjBY9">
            <arraySize>64</arraySize>
            <fileName>/badc/ipcc-ddc/data/netcdf/ar4_v2/pr/MRCGCM_SRA1B_1_pr_2010-2039.nc</fileName>
            <variableName>latitude</variableName>
         </NetCDFExtract>
      </descriptor>
      <descriptor>
         <NetCDFExtract id="IIBORkzs">
            <arraySize>2</arraySize>
            <fileName>/badc/ipcc-ddc/data/netcdf/ar4_v2/pr/MRCGCM_SRA1B_1_pr_2010-2039.nc</fileName>
            <variableName>bounds</variableName>
         </NetCDFExtract>
      </descriptor>
      <descriptor>
         <NetCDFExtract id="CsT5uIZh">
            <arraySize>128</arraySize>
            <fileName>/badc/ipcc-ddc/data/netcdf/ar4_v2/pr/MRCGCM_SRA1B_1_pr_2010-2039.nc</fileName>
            <variableName>longitude</variableName>
         </NetCDFExtract>
      </descriptor>
      <descriptor>
         <NetCDFExtract id="ZSKmjVzW">
            <arraySize>12</arraySize>
            <fileName>/badc/ipcc-ddc/data/netcdf/ar4_v2/pr/MRCGCM_SRA1B_1_pr_2010-2039.nc</fileName>
            <variableName>time</variableName>
         </NetCDFExtract>
      </descriptor>
      <descriptor>
         <NetCDFExtract id="LnrS53u1">
            <arraySize>64</arraySize>
            <fileName>/badc/ipcc-ddc/data/netcdf/ar4_v2/psl/MRCGCM_SRA1B_1_psl_2010-2039.nc</fileName>
            <variableName>latitude</variableName>
         </NetCDFExtract>
      </descriptor>
      <descriptor>
         <NetCDFExtract id="JcsObqYY">
            <arraySize>2</arraySize>
            <fileName>/badc/ipcc-ddc/data/netcdf/ar4_v2/psl/MRCGCM_SRA1B_1_psl_2010-2039.nc</fileName>
            <variableName>bounds</variableName>
         </NetCDFExtract>
      </descriptor>
      <descriptor>
         <NetCDFExtract id="Av7lI9je">
            <arraySize>128</arraySize>
            <fileName>/badc/ipcc-ddc/data/netcdf/ar4_v2/psl/MRCGCM_SRA1B_1_psl_2010-2039.nc</fileName>
            <variableName>longitude</variableName>
         </NetCDFExtract>
      </descriptor>
      <descriptor>
         <NetCDFExtract id="BiLEEpdh">
            <arraySize>12</arraySize>
            <fileName>/badc/ipcc-ddc/data/netcdf/ar4_v2/psl/MRCGCM_SRA1B_1_psl_2010-2039.nc</fileName>
            <variableName>time</variableName>
         </NetCDFExtract>
      </descriptor>
      <descriptor>
         <NetCDFExtract id="LxmwDUoD">
            <arraySize>64</arraySize>
            <fileName>/badc/ipcc-ddc/data/netcdf/ar4_v2/rsds/MRCGCM_SRA1B_1_rsds_2010-2039.nc</fileName>
            <variableName>latitude</variableName>
         </NetCDFExtract>
      </descriptor>
      <descriptor>
         <NetCDFExtract id="VipTeFCO">
            <arraySize>2</arraySize>
            <fileName>/badc/ipcc-ddc/data/netcdf/ar4_v2/rsds/MRCGCM_SRA1B_1_rsds_2010-2039.nc</fileName>
            <variableName>bounds</variableName>
         </NetCDFExtract>
      </descriptor>
      <descriptor>
         <NetCDFExtract id="P5IDTkB6">
            <arraySize>128</arraySize>
            <fileName>/badc/ipcc-ddc/data/netcdf/ar4_v2/rsds/MRCGCM_SRA1B_1_rsds_2010-2039.nc</fileName>
            <variableName>longitude</variableName>
         </NetCDFExtract>
      </descriptor>
      <descriptor>
         <NetCDFExtract id="Qi2VzgdT">
            <arraySize>12</arraySize>
            <fileName>/badc/ipcc-ddc/data/netcdf/ar4_v2/rsds/MRCGCM_SRA1B_1_rsds_2010-2039.nc</fileName>
            <variableName>time</variableName>
         </NetCDFExtract>
      </descriptor>
      <descriptor>
         <NetCDFExtract id="MiQ3kld4">
            <arraySize>64</arraySize>
            <fileName>/badc/ipcc-ddc/data/netcdf/ar4_v2/tas/MRCGCM_SRA1B_1_tas_2010-2039.nc</fileName>
            <variableName>latitude</variableName>
         </NetCDFExtract>
      </descriptor>
      <descriptor>
         <NetCDFExtract id="FGCIGlny">
            <arraySize>2</arraySize>
            <fileName>/badc/ipcc-ddc/data/netcdf/ar4_v2/tas/MRCGCM_SRA1B_1_tas_2010-2039.nc</fileName>
            <variableName>bounds</variableName>
         </NetCDFExtract>
      </descriptor>
      <descriptor>
         <NetCDFExtract id="ZWrjhHVo">
            <arraySize>128</arraySize>
            <fileName>/badc/ipcc-ddc/data/netcdf/ar4_v2/tas/MRCGCM_SRA1B_1_tas_2010-2039.nc</fileName>
            <variableName>longitude</variableName>
         </NetCDFExtract>
      </descriptor>
      <descriptor>
         <NetCDFExtract id="OSEpSnHC">
            <arraySize>12</arraySize>
            <fileName>/badc/ipcc-ddc/data/netcdf/ar4_v2/tas/MRCGCM_SRA1B_1_tas_2010-2039.nc</fileName>
            <variableName>time</variableName>
         </NetCDFExtract>
      </descriptor>
      <descriptor>
         <NetCDFExtract id="Mb1zCH3p">
            <arraySize>64</arraySize>
            <fileName>/badc/ipcc-ddc/data/netcdf/ar4_v2/uas/MRCGCM_SRA1B_1_uas_2010-2039.nc</fileName>
            <variableName>latitude</variableName>
         </NetCDFExtract>
      </descriptor>
      <descriptor>
         <NetCDFExtract id="UHnrg0wF">
            <arraySize>2</arraySize>
            <fileName>/badc/ipcc-ddc/data/netcdf/ar4_v2/uas/MRCGCM_SRA1B_1_uas_2010-2039.nc</fileName>
            <variableName>bounds</variableName>
         </NetCDFExtract>
      </descriptor>
      <descriptor>
         <NetCDFExtract id="VScVdijm">
            <arraySize>128</arraySize>
            <fileName>/badc/ipcc-ddc/data/netcdf/ar4_v2/uas/MRCGCM_SRA1B_1_uas_2010-2039.nc</fileName>
            <variableName>longitude</variableName>
         </NetCDFExtract>
      </descriptor>
      <descriptor>
         <NetCDFExtract id="YKlF3mLx">
            <arraySize>12</arraySize>
            <fileName>/badc/ipcc-ddc/data/netcdf/ar4_v2/uas/MRCGCM_SRA1B_1_uas_2010-2039.nc</fileName>
            <variableName>time</variableName>
         </NetCDFExtract>
      </descriptor>
      <descriptor>
         <NetCDFExtract id="V6BjdlFF">
            <arraySize>64</arraySize>
            <fileName>/badc/ipcc-ddc/data/netcdf/ar4_v2/vas/MRCGCM_SRA1B_1_vas_2010-2039.nc</fileName>
            <variableName>latitude</variableName>
         </NetCDFExtract>
      </descriptor>
      <descriptor>
         <NetCDFExtract id="Ewi4ICgx">
            <arraySize>2</arraySize>
            <fileName>/badc/ipcc-ddc/data/netcdf/ar4_v2/vas/MRCGCM_SRA1B_1_vas_2010-2039.nc</fileName>
            <variableName>bounds</variableName>
         </NetCDFExtract>
      </descriptor>
      <descriptor>
         <NetCDFExtract id="DbTSTgT4">
            <arraySize>128</arraySize>
            <fileName>/badc/ipcc-ddc/data/netcdf/ar4_v2/vas/MRCGCM_SRA1B_1_vas_2010-2039.nc</fileName>
            <variableName>longitude</variableName>
         </NetCDFExtract>
      </descriptor>
      <descriptor>
         <NetCDFExtract id="WJTTCMOD">
            <arraySize>12</arraySize>
            <fileName>/badc/ipcc-ddc/data/netcdf/ar4_v2/vas/MRCGCM_SRA1B_1_vas_2010-2039.nc</fileName>
            <variableName>time</variableName>
         </NetCDFExtract>
      </descriptor>
      <descriptor>
         <AggregatedArray id="ObsiLSgr">
            <arraySize>98304</arraySize>
            <uom>1</uom>
            <aggType>new</aggType>
            <aggIndex>1</aggIndex>
            <component>
               <NetCDFExtract>
                  <arraySize>12  64  128</arraySize>
                  <fileList>
                     <FileList id="DcGrefog">
                        <fileNames>/badc/ipcc-ddc/data/netcdf/ar4_v2/huss/MRCGCM_SRA1B_1_huss_2010-2039.nc /badc/ipcc-ddc/data/netcdf/ar4_v2/huss/MRCGCM_SRA1B_1_huss_2040-2069.nc /badc/ipcc-ddc/data/netcdf/ar4_v2/huss/MRCGCM_SRA1B_1_huss_2070-2099.nc</fileNames>
                     </FileList>
                  </fileList>
                  <variableName>specific_humidity</variableName>
               </NetCDFExtract>
            </component>
         </AggregatedArray>
      </descriptor>
      <descriptor>
         <AggregatedArray id="RexuLsrG">
            <arraySize>98304</arraySize>
            <uom>kg.m-2.s-1</uom>
            <aggType>new</aggType>
            <aggIndex>1</aggIndex>
            <component>
               <NetCDFExtract>
                  <arraySize>12  64  128</arraySize>
                  <fileList>
                     <FileList id="CUnVG5bw">
                        <fileNames>/badc/ipcc-ddc/data/netcdf/ar4_v2/pr/MRCGCM_SRA1B_1_pr_2010-2039.nc /badc/ipcc-ddc/data/netcdf/ar4_v2/pr/MRCGCM_SRA1B_1_pr_2040-2069.nc /badc/ipcc-ddc/data/netcdf/ar4_v2/pr/MRCGCM_SRA1B_1_pr_2070-2099.nc</fileNames>
                     </FileList>
                  </fileList>
                  <variableName>precipitation_flux</variableName>
               </NetCDFExtract>
            </component>
         </AggregatedArray>
      </descriptor>
      <descriptor>
         <AggregatedArray id="YA2y02am">
            <arraySize>98304</arraySize>
            <uom>Pa</uom>
            <aggType>new</aggType>
            <aggIndex>1</aggIndex>
            <component>
               <NetCDFExtract>
                  <arraySize>12  64  128</arraySize>
                  <fileList>
                     <FileList id="RQS9wJK1">
                        <fileNames>/badc/ipcc-ddc/data/netcdf/ar4_v2/psl/MRCGCM_SRA1B_1_psl_2010-2039.nc /badc/ipcc-ddc/data/netcdf/ar4_v2/psl/MRCGCM_SRA1B_1_psl_2040-2069.nc /badc/ipcc-ddc/data/netcdf/ar4_v2/psl/MRCGCM_SRA1B_1_psl_2070-2099.nc</fileNames>
                     </FileList>
                  </fileList>
                  <variableName>air_pressure_at_sea_level</variableName>
               </NetCDFExtract>
            </component>
         </AggregatedArray>
      </descriptor>
      <descriptor>
         <AggregatedArray id="Dxb8s6QV">
            <arraySize>98304</arraySize>
            <uom>W.m-2</uom>
            <aggType>new</aggType>
            <aggIndex>1</aggIndex>
            <component>
               <NetCDFExtract>
                  <arraySize>12  64  128</arraySize>
                  <fileList>
                     <FileList id="RwopgDXp">
                        <fileNames>/badc/ipcc-ddc/data/netcdf/ar4_v2/rsds/MRCGCM_SRA1B_1_rsds_2010-2039.nc /badc/ipcc-ddc/data/netcdf/ar4_v2/rsds/MRCGCM_SRA1B_1_rsds_2040-2069.nc /badc/ipcc-ddc/data/netcdf/ar4_v2/rsds/MRCGCM_SRA1B_1_rsds_2070-2099.nc</fileNames>
                     </FileList>
                  </fileList>
                  <variableName>surface_downwelling_shortwave_flux_in_air</variableName>
               </NetCDFExtract>
            </component>
         </AggregatedArray>
      </descriptor>
      <descriptor>
         <AggregatedArray id="FbOuvXCY">
            <arraySize>98304</arraySize>
            <uom>K</uom>
            <aggType>new</aggType>
            <aggIndex>1</aggIndex>
            <component>
               <NetCDFExtract>
                  <arraySize>12  64  128</arraySize>
                  <fileList>
                     <FileList id="YJl0QaGV">
                        <fileNames>/badc/ipcc-ddc/data/netcdf/ar4_v2/tas/MRCGCM_SRA1B_1_tas_2010-2039.nc /badc/ipcc-ddc/data/netcdf/ar4_v2/tas/MRCGCM_SRA1B_1_tas_2040-2069.nc /badc/ipcc-ddc/data/netcdf/ar4_v2/tas/MRCGCM_SRA1B_1_tas_2070-2099.nc</fileNames>
                     </FileList>
                  </fileList>
                  <variableName>air_temperature</variableName>
               </NetCDFExtract>
            </component>
         </AggregatedArray>
      </descriptor>
      <descriptor>
         <AggregatedArray id="PZAu8OWz">
            <arraySize>98304</arraySize>
            <uom>m.s-1</uom>
            <aggType>new</aggType>
            <aggIndex>1</aggIndex>
            <component>
               <NetCDFExtract>
                  <arraySize>12  64  128</arraySize>
                  <fileList>
                     <FileList id="CsnFZ0An">
                        <fileNames>/badc/ipcc-ddc/data/netcdf/ar4_v2/uas/MRCGCM_SRA1B_1_uas_2010-2039.nc /badc/ipcc-ddc/data/netcdf/ar4_v2/uas/MRCGCM_SRA1B_1_uas_2040-2069.nc /badc/ipcc-ddc/data/netcdf/ar4_v2/uas/MRCGCM_SRA1B_1_uas_2070-2099.nc</fileNames>
                     </FileList>
                  </fileList>
                  <variableName>eastward_wind</variableName>
               </NetCDFExtract>
            </component>
         </AggregatedArray>
      </descriptor>
      <descriptor>
         <AggregatedArray id="LhgkLn5l">
            <arraySize>98304</arraySize>
            <uom>m.s-1</uom>
            <aggType>new</aggType>
            <aggIndex>1</aggIndex>
            <component>
               <NetCDFExtract>
                  <arraySize>12  64  128</arraySize>
                  <fileList>
                     <FileList id="B7U0C7tH">
                        <fileNames>/badc/ipcc-ddc/data/netcdf/ar4_v2/vas/MRCGCM_SRA1B_1_vas_2010-2039.nc /badc/ipcc-ddc/data/netcdf/ar4_v2/vas/MRCGCM_SRA1B_1_vas_2040-2069.nc /badc/ipcc-ddc/data/netcdf/ar4_v2/vas/MRCGCM_SRA1B_1_vas_2070-2099.nc</fileNames>
                     </FileList>
                  </fileList>
                  <variableName>northward_wind</variableName>
               </NetCDFExtract>
            </component>
         </AggregatedArray>
      </descriptor>
   </CSMLStorageDescriptor>
</Dataset>