<?xml version="1.0" encoding="UTF-8"?><Dataset xmlns="http://ndg.nerc.ac.uk/csml"  xmlns:gml="http://www.opengis.net/gml" xmlns:om="http://www.opengis.net/om" xmlns:swe="http://www.opengis.net/swe"  xmlns:xsi="http://www.w3.org/2001/XMLSchema-instance" xmlns:moles="http://ndg.nerc.ac.uk/moles"  xmlns:xlink="http://www.w3.org/1999/xlink" xsi:schemaLocation="http://ndg.nerc.ac.uk/csml/ schemas/csmlDataset.xsd" id="ar4_MPEH5_1PTO4X_change_20">
   <name>Scenario: 1PTO4X - Model: MPEH5 - 20 year mean anomaly</name>
   <AccessControlPolicy>
      <dgSecurityCondition>
         <moles:effect>allow</moles:effect>
         <moles:simpleCondition>
            <moles:dgAttributeAuthority>http://aa.ceda.rl.ac.uk/</moles:dgAttributeAuthority>
            <moles:attrauthRole>badc</moles:attrauthRole>
         </moles:simpleCondition>
      </dgSecurityCondition>
   </AccessControlPolicy>
   <CSMLFeatureCollection gml:id="ZQpSXYPf">
      <gml:metaDataProperty></gml:metaDataProperty>
      <gml:boundedBy>
         <gml:EnvelopeWithTimePeriod srsName="WGS84">
            <gml:lowerCorner>0.0 -89.5043449402</gml:lowerCorner>
            <gml:upperCorner>360.0 89.5043449402</gml:upperCorner>
            <gml:beginPosition>1950-01-16T00:00:00.0</gml:beginPosition>
            <gml:endPosition>2119-12-16T00:00:00.0</gml:endPosition>
         </gml:EnvelopeWithTimePeriod>
      </gml:boundedBy>
      <featureMember>
         <GridSeriesFeature gml:id="precipitation_flux_anomaly">
            <gml:description>missing description</gml:description>
            <gml:name>precipitation_flux_anomaly</gml:name>
            <gml:boundedBy>
               <gml:EnvelopeWithTimePeriod srsName="WGS84">
                  <gml:lowerCorner>0.0 -89.5043449402</gml:lowerCorner>
                  <gml:upperCorner>360.0 89.5043449402</gml:upperCorner>
                  <gml:beginPosition>1950-01-16T00:00:00.0</gml:beginPosition>
                  <gml:endPosition>2119-12-16T00:00:00.0</gml:endPosition>
               </gml:EnvelopeWithTimePeriod>
            </gml:boundedBy>
            <value>
               <GridSeriesCoverage gml:id="D2yP7R05">
                  <gridSeriesDomain>
                     <GridSeriesDomain srsName="ndg:crs:lonlatt" uomLabels="degree_east degree_north days_since_1941-01-01" gml:id="HbSTlVs1" axisLabels="longitude latitude time" dimension="3" srsDimension="3">
                        <limits>
                           <gml:GridEnvelope>
                              <gml:low>0 0 0</gml:low>
                              <gml:high>0 0 0</gml:high>
                           </gml:GridEnvelope>
                        </limits>
                        <axisLabels>time latitude longitude</axisLabels>
                        <coordTransformTable>
                           <GridCoordinatesTable>
                              <gridOrdinate>
                                 <GridOrdinateDescription>
                                    <coordAxisLabel>time</coordAxisLabel>
                                    <coordAxisValues>
                                       <SpatialOrTemporalPositionList gml:id="OQBAgwaV">
                                          <timePositionList frame="ndg:standard">1950-01-16T00:00:00.0 1950-02-16T00:00:00.0 1950-03-16T00:00:00.0 1950-04-16T00:00:00.0 1950-05-16T00:00:00.0 1950-06-16T00:00:00.0 1950-07-16T00:00:00.0 1950-08-16T00:00:00.0 1950-09-16T00:00:00.0 1950-10-16T00:00:00.0 1950-11-16T00:00:00.0 1950-12-16T00:00:00.0 1985-01-16T00:00:00.0 1985-02-16T00:00:00.0 1985-03-16T00:00:00.0 1985-04-16T00:00:00.0 1985-05-16T00:00:00.0 1985-06-16T00:00:00.0 1985-07-16T00:00:00.0 1985-08-16T00:00:00.0 1985-09-16T00:00:00.0 1985-10-16T00:00:00.0 1985-11-16T00:00:00.0 1985-12-16T00:00:00.0 2019-01-16T00:00:00.0 2019-02-16T00:00:00.0 2019-03-16T00:00:00.0 2019-04-16T00:00:00.0 2019-05-16T00:00:00.0 2019-06-16T00:00:00.0 2019-07-16T00:00:00.0 2019-08-16T00:00:00.0 2019-09-16T00:00:00.0 2019-10-16T00:00:00.0 2019-11-16T00:00:00.0 2019-12-16T00:00:00.0 2119-01-16T00:00:00.0 2119-02-16T00:00:00.0 2119-03-16T00:00:00.0 2119-04-16T00:00:00.0 2119-05-16T00:00:00.0 2119-06-16T00:00:00.0 2119-07-16T00:00:00.0 2119-08-16T00:00:00.0 2119-09-16T00:00:00.0 2119-10-16T00:00:00.0 2119-11-16T00:00:00.0 2119-12-16T00:00:00.0</timePositionList>
                                       </SpatialOrTemporalPositionList>
                                    </coordAxisValues>
                                    <gridAxesSpanned>time</gridAxesSpanned>
                                    <sequenceRule axisOrder="+1">Linear</sequenceRule>
                                 </GridOrdinateDescription>
                              </gridOrdinate>
                              <gridOrdinate>
                                 <GridOrdinateDescription>
                                    <coordAxisLabel>latitude</coordAxisLabel>
                                    <coordAxisValues xlink:href="#ZW2nTBlD" xlink:show="embed" xlink:arcrole="coordinateList" xlink:role="http://ndg.nerc.ac.uk/fileFormat/csmlStorageDescriptor">
                                       <SpatialOrTemporalPositionList gml:id="YytkICRd">
                                          <coordinateList></coordinateList>
                                       </SpatialOrTemporalPositionList>
                                    </coordAxisValues>
                                    <gridAxesSpanned>latitude</gridAxesSpanned>
                                    <sequenceRule axisOrder="+1">Linear</sequenceRule>
                                 </GridOrdinateDescription>
                              </gridOrdinate>
                              <gridOrdinate>
                                 <GridOrdinateDescription>
                                    <coordAxisLabel>longitude</coordAxisLabel>
                                    <coordAxisValues xlink:href="#GoAYEIwD" xlink:show="embed" xlink:arcrole="coordinateList" xlink:role="http://ndg.nerc.ac.uk/fileFormat/csmlStorageDescriptor">
                                       <SpatialOrTemporalPositionList gml:id="Pa8Z5miZ">
                                          <coordinateList></coordinateList>
                                       </SpatialOrTemporalPositionList>
                                    </coordAxisValues>
                                    <gridAxesSpanned>longitude</gridAxesSpanned>
                                    <sequenceRule axisOrder="+1">Linear</sequenceRule>
                                 </GridOrdinateDescription>
                              </gridOrdinate>
                           </GridCoordinatesTable>
                        </coordTransformTable>
                     </GridSeriesDomain>
                  </gridSeriesDomain>
                  <gml:rangeSet>
                     <gml:ValueArray gml:id="QWTLU8rB">
                        <gml:valueComponent xlink:href="#GBDY1LnD" xlink:show="embed" xlink:arcrole="QuantityList" xlink:role="http://ndg.nerc.ac.uk/fileFormat/csmlStorageDescriptor">
                           <gml:QuantityList uom="kg.m-2.s-1"></gml:QuantityList>
                        </gml:valueComponent>
                     </gml:ValueArray>
                  </gml:rangeSet>
               </GridSeriesCoverage>
            </value>
            <parameter xlink:href="http://cfconventions.org/standard_names/precipitation_flux_anomaly"></parameter>
         </GridSeriesFeature>
      </featureMember>
      <featureMember>
         <GridSeriesFeature gml:id="air_pressure_at_sea_level_anomaly">
            <gml:description>missing description</gml:description>
            <gml:name>air_pressure_at_sea_level_anomaly</gml:name>
            <gml:boundedBy>
               <gml:EnvelopeWithTimePeriod srsName="WGS84">
                  <gml:lowerCorner>0.0 -89.5043449402</gml:lowerCorner>
                  <gml:upperCorner>360.0 89.5043449402</gml:upperCorner>
                  <gml:beginPosition>1950-01-16T00:00:00.0</gml:beginPosition>
                  <gml:endPosition>2119-12-16T00:00:00.0</gml:endPosition>
               </gml:EnvelopeWithTimePeriod>
            </gml:boundedBy>
            <value>
               <GridSeriesCoverage gml:id="MsSpt1Fb">
                  <gridSeriesDomain>
                     <GridSeriesDomain srsName="ndg:crs:lonlatt" uomLabels="degree_east degree_north days_since_1941-01-01" gml:id="OyG3qij6" axisLabels="longitude latitude time" dimension="3" srsDimension="3">
                        <limits>
                           <gml:GridEnvelope>
                              <gml:low>0 0 0</gml:low>
                              <gml:high>0 0 0</gml:high>
                           </gml:GridEnvelope>
                        </limits>
                        <axisLabels>time latitude longitude</axisLabels>
                        <coordTransformTable>
                           <GridCoordinatesTable>
                              <gridOrdinate>
                                 <GridOrdinateDescription>
                                    <coordAxisLabel>time</coordAxisLabel>
                                    <coordAxisValues>
                                       <SpatialOrTemporalPositionList gml:id="MLrlqo8E">
                                          <timePositionList frame="ndg:standard">1950-01-16T00:00:00.0 1950-02-16T00:00:00.0 1950-03-16T00:00:00.0 1950-04-16T00:00:00.0 1950-05-16T00:00:00.0 1950-06-16T00:00:00.0 1950-07-16T00:00:00.0 1950-08-16T00:00:00.0 1950-09-16T00:00:00.0 1950-10-16T00:00:00.0 1950-11-16T00:00:00.0 1950-12-16T00:00:00.0 1985-01-16T00:00:00.0 1985-02-16T00:00:00.0 1985-03-16T00:00:00.0 1985-04-16T00:00:00.0 1985-05-16T00:00:00.0 1985-06-16T00:00:00.0 1985-07-16T00:00:00.0 1985-08-16T00:00:00.0 1985-09-16T00:00:00.0 1985-10-16T00:00:00.0 1985-11-16T00:00:00.0 1985-12-16T00:00:00.0 2019-01-16T00:00:00.0 2019-02-16T00:00:00.0 2019-03-16T00:00:00.0 2019-04-16T00:00:00.0 2019-05-16T00:00:00.0 2019-06-16T00:00:00.0 2019-07-16T00:00:00.0 2019-08-16T00:00:00.0 2019-09-16T00:00:00.0 2019-10-16T00:00:00.0 2019-11-16T00:00:00.0 2019-12-16T00:00:00.0 2119-01-16T00:00:00.0 2119-02-16T00:00:00.0 2119-03-16T00:00:00.0 2119-04-16T00:00:00.0 2119-05-16T00:00:00.0 2119-06-16T00:00:00.0 2119-07-16T00:00:00.0 2119-08-16T00:00:00.0 2119-09-16T00:00:00.0 2119-10-16T00:00:00.0 2119-11-16T00:00:00.0 2119-12-16T00:00:00.0</timePositionList>
                                       </SpatialOrTemporalPositionList>
                                    </coordAxisValues>
                                    <gridAxesSpanned>time</gridAxesSpanned>
                                    <sequenceRule axisOrder="+1">Linear</sequenceRule>
                                 </GridOrdinateDescription>
                              </gridOrdinate>
                              <gridOrdinate>
                                 <GridOrdinateDescription>
                                    <coordAxisLabel>latitude</coordAxisLabel>
                                    <coordAxisValues xlink:href="#V8sZPZuw" xlink:show="embed" xlink:arcrole="coordinateList" xlink:role="http://ndg.nerc.ac.uk/fileFormat/csmlStorageDescriptor">
                                       <SpatialOrTemporalPositionList gml:id="EtBobBnO">
                                          <coordinateList></coordinateList>
                                       </SpatialOrTemporalPositionList>
                                    </coordAxisValues>
                                    <gridAxesSpanned>latitude</gridAxesSpanned>
                                    <sequenceRule axisOrder="+1">Linear</sequenceRule>
                                 </GridOrdinateDescription>
                              </gridOrdinate>
                              <gridOrdinate>
                                 <GridOrdinateDescription>
                                    <coordAxisLabel>longitude</coordAxisLabel>
                                    <coordAxisValues xlink:href="#MA8HreHq" xlink:show="embed" xlink:arcrole="coordinateList" xlink:role="http://ndg.nerc.ac.uk/fileFormat/csmlStorageDescriptor">
                                       <SpatialOrTemporalPositionList gml:id="KXZbrALg">
                                          <coordinateList></coordinateList>
                                       </SpatialOrTemporalPositionList>
                                    </coordAxisValues>
                                    <gridAxesSpanned>longitude</gridAxesSpanned>
                                    <sequenceRule axisOrder="+1">Linear</sequenceRule>
                                 </GridOrdinateDescription>
                              </gridOrdinate>
                           </GridCoordinatesTable>
                        </coordTransformTable>
                     </GridSeriesDomain>
                  </gridSeriesDomain>
                  <gml:rangeSet>
                     <gml:ValueArray gml:id="NxOgX8a3">
                        <gml:valueComponent xlink:href="#T0AUpM5c" xlink:show="embed" xlink:arcrole="QuantityList" xlink:role="http://ndg.nerc.ac.uk/fileFormat/csmlStorageDescriptor">
                           <gml:QuantityList uom="Pa"></gml:QuantityList>
                        </gml:valueComponent>
                     </gml:ValueArray>
                  </gml:rangeSet>
               </GridSeriesCoverage>
            </value>
            <parameter xlink:href="http://cfconventions.org/standard_names/air_pressure_at_sea_level_anomaly"></parameter>
         </GridSeriesFeature>
      </featureMember>
      <featureMember>
         <GridSeriesFeature gml:id="surface_downwelling_shortwave_flux_in_air_anomaly">
            <gml:description>missing description</gml:description>
            <gml:name>surface_downwelling_shortwave_flux_in_air_anomaly</gml:name>
            <gml:boundedBy>
               <gml:EnvelopeWithTimePeriod srsName="WGS84">
                  <gml:lowerCorner>0.0 -89.5043449402</gml:lowerCorner>
                  <gml:upperCorner>360.0 89.5043449402</gml:upperCorner>
                  <gml:beginPosition>1950-01-16T00:00:00.0</gml:beginPosition>
                  <gml:endPosition>2119-12-16T00:00:00.0</gml:endPosition>
               </gml:EnvelopeWithTimePeriod>
            </gml:boundedBy>
            <value>
               <GridSeriesCoverage gml:id="HX44w3mv">
                  <gridSeriesDomain>
                     <GridSeriesDomain srsName="ndg:crs:lonlatt" uomLabels="degree_east degree_north days_since_1941-01-01" gml:id="Hdok4ub1" axisLabels="longitude latitude time" dimension="3" srsDimension="3">
                        <limits>
                           <gml:GridEnvelope>
                              <gml:low>0 0 0</gml:low>
                              <gml:high>0 0 0</gml:high>
                           </gml:GridEnvelope>
                        </limits>
                        <axisLabels>time latitude longitude</axisLabels>
                        <coordTransformTable>
                           <GridCoordinatesTable>
                              <gridOrdinate>
                                 <GridOrdinateDescription>
                                    <coordAxisLabel>time</coordAxisLabel>
                                    <coordAxisValues>
                                       <SpatialOrTemporalPositionList gml:id="C5iQUkCg">
                                          <timePositionList frame="ndg:standard">1950-01-16T00:00:00.0 1950-02-16T00:00:00.0 1950-03-16T00:00:00.0 1950-04-16T00:00:00.0 1950-05-16T00:00:00.0 1950-06-16T00:00:00.0 1950-07-16T00:00:00.0 1950-08-16T00:00:00.0 1950-09-16T00:00:00.0 1950-10-16T00:00:00.0 1950-11-16T00:00:00.0 1950-12-16T00:00:00.0 1985-01-16T00:00:00.0 1985-02-16T00:00:00.0 1985-03-16T00:00:00.0 1985-04-16T00:00:00.0 1985-05-16T00:00:00.0 1985-06-16T00:00:00.0 1985-07-16T00:00:00.0 1985-08-16T00:00:00.0 1985-09-16T00:00:00.0 1985-10-16T00:00:00.0 1985-11-16T00:00:00.0 1985-12-16T00:00:00.0 2019-01-16T00:00:00.0 2019-02-16T00:00:00.0 2019-03-16T00:00:00.0 2019-04-16T00:00:00.0 2019-05-16T00:00:00.0 2019-06-16T00:00:00.0 2019-07-16T00:00:00.0 2019-08-16T00:00:00.0 2019-09-16T00:00:00.0 2019-10-16T00:00:00.0 2019-11-16T00:00:00.0 2019-12-16T00:00:00.0 2119-01-16T00:00:00.0 2119-02-16T00:00:00.0 2119-03-16T00:00:00.0 2119-04-16T00:00:00.0 2119-05-16T00:00:00.0 2119-06-16T00:00:00.0 2119-07-16T00:00:00.0 2119-08-16T00:00:00.0 2119-09-16T00:00:00.0 2119-10-16T00:00:00.0 2119-11-16T00:00:00.0 2119-12-16T00:00:00.0</timePositionList>
                                       </SpatialOrTemporalPositionList>
                                    </coordAxisValues>
                                    <gridAxesSpanned>time</gridAxesSpanned>
                                    <sequenceRule axisOrder="+1">Linear</sequenceRule>
                                 </GridOrdinateDescription>
                              </gridOrdinate>
                              <gridOrdinate>
                                 <GridOrdinateDescription>
                                    <coordAxisLabel>latitude</coordAxisLabel>
                                    <coordAxisValues xlink:href="#PZEbzulh" xlink:show="embed" xlink:arcrole="coordinateList" xlink:role="http://ndg.nerc.ac.uk/fileFormat/csmlStorageDescriptor">
                                       <SpatialOrTemporalPositionList gml:id="S4pzLMNi">
                                          <coordinateList></coordinateList>
                                       </SpatialOrTemporalPositionList>
                                    </coordAxisValues>
                                    <gridAxesSpanned>latitude</gridAxesSpanned>
                                    <sequenceRule axisOrder="+1">Linear</sequenceRule>
                                 </GridOrdinateDescription>
                              </gridOrdinate>
                              <gridOrdinate>
                                 <GridOrdinateDescription>
                                    <coordAxisLabel>longitude</coordAxisLabel>
                                    <coordAxisValues xlink:href="#CxPKxr47" xlink:show="embed" xlink:arcrole="coordinateList" xlink:role="http://ndg.nerc.ac.uk/fileFormat/csmlStorageDescriptor">
                                       <SpatialOrTemporalPositionList gml:id="WV9zWohd">
                                          <coordinateList></coordinateList>
                                       </SpatialOrTemporalPositionList>
                                    </coordAxisValues>
                                    <gridAxesSpanned>longitude</gridAxesSpanned>
                                    <sequenceRule axisOrder="+1">Linear</sequenceRule>
                                 </GridOrdinateDescription>
                              </gridOrdinate>
                           </GridCoordinatesTable>
                        </coordTransformTable>
                     </GridSeriesDomain>
                  </gridSeriesDomain>
                  <gml:rangeSet>
                     <gml:ValueArray gml:id="XpWfxpsq">
                        <gml:valueComponent xlink:href="#MYmMYjml" xlink:show="embed" xlink:arcrole="QuantityList" xlink:role="http://ndg.nerc.ac.uk/fileFormat/csmlStorageDescriptor">
                           <gml:QuantityList uom="W.m-2"></gml:QuantityList>
                        </gml:valueComponent>
                     </gml:ValueArray>
                  </gml:rangeSet>
               </GridSeriesCoverage>
            </value>
            <parameter xlink:href="http://cfconventions.org/standard_names/surface_downwelling_shortwave_flux_in_air_anomaly"></parameter>
         </GridSeriesFeature>
      </featureMember>
      <featureMember>
         <GridSeriesFeature gml:id="air_temperature_anomaly">
            <gml:description>missing description</gml:description>
            <gml:name>air_temperature_anomaly</gml:name>
            <gml:boundedBy>
               <gml:EnvelopeWithTimePeriod srsName="WGS84">
                  <gml:lowerCorner>0.0 -89.5043449402</gml:lowerCorner>
                  <gml:upperCorner>360.0 89.5043449402</gml:upperCorner>
                  <gml:beginPosition>1950-01-16T00:00:00.0</gml:beginPosition>
                  <gml:endPosition>2119-12-16T00:00:00.0</gml:endPosition>
               </gml:EnvelopeWithTimePeriod>
            </gml:boundedBy>
            <value>
               <GridSeriesCoverage gml:id="AHsi4xJ8">
                  <gridSeriesDomain>
                     <GridSeriesDomain srsName="ndg:crs:lonlatt" uomLabels="degree_east degree_north days_since_1941-01-01" gml:id="AtatWvoE" axisLabels="longitude latitude time" dimension="3" srsDimension="3">
                        <limits>
                           <gml:GridEnvelope>
                              <gml:low>0 0 0</gml:low>
                              <gml:high>0 0 0</gml:high>
                           </gml:GridEnvelope>
                        </limits>
                        <axisLabels>time latitude longitude</axisLabels>
                        <coordTransformTable>
                           <GridCoordinatesTable>
                              <gridOrdinate>
                                 <GridOrdinateDescription>
                                    <coordAxisLabel>time</coordAxisLabel>
                                    <coordAxisValues>
                                       <SpatialOrTemporalPositionList gml:id="H38GTaGR">
                                          <timePositionList frame="ndg:standard">1950-01-16T00:00:00.0 1950-02-16T00:00:00.0 1950-03-16T00:00:00.0 1950-04-16T00:00:00.0 1950-05-16T00:00:00.0 1950-06-16T00:00:00.0 1950-07-16T00:00:00.0 1950-08-16T00:00:00.0 1950-09-16T00:00:00.0 1950-10-16T00:00:00.0 1950-11-16T00:00:00.0 1950-12-16T00:00:00.0 1985-01-16T00:00:00.0 1985-02-16T00:00:00.0 1985-03-16T00:00:00.0 1985-04-16T00:00:00.0 1985-05-16T00:00:00.0 1985-06-16T00:00:00.0 1985-07-16T00:00:00.0 1985-08-16T00:00:00.0 1985-09-16T00:00:00.0 1985-10-16T00:00:00.0 1985-11-16T00:00:00.0 1985-12-16T00:00:00.0 2019-01-16T00:00:00.0 2019-02-16T00:00:00.0 2019-03-16T00:00:00.0 2019-04-16T00:00:00.0 2019-05-16T00:00:00.0 2019-06-16T00:00:00.0 2019-07-16T00:00:00.0 2019-08-16T00:00:00.0 2019-09-16T00:00:00.0 2019-10-16T00:00:00.0 2019-11-16T00:00:00.0 2019-12-16T00:00:00.0 2119-01-16T00:00:00.0 2119-02-16T00:00:00.0 2119-03-16T00:00:00.0 2119-04-16T00:00:00.0 2119-05-16T00:00:00.0 2119-06-16T00:00:00.0 2119-07-16T00:00:00.0 2119-08-16T00:00:00.0 2119-09-16T00:00:00.0 2119-10-16T00:00:00.0 2119-11-16T00:00:00.0 2119-12-16T00:00:00.0</timePositionList>
                                       </SpatialOrTemporalPositionList>
                                    </coordAxisValues>
                                    <gridAxesSpanned>time</gridAxesSpanned>
                                    <sequenceRule axisOrder="+1">Linear</sequenceRule>
                                 </GridOrdinateDescription>
                              </gridOrdinate>
                              <gridOrdinate>
                                 <GridOrdinateDescription>
                                    <coordAxisLabel>latitude</coordAxisLabel>
                                    <coordAxisValues xlink:href="#XE4ddxOh" xlink:show="embed" xlink:arcrole="coordinateList" xlink:role="http://ndg.nerc.ac.uk/fileFormat/csmlStorageDescriptor">
                                       <SpatialOrTemporalPositionList gml:id="YCdkFyUf">
                                          <coordinateList></coordinateList>
                                       </SpatialOrTemporalPositionList>
                                    </coordAxisValues>
                                    <gridAxesSpanned>latitude</gridAxesSpanned>
                                    <sequenceRule axisOrder="+1">Linear</sequenceRule>
                                 </GridOrdinateDescription>
                              </gridOrdinate>
                              <gridOrdinate>
                                 <GridOrdinateDescription>
                                    <coordAxisLabel>longitude</coordAxisLabel>
                                    <coordAxisValues xlink:href="#AmqfLdU0" xlink:show="embed" xlink:arcrole="coordinateList" xlink:role="http://ndg.nerc.ac.uk/fileFormat/csmlStorageDescriptor">
                                       <SpatialOrTemporalPositionList gml:id="G61zSGca">
                                          <coordinateList></coordinateList>
                                       </SpatialOrTemporalPositionList>
                                    </coordAxisValues>
                                    <gridAxesSpanned>longitude</gridAxesSpanned>
                                    <sequenceRule axisOrder="+1">Linear</sequenceRule>
                                 </GridOrdinateDescription>
                              </gridOrdinate>
                           </GridCoordinatesTable>
                        </coordTransformTable>
                     </GridSeriesDomain>
                  </gridSeriesDomain>
                  <gml:rangeSet>
                     <gml:ValueArray gml:id="Jvsde9cs">
                        <gml:valueComponent xlink:href="#CJ7DEcTc" xlink:show="embed" xlink:arcrole="QuantityList" xlink:role="http://ndg.nerc.ac.uk/fileFormat/csmlStorageDescriptor">
                           <gml:QuantityList uom="K"></gml:QuantityList>
                        </gml:valueComponent>
                     </gml:ValueArray>
                  </gml:rangeSet>
               </GridSeriesCoverage>
            </value>
            <parameter xlink:href="http://cfconventions.org/standard_names/air_temperature_anomaly"></parameter>
         </GridSeriesFeature>
      </featureMember>
   </CSMLFeatureCollection>
   <CSMLStorageDescriptor>
      <descriptor>
         <NetCDFExtract id="ZW2nTBlD">
            <arraySize>96</arraySize>
            <fileName>/badc/ipcc-ddc/data/netcdf/ar4_v2/pr/MPEH5_1PTO4X_1_pr-change_o0011-0030.nc</fileName>
            <variableName>latitude</variableName>
         </NetCDFExtract>
      </descriptor>
      <descriptor>
         <NetCDFExtract id="TPCfs0NA">
            <arraySize>2</arraySize>
            <fileName>/badc/ipcc-ddc/data/netcdf/ar4_v2/pr/MPEH5_1PTO4X_1_pr-change_o0011-0030.nc</fileName>
            <variableName>bounds</variableName>
         </NetCDFExtract>
      </descriptor>
      <descriptor>
         <NetCDFExtract id="GoAYEIwD">
            <arraySize>192</arraySize>
            <fileName>/badc/ipcc-ddc/data/netcdf/ar4_v2/pr/MPEH5_1PTO4X_1_pr-change_o0011-0030.nc</fileName>
            <variableName>longitude</variableName>
         </NetCDFExtract>
      </descriptor>
      <descriptor>
         <NetCDFExtract id="Sw32xtHC">
            <arraySize>12</arraySize>
            <fileName>/badc/ipcc-ddc/data/netcdf/ar4_v2/pr/MPEH5_1PTO4X_1_pr-change_o0011-0030.nc</fileName>
            <variableName>time</variableName>
         </NetCDFExtract>
      </descriptor>
      <descriptor>
         <NetCDFExtract id="V8sZPZuw">
            <arraySize>96</arraySize>
            <fileName>/badc/ipcc-ddc/data/netcdf/ar4_v2/psl/MPEH5_1PTO4X_1_psl-change_o0011-0030.nc</fileName>
            <variableName>latitude</variableName>
         </NetCDFExtract>
      </descriptor>
      <descriptor>
         <NetCDFExtract id="RlogAg8a">
            <arraySize>2</arraySize>
            <fileName>/badc/ipcc-ddc/data/netcdf/ar4_v2/psl/MPEH5_1PTO4X_1_psl-change_o0011-0030.nc</fileName>
            <variableName>bounds</variableName>
         </NetCDFExtract>
      </descriptor>
      <descriptor>
         <NetCDFExtract id="MA8HreHq">
            <arraySize>192</arraySize>
            <fileName>/badc/ipcc-ddc/data/netcdf/ar4_v2/psl/MPEH5_1PTO4X_1_psl-change_o0011-0030.nc</fileName>
            <variableName>longitude</variableName>
         </NetCDFExtract>
      </descriptor>
      <descriptor>
         <NetCDFExtract id="NYe8Djiw">
            <arraySize>12</arraySize>
            <fileName>/badc/ipcc-ddc/data/netcdf/ar4_v2/psl/MPEH5_1PTO4X_1_psl-change_o0011-0030.nc</fileName>
            <variableName>time</variableName>
         </NetCDFExtract>
      </descriptor>
      <descriptor>
         <NetCDFExtract id="PZEbzulh">
            <arraySize>96</arraySize>
            <fileName>/badc/ipcc-ddc/data/netcdf/ar4_v2/rsds/MPEH5_1PTO4X_1_rsds-change_o0011-0030.nc</fileName>
            <variableName>latitude</variableName>
         </NetCDFExtract>
      </descriptor>
      <descriptor>
         <NetCDFExtract id="XmXNsa36">
            <arraySize>2</arraySize>
            <fileName>/badc/ipcc-ddc/data/netcdf/ar4_v2/rsds/MPEH5_1PTO4X_1_rsds-change_o0011-0030.nc</fileName>
            <variableName>bounds</variableName>
         </NetCDFExtract>
      </descriptor>
      <descriptor>
         <NetCDFExtract id="CxPKxr47">
            <arraySize>192</arraySize>
            <fileName>/badc/ipcc-ddc/data/netcdf/ar4_v2/rsds/MPEH5_1PTO4X_1_rsds-change_o0011-0030.nc</fileName>
            <variableName>longitude</variableName>
         </NetCDFExtract>
      </descriptor>
      <descriptor>
         <NetCDFExtract id="IlromgSX">
            <arraySize>12</arraySize>
            <fileName>/badc/ipcc-ddc/data/netcdf/ar4_v2/rsds/MPEH5_1PTO4X_1_rsds-change_o0011-0030.nc</fileName>
            <variableName>time</variableName>
         </NetCDFExtract>
      </descriptor>
      <descriptor>
         <NetCDFExtract id="XE4ddxOh">
            <arraySize>96</arraySize>
            <fileName>/badc/ipcc-ddc/data/netcdf/ar4_v2/tas/MPEH5_1PTO4X_1_tas-change_o0011-0030.nc</fileName>
            <variableName>latitude</variableName>
         </NetCDFExtract>
      </descriptor>
      <descriptor>
         <NetCDFExtract id="KgNh7Z1u">
            <arraySize>2</arraySize>
            <fileName>/badc/ipcc-ddc/data/netcdf/ar4_v2/tas/MPEH5_1PTO4X_1_tas-change_o0011-0030.nc</fileName>
            <variableName>bounds</variableName>
         </NetCDFExtract>
      </descriptor>
      <descriptor>
         <NetCDFExtract id="AmqfLdU0">
            <arraySize>192</arraySize>
            <fileName>/badc/ipcc-ddc/data/netcdf/ar4_v2/tas/MPEH5_1PTO4X_1_tas-change_o0011-0030.nc</fileName>
            <variableName>longitude</variableName>
         </NetCDFExtract>
      </descriptor>
      <descriptor>
         <NetCDFExtract id="OluJsu9S">
            <arraySize>12</arraySize>
            <fileName>/badc/ipcc-ddc/data/netcdf/ar4_v2/tas/MPEH5_1PTO4X_1_tas-change_o0011-0030.nc</fileName>
            <variableName>time</variableName>
         </NetCDFExtract>
      </descriptor>
      <descriptor>
         <AggregatedArray id="GBDY1LnD">
            <arraySize>221184</arraySize>
            <uom>kg.m-2.s-1</uom>
            <aggType>new</aggType>
            <aggIndex>1</aggIndex>
            <component>
               <NetCDFExtract>
                  <arraySize>12  96  192</arraySize>
                  <fileList>
                     <FileList id="BSqYzbbo">
                        <fileNames>/badc/ipcc-ddc/data/netcdf/ar4_v2/pr/MPEH5_1PTO4X_1_pr-change_o0011-0030.nc /badc/ipcc-ddc/data/netcdf/ar4_v2/pr/MPEH5_1PTO4X_1_pr-change_o0046-0065.nc /badc/ipcc-ddc/data/netcdf/ar4_v2/pr/MPEH5_1PTO4X_1_pr-change_o0080-0099.nc /badc/ipcc-ddc/data/netcdf/ar4_v2/pr/MPEH5_1PTO4X_1_pr-change_o0180-0199.nc</fileNames>
                     </FileList>
                  </fileList>
                  <variableName>precipitation_flux_anomaly</variableName>
               </NetCDFExtract>
            </component>
         </AggregatedArray>
      </descriptor>
      <descriptor>
         <AggregatedArray id="T0AUpM5c">
            <arraySize>221184</arraySize>
            <uom>Pa</uom>
            <aggType>new</aggType>
            <aggIndex>1</aggIndex>
            <component>
               <NetCDFExtract>
                  <arraySize>12  96  192</arraySize>
                  <fileList>
                     <FileList id="RAOzI9OD">
                        <fileNames>/badc/ipcc-ddc/data/netcdf/ar4_v2/psl/MPEH5_1PTO4X_1_psl-change_o0011-0030.nc /badc/ipcc-ddc/data/netcdf/ar4_v2/psl/MPEH5_1PTO4X_1_psl-change_o0046-0065.nc /badc/ipcc-ddc/data/netcdf/ar4_v2/psl/MPEH5_1PTO4X_1_psl-change_o0080-0099.nc /badc/ipcc-ddc/data/netcdf/ar4_v2/psl/MPEH5_1PTO4X_1_psl-change_o0180-0199.nc</fileNames>
                     </FileList>
                  </fileList>
                  <variableName>air_pressure_at_sea_level_anomaly</variableName>
               </NetCDFExtract>
            </component>
         </AggregatedArray>
      </descriptor>
      <descriptor>
         <AggregatedArray id="MYmMYjml">
            <arraySize>221184</arraySize>
            <uom>W.m-2</uom>
            <aggType>new</aggType>
            <aggIndex>1</aggIndex>
            <component>
               <NetCDFExtract>
                  <arraySize>12  96  192</arraySize>
                  <fileList>
                     <FileList id="MDDN4fpm">
                        <fileNames>/badc/ipcc-ddc/data/netcdf/ar4_v2/rsds/MPEH5_1PTO4X_1_rsds-change_o0011-0030.nc /badc/ipcc-ddc/data/netcdf/ar4_v2/rsds/MPEH5_1PTO4X_1_rsds-change_o0046-0065.nc /badc/ipcc-ddc/data/netcdf/ar4_v2/rsds/MPEH5_1PTO4X_1_rsds-change_o0080-0099.nc /badc/ipcc-ddc/data/netcdf/ar4_v2/rsds/MPEH5_1PTO4X_1_rsds-change_o0180-0199.nc</fileNames>
                     </FileList>
                  </fileList>
                  <variableName>surface_downwelling_shortwave_flux_in_air_anomaly</variableName>
               </NetCDFExtract>
            </component>
         </AggregatedArray>
      </descriptor>
      <descriptor>
         <AggregatedArray id="CJ7DEcTc">
            <arraySize>221184</arraySize>
            <uom>K</uom>
            <aggType>new</aggType>
            <aggIndex>1</aggIndex>
            <component>
               <NetCDFExtract>
                  <arraySize>12  96  192</arraySize>
                  <fileList>
                     <FileList id="TQMScB7A">
                        <fileNames>/badc/ipcc-ddc/data/netcdf/ar4_v2/tas/MPEH5_1PTO4X_1_tas-change_o0011-0030.nc /badc/ipcc-ddc/data/netcdf/ar4_v2/tas/MPEH5_1PTO4X_1_tas-change_o0046-0065.nc /badc/ipcc-ddc/data/netcdf/ar4_v2/tas/MPEH5_1PTO4X_1_tas-change_o0080-0099.nc /badc/ipcc-ddc/data/netcdf/ar4_v2/tas/MPEH5_1PTO4X_1_tas-change_o0180-0199.nc</fileNames>
                     </FileList>
                  </fileList>
                  <variableName>air_temperature_anomaly</variableName>
               </NetCDFExtract>
            </component>
         </AggregatedArray>
      </descriptor>
   </CSMLStorageDescriptor>
</Dataset>