<?xml version="1.0" encoding="UTF-8"?><Dataset xmlns="http://ndg.nerc.ac.uk/csml"  xmlns:gml="http://www.opengis.net/gml" xmlns:om="http://www.opengis.net/om" xmlns:swe="http://www.opengis.net/swe"  xmlns:xsi="http://www.w3.org/2001/XMLSchema-instance" xmlns:moles="http://ndg.nerc.ac.uk/moles"  xmlns:xlink="http://www.w3.org/1999/xlink" xsi:schemaLocation="http://ndg.nerc.ac.uk/csml/ schemas/csmlDataset.xsd" id="ar4_MPEH5_COMMIT_clim_30">
   <name>Scenario: COMMIT - Model: MPEH5 - 30 year mean climatology</name>
   <AccessControlPolicy>
      <dgSecurityCondition>
         <moles:effect>allow</moles:effect>
         <moles:simpleCondition>
            <moles:dgAttributeAuthority>http://aa.ceda.rl.ac.uk/</moles:dgAttributeAuthority>
            <moles:attrauthRole>badc</moles:attrauthRole>
         </moles:simpleCondition>
      </dgSecurityCondition>
   </AccessControlPolicy>
   <CSMLFeatureCollection gml:id="OyaOKRaL">
      <gml:metaDataProperty></gml:metaDataProperty>
      <gml:boundedBy>
         <gml:EnvelopeWithTimePeriod srsName="WGS84">
            <gml:lowerCorner>0.0 -89.5043449402</gml:lowerCorner>
            <gml:upperCorner>360.0 89.5043449402</gml:upperCorner>
            <gml:beginPosition>2024-01-16T00:00:00.0</gml:beginPosition>
            <gml:endPosition>2084-12-16T00:00:00.0</gml:endPosition>
         </gml:EnvelopeWithTimePeriod>
      </gml:boundedBy>
      <featureMember>
         <GridSeriesFeature gml:id="precipitation_flux">
            <gml:description>missing description</gml:description>
            <gml:name>precipitation_flux</gml:name>
            <gml:boundedBy>
               <gml:EnvelopeWithTimePeriod srsName="WGS84">
                  <gml:lowerCorner>0.0 -89.5043449402</gml:lowerCorner>
                  <gml:upperCorner>360.0 89.5043449402</gml:upperCorner>
                  <gml:beginPosition>2024-01-16T00:00:00.0</gml:beginPosition>
                  <gml:endPosition>2084-12-16T00:00:00.0</gml:endPosition>
               </gml:EnvelopeWithTimePeriod>
            </gml:boundedBy>
            <value>
               <GridSeriesCoverage gml:id="Pc84dHwm">
                  <gridSeriesDomain>
                     <GridSeriesDomain srsName="ndg:crs:lonlatt" uomLabels="degree_east degree_north days_since_2010-01-01" gml:id="TMUGuCxU" axisLabels="longitude latitude time" dimension="3" srsDimension="3">
                        <limits>
                           <gml:GridEnvelope>
                              <gml:low>0 0 0</gml:low>
                              <gml:high>0 0 0</gml:high>
                           </gml:GridEnvelope>
                        </limits>
                        <axisLabels>time latitude longitude</axisLabels>
                        <coordTransformTable>
                           <GridCoordinatesTable>
                              <gridOrdinate>
                                 <GridOrdinateDescription>
                                    <coordAxisLabel>time</coordAxisLabel>
                                    <coordAxisValues>
                                       <SpatialOrTemporalPositionList gml:id="FhCCtkBR">
                                          <timePositionList frame="ndg:standard">2024-01-16T00:00:00.0 2024-02-16T00:00:00.0 2024-03-16T00:00:00.0 2024-04-16T00:00:00.0 2024-05-16T00:00:00.0 2024-06-16T00:00:00.0 2024-07-16T00:00:00.0 2024-08-16T00:00:00.0 2024-09-16T00:00:00.0 2024-10-16T00:00:00.0 2024-11-16T00:00:00.0 2024-12-16T00:00:00.0 2054-01-16T00:00:00.0 2054-02-16T00:00:00.0 2054-03-16T00:00:00.0 2054-04-16T00:00:00.0 2054-05-16T00:00:00.0 2054-06-16T00:00:00.0 2054-07-16T00:00:00.0 2054-08-16T00:00:00.0 2054-09-16T00:00:00.0 2054-10-16T00:00:00.0 2054-11-16T00:00:00.0 2054-12-16T00:00:00.0 2084-01-16T00:00:00.0 2084-02-16T00:00:00.0 2084-03-16T00:00:00.0 2084-04-16T00:00:00.0 2084-05-16T00:00:00.0 2084-06-16T00:00:00.0 2084-07-16T00:00:00.0 2084-08-16T00:00:00.0 2084-09-16T00:00:00.0 2084-10-16T00:00:00.0 2084-11-16T00:00:00.0 2084-12-16T00:00:00.0</timePositionList>
                                       </SpatialOrTemporalPositionList>
                                    </coordAxisValues>
                                    <gridAxesSpanned>time</gridAxesSpanned>
                                    <sequenceRule axisOrder="+1">Linear</sequenceRule>
                                 </GridOrdinateDescription>
                              </gridOrdinate>
                              <gridOrdinate>
                                 <GridOrdinateDescription>
                                    <coordAxisLabel>latitude</coordAxisLabel>
                                    <coordAxisValues xlink:href="#KElVWVpW" xlink:show="embed" xlink:arcrole="coordinateList" xlink:role="http://ndg.nerc.ac.uk/fileFormat/csmlStorageDescriptor">
                                       <SpatialOrTemporalPositionList gml:id="ZfZvsWPN">
                                          <coordinateList></coordinateList>
                                       </SpatialOrTemporalPositionList>
                                    </coordAxisValues>
                                    <gridAxesSpanned>latitude</gridAxesSpanned>
                                    <sequenceRule axisOrder="+1">Linear</sequenceRule>
                                 </GridOrdinateDescription>
                              </gridOrdinate>
                              <gridOrdinate>
                                 <GridOrdinateDescription>
                                    <coordAxisLabel>longitude</coordAxisLabel>
                                    <coordAxisValues xlink:href="#ES6t4IlO" xlink:show="embed" xlink:arcrole="coordinateList" xlink:role="http://ndg.nerc.ac.uk/fileFormat/csmlStorageDescriptor">
                                       <SpatialOrTemporalPositionList gml:id="YDNhTFS9">
                                          <coordinateList></coordinateList>
                                       </SpatialOrTemporalPositionList>
                                    </coordAxisValues>
                                    <gridAxesSpanned>longitude</gridAxesSpanned>
                                    <sequenceRule axisOrder="+1">Linear</sequenceRule>
                                 </GridOrdinateDescription>
                              </gridOrdinate>
                           </GridCoordinatesTable>
                        </coordTransformTable>
                     </GridSeriesDomain>
                  </gridSeriesDomain>
                  <gml:rangeSet>
                     <gml:ValueArray gml:id="XetYTzCf">
                        <gml:valueComponent xlink:href="#JGtQwhYO" xlink:show="embed" xlink:arcrole="QuantityList" xlink:role="http://ndg.nerc.ac.uk/fileFormat/csmlStorageDescriptor">
                           <gml:QuantityList uom="kg.m-2.s-1"></gml:QuantityList>
                        </gml:valueComponent>
                     </gml:ValueArray>
                  </gml:rangeSet>
               </GridSeriesCoverage>
            </value>
            <parameter xlink:href="http://cfconventions.org/standard_names/precipitation_flux"></parameter>
         </GridSeriesFeature>
      </featureMember>
      <featureMember>
         <GridSeriesFeature gml:id="air_pressure_at_sea_level">
            <gml:description>missing description</gml:description>
            <gml:name>air_pressure_at_sea_level</gml:name>
            <gml:boundedBy>
               <gml:EnvelopeWithTimePeriod srsName="WGS84">
                  <gml:lowerCorner>0.0 -89.5043449402</gml:lowerCorner>
                  <gml:upperCorner>360.0 89.5043449402</gml:upperCorner>
                  <gml:beginPosition>2024-01-16T00:00:00.0</gml:beginPosition>
                  <gml:endPosition>2084-12-16T00:00:00.0</gml:endPosition>
               </gml:EnvelopeWithTimePeriod>
            </gml:boundedBy>
            <value>
               <GridSeriesCoverage gml:id="CiXLvPxx">
                  <gridSeriesDomain>
                     <GridSeriesDomain srsName="ndg:crs:lonlatt" uomLabels="degree_east degree_north days_since_2010-01-01" gml:id="X8QuAKwD" axisLabels="longitude latitude time" dimension="3" srsDimension="3">
                        <limits>
                           <gml:GridEnvelope>
                              <gml:low>0 0 0</gml:low>
                              <gml:high>0 0 0</gml:high>
                           </gml:GridEnvelope>
                        </limits>
                        <axisLabels>time latitude longitude</axisLabels>
                        <coordTransformTable>
                           <GridCoordinatesTable>
                              <gridOrdinate>
                                 <GridOrdinateDescription>
                                    <coordAxisLabel>time</coordAxisLabel>
                                    <coordAxisValues>
                                       <SpatialOrTemporalPositionList gml:id="TcNreFuZ">
                                          <timePositionList frame="ndg:standard">2024-01-16T00:00:00.0 2024-02-16T00:00:00.0 2024-03-16T00:00:00.0 2024-04-16T00:00:00.0 2024-05-16T00:00:00.0 2024-06-16T00:00:00.0 2024-07-16T00:00:00.0 2024-08-16T00:00:00.0 2024-09-16T00:00:00.0 2024-10-16T00:00:00.0 2024-11-16T00:00:00.0 2024-12-16T00:00:00.0 2054-01-16T00:00:00.0 2054-02-16T00:00:00.0 2054-03-16T00:00:00.0 2054-04-16T00:00:00.0 2054-05-16T00:00:00.0 2054-06-16T00:00:00.0 2054-07-16T00:00:00.0 2054-08-16T00:00:00.0 2054-09-16T00:00:00.0 2054-10-16T00:00:00.0 2054-11-16T00:00:00.0 2054-12-16T00:00:00.0 2084-01-16T00:00:00.0 2084-02-16T00:00:00.0 2084-03-16T00:00:00.0 2084-04-16T00:00:00.0 2084-05-16T00:00:00.0 2084-06-16T00:00:00.0 2084-07-16T00:00:00.0 2084-08-16T00:00:00.0 2084-09-16T00:00:00.0 2084-10-16T00:00:00.0 2084-11-16T00:00:00.0 2084-12-16T00:00:00.0</timePositionList>
                                       </SpatialOrTemporalPositionList>
                                    </coordAxisValues>
                                    <gridAxesSpanned>time</gridAxesSpanned>
                                    <sequenceRule axisOrder="+1">Linear</sequenceRule>
                                 </GridOrdinateDescription>
                              </gridOrdinate>
                              <gridOrdinate>
                                 <GridOrdinateDescription>
                                    <coordAxisLabel>latitude</coordAxisLabel>
                                    <coordAxisValues xlink:href="#IDTpKfM9" xlink:show="embed" xlink:arcrole="coordinateList" xlink:role="http://ndg.nerc.ac.uk/fileFormat/csmlStorageDescriptor">
                                       <SpatialOrTemporalPositionList gml:id="Rg4GvdIN">
                                          <coordinateList></coordinateList>
                                       </SpatialOrTemporalPositionList>
                                    </coordAxisValues>
                                    <gridAxesSpanned>latitude</gridAxesSpanned>
                                    <sequenceRule axisOrder="+1">Linear</sequenceRule>
                                 </GridOrdinateDescription>
                              </gridOrdinate>
                              <gridOrdinate>
                                 <GridOrdinateDescription>
                                    <coordAxisLabel>longitude</coordAxisLabel>
                                    <coordAxisValues xlink:href="#VQ7Fifiw" xlink:show="embed" xlink:arcrole="coordinateList" xlink:role="http://ndg.nerc.ac.uk/fileFormat/csmlStorageDescriptor">
                                       <SpatialOrTemporalPositionList gml:id="BVLGcsyp">
                                          <coordinateList></coordinateList>
                                       </SpatialOrTemporalPositionList>
                                    </coordAxisValues>
                                    <gridAxesSpanned>longitude</gridAxesSpanned>
                                    <sequenceRule axisOrder="+1">Linear</sequenceRule>
                                 </GridOrdinateDescription>
                              </gridOrdinate>
                           </GridCoordinatesTable>
                        </coordTransformTable>
                     </GridSeriesDomain>
                  </gridSeriesDomain>
                  <gml:rangeSet>
                     <gml:ValueArray gml:id="ZiwpIwFk">
                        <gml:valueComponent xlink:href="#SgD03n3J" xlink:show="embed" xlink:arcrole="QuantityList" xlink:role="http://ndg.nerc.ac.uk/fileFormat/csmlStorageDescriptor">
                           <gml:QuantityList uom="Pa"></gml:QuantityList>
                        </gml:valueComponent>
                     </gml:ValueArray>
                  </gml:rangeSet>
               </GridSeriesCoverage>
            </value>
            <parameter xlink:href="http://cfconventions.org/standard_names/air_pressure_at_sea_level"></parameter>
         </GridSeriesFeature>
      </featureMember>
      <featureMember>
         <GridSeriesFeature gml:id="surface_downwelling_shortwave_flux_in_air">
            <gml:description>missing description</gml:description>
            <gml:name>surface_downwelling_shortwave_flux_in_air</gml:name>
            <gml:boundedBy>
               <gml:EnvelopeWithTimePeriod srsName="WGS84">
                  <gml:lowerCorner>0.0 -89.5043449402</gml:lowerCorner>
                  <gml:upperCorner>360.0 89.5043449402</gml:upperCorner>
                  <gml:beginPosition>2024-01-16T00:00:00.0</gml:beginPosition>
                  <gml:endPosition>2084-12-16T00:00:00.0</gml:endPosition>
               </gml:EnvelopeWithTimePeriod>
            </gml:boundedBy>
            <value>
               <GridSeriesCoverage gml:id="QTUOj3Od">
                  <gridSeriesDomain>
                     <GridSeriesDomain srsName="ndg:crs:lonlatt" uomLabels="degree_east degree_north days_since_2010-01-01" gml:id="YpYKrL17" axisLabels="longitude latitude time" dimension="3" srsDimension="3">
                        <limits>
                           <gml:GridEnvelope>
                              <gml:low>0 0 0</gml:low>
                              <gml:high>0 0 0</gml:high>
                           </gml:GridEnvelope>
                        </limits>
                        <axisLabels>time latitude longitude</axisLabels>
                        <coordTransformTable>
                           <GridCoordinatesTable>
                              <gridOrdinate>
                                 <GridOrdinateDescription>
                                    <coordAxisLabel>time</coordAxisLabel>
                                    <coordAxisValues>
                                       <SpatialOrTemporalPositionList gml:id="Bz1TNRmF">
                                          <timePositionList frame="ndg:standard">2024-01-16T00:00:00.0 2024-02-16T00:00:00.0 2024-03-16T00:00:00.0 2024-04-16T00:00:00.0 2024-05-16T00:00:00.0 2024-06-16T00:00:00.0 2024-07-16T00:00:00.0 2024-08-16T00:00:00.0 2024-09-16T00:00:00.0 2024-10-16T00:00:00.0 2024-11-16T00:00:00.0 2024-12-16T00:00:00.0 2054-01-16T00:00:00.0 2054-02-16T00:00:00.0 2054-03-16T00:00:00.0 2054-04-16T00:00:00.0 2054-05-16T00:00:00.0 2054-06-16T00:00:00.0 2054-07-16T00:00:00.0 2054-08-16T00:00:00.0 2054-09-16T00:00:00.0 2054-10-16T00:00:00.0 2054-11-16T00:00:00.0 2054-12-16T00:00:00.0 2084-01-16T00:00:00.0 2084-02-16T00:00:00.0 2084-03-16T00:00:00.0 2084-04-16T00:00:00.0 2084-05-16T00:00:00.0 2084-06-16T00:00:00.0 2084-07-16T00:00:00.0 2084-08-16T00:00:00.0 2084-09-16T00:00:00.0 2084-10-16T00:00:00.0 2084-11-16T00:00:00.0 2084-12-16T00:00:00.0</timePositionList>
                                       </SpatialOrTemporalPositionList>
                                    </coordAxisValues>
                                    <gridAxesSpanned>time</gridAxesSpanned>
                                    <sequenceRule axisOrder="+1">Linear</sequenceRule>
                                 </GridOrdinateDescription>
                              </gridOrdinate>
                              <gridOrdinate>
                                 <GridOrdinateDescription>
                                    <coordAxisLabel>latitude</coordAxisLabel>
                                    <coordAxisValues xlink:href="#KzZGkfXQ" xlink:show="embed" xlink:arcrole="coordinateList" xlink:role="http://ndg.nerc.ac.uk/fileFormat/csmlStorageDescriptor">
                                       <SpatialOrTemporalPositionList gml:id="Ljv4pQM2">
                                          <coordinateList></coordinateList>
                                       </SpatialOrTemporalPositionList>
                                    </coordAxisValues>
                                    <gridAxesSpanned>latitude</gridAxesSpanned>
                                    <sequenceRule axisOrder="+1">Linear</sequenceRule>
                                 </GridOrdinateDescription>
                              </gridOrdinate>
                              <gridOrdinate>
                                 <GridOrdinateDescription>
                                    <coordAxisLabel>longitude</coordAxisLabel>
                                    <coordAxisValues xlink:href="#OVNqpSQu" xlink:show="embed" xlink:arcrole="coordinateList" xlink:role="http://ndg.nerc.ac.uk/fileFormat/csmlStorageDescriptor">
                                       <SpatialOrTemporalPositionList gml:id="S3Q4CW0O">
                                          <coordinateList></coordinateList>
                                       </SpatialOrTemporalPositionList>
                                    </coordAxisValues>
                                    <gridAxesSpanned>longitude</gridAxesSpanned>
                                    <sequenceRule axisOrder="+1">Linear</sequenceRule>
                                 </GridOrdinateDescription>
                              </gridOrdinate>
                           </GridCoordinatesTable>
                        </coordTransformTable>
                     </GridSeriesDomain>
                  </gridSeriesDomain>
                  <gml:rangeSet>
                     <gml:ValueArray gml:id="VRwer3ms">
                        <gml:valueComponent xlink:href="#RUwSVVug" xlink:show="embed" xlink:arcrole="QuantityList" xlink:role="http://ndg.nerc.ac.uk/fileFormat/csmlStorageDescriptor">
                           <gml:QuantityList uom="W.m-2"></gml:QuantityList>
                        </gml:valueComponent>
                     </gml:ValueArray>
                  </gml:rangeSet>
               </GridSeriesCoverage>
            </value>
            <parameter xlink:href="http://cfconventions.org/standard_names/surface_downwelling_shortwave_flux_in_air"></parameter>
         </GridSeriesFeature>
      </featureMember>
      <featureMember>
         <GridSeriesFeature gml:id="air_temperature">
            <gml:description>missing description</gml:description>
            <gml:name>air_temperature</gml:name>
            <gml:boundedBy>
               <gml:EnvelopeWithTimePeriod srsName="WGS84">
                  <gml:lowerCorner>0.0 -89.5043449402</gml:lowerCorner>
                  <gml:upperCorner>360.0 89.5043449402</gml:upperCorner>
                  <gml:beginPosition>2024-01-16T00:00:00.0</gml:beginPosition>
                  <gml:endPosition>2084-12-16T00:00:00.0</gml:endPosition>
               </gml:EnvelopeWithTimePeriod>
            </gml:boundedBy>
            <value>
               <GridSeriesCoverage gml:id="OFFt17tY">
                  <gridSeriesDomain>
                     <GridSeriesDomain srsName="ndg:crs:lonlatt" uomLabels="degree_east degree_north days_since_2010-01-01" gml:id="Lzs2tfwP" axisLabels="longitude latitude time" dimension="3" srsDimension="3">
                        <limits>
                           <gml:GridEnvelope>
                              <gml:low>0 0 0</gml:low>
                              <gml:high>0 0 0</gml:high>
                           </gml:GridEnvelope>
                        </limits>
                        <axisLabels>time latitude longitude</axisLabels>
                        <coordTransformTable>
                           <GridCoordinatesTable>
                              <gridOrdinate>
                                 <GridOrdinateDescription>
                                    <coordAxisLabel>time</coordAxisLabel>
                                    <coordAxisValues>
                                       <SpatialOrTemporalPositionList gml:id="CaZLwily">
                                          <timePositionList frame="ndg:standard">2024-01-16T00:00:00.0 2024-02-16T00:00:00.0 2024-03-16T00:00:00.0 2024-04-16T00:00:00.0 2024-05-16T00:00:00.0 2024-06-16T00:00:00.0 2024-07-16T00:00:00.0 2024-08-16T00:00:00.0 2024-09-16T00:00:00.0 2024-10-16T00:00:00.0 2024-11-16T00:00:00.0 2024-12-16T00:00:00.0 2054-01-16T00:00:00.0 2054-02-16T00:00:00.0 2054-03-16T00:00:00.0 2054-04-16T00:00:00.0 2054-05-16T00:00:00.0 2054-06-16T00:00:00.0 2054-07-16T00:00:00.0 2054-08-16T00:00:00.0 2054-09-16T00:00:00.0 2054-10-16T00:00:00.0 2054-11-16T00:00:00.0 2054-12-16T00:00:00.0 2084-01-16T00:00:00.0 2084-02-16T00:00:00.0 2084-03-16T00:00:00.0 2084-04-16T00:00:00.0 2084-05-16T00:00:00.0 2084-06-16T00:00:00.0 2084-07-16T00:00:00.0 2084-08-16T00:00:00.0 2084-09-16T00:00:00.0 2084-10-16T00:00:00.0 2084-11-16T00:00:00.0 2084-12-16T00:00:00.0</timePositionList>
                                       </SpatialOrTemporalPositionList>
                                    </coordAxisValues>
                                    <gridAxesSpanned>time</gridAxesSpanned>
                                    <sequenceRule axisOrder="+1">Linear</sequenceRule>
                                 </GridOrdinateDescription>
                              </gridOrdinate>
                              <gridOrdinate>
                                 <GridOrdinateDescription>
                                    <coordAxisLabel>latitude</coordAxisLabel>
                                    <coordAxisValues xlink:href="#H0eFPfoC" xlink:show="embed" xlink:arcrole="coordinateList" xlink:role="http://ndg.nerc.ac.uk/fileFormat/csmlStorageDescriptor">
                                       <SpatialOrTemporalPositionList gml:id="YXHdmlOh">
                                          <coordinateList></coordinateList>
                                       </SpatialOrTemporalPositionList>
                                    </coordAxisValues>
                                    <gridAxesSpanned>latitude</gridAxesSpanned>
                                    <sequenceRule axisOrder="+1">Linear</sequenceRule>
                                 </GridOrdinateDescription>
                              </gridOrdinate>
                              <gridOrdinate>
                                 <GridOrdinateDescription>
                                    <coordAxisLabel>longitude</coordAxisLabel>
                                    <coordAxisValues xlink:href="#ZLlqjDKM" xlink:show="embed" xlink:arcrole="coordinateList" xlink:role="http://ndg.nerc.ac.uk/fileFormat/csmlStorageDescriptor">
                                       <SpatialOrTemporalPositionList gml:id="RAoItYLM">
                                          <coordinateList></coordinateList>
                                       </SpatialOrTemporalPositionList>
                                    </coordAxisValues>
                                    <gridAxesSpanned>longitude</gridAxesSpanned>
                                    <sequenceRule axisOrder="+1">Linear</sequenceRule>
                                 </GridOrdinateDescription>
                              </gridOrdinate>
                           </GridCoordinatesTable>
                        </coordTransformTable>
                     </GridSeriesDomain>
                  </gridSeriesDomain>
                  <gml:rangeSet>
                     <gml:ValueArray gml:id="ReZoqbFG">
                        <gml:valueComponent xlink:href="#A1ZZ4y61" xlink:show="embed" xlink:arcrole="QuantityList" xlink:role="http://ndg.nerc.ac.uk/fileFormat/csmlStorageDescriptor">
                           <gml:QuantityList uom="K"></gml:QuantityList>
                        </gml:valueComponent>
                     </gml:ValueArray>
                  </gml:rangeSet>
               </GridSeriesCoverage>
            </value>
            <parameter xlink:href="http://cfconventions.org/standard_names/air_temperature"></parameter>
         </GridSeriesFeature>
      </featureMember>
      <featureMember>
         <GridSeriesFeature gml:id="eastward_wind">
            <gml:description>missing description</gml:description>
            <gml:name>eastward_wind</gml:name>
            <gml:boundedBy>
               <gml:EnvelopeWithTimePeriod srsName="WGS84">
                  <gml:lowerCorner>0.0 -89.5043449402</gml:lowerCorner>
                  <gml:upperCorner>360.0 89.5043449402</gml:upperCorner>
                  <gml:beginPosition>2024-01-16T00:00:00.0</gml:beginPosition>
                  <gml:endPosition>2084-12-16T00:00:00.0</gml:endPosition>
               </gml:EnvelopeWithTimePeriod>
            </gml:boundedBy>
            <value>
               <GridSeriesCoverage gml:id="MLPfkZsv">
                  <gridSeriesDomain>
                     <GridSeriesDomain srsName="ndg:crs:lonlatt" uomLabels="degree_east degree_north days_since_2010-01-01" gml:id="DfYmPeUY" axisLabels="longitude latitude time" dimension="3" srsDimension="3">
                        <limits>
                           <gml:GridEnvelope>
                              <gml:low>0 0 0</gml:low>
                              <gml:high>0 0 0</gml:high>
                           </gml:GridEnvelope>
                        </limits>
                        <axisLabels>time latitude longitude</axisLabels>
                        <coordTransformTable>
                           <GridCoordinatesTable>
                              <gridOrdinate>
                                 <GridOrdinateDescription>
                                    <coordAxisLabel>time</coordAxisLabel>
                                    <coordAxisValues>
                                       <SpatialOrTemporalPositionList gml:id="AvB43P5P">
                                          <timePositionList frame="ndg:standard">2024-01-16T00:00:00.0 2024-02-16T00:00:00.0 2024-03-16T00:00:00.0 2024-04-16T00:00:00.0 2024-05-16T00:00:00.0 2024-06-16T00:00:00.0 2024-07-16T00:00:00.0 2024-08-16T00:00:00.0 2024-09-16T00:00:00.0 2024-10-16T00:00:00.0 2024-11-16T00:00:00.0 2024-12-16T00:00:00.0 2054-01-16T00:00:00.0 2054-02-16T00:00:00.0 2054-03-16T00:00:00.0 2054-04-16T00:00:00.0 2054-05-16T00:00:00.0 2054-06-16T00:00:00.0 2054-07-16T00:00:00.0 2054-08-16T00:00:00.0 2054-09-16T00:00:00.0 2054-10-16T00:00:00.0 2054-11-16T00:00:00.0 2054-12-16T00:00:00.0 2084-01-16T00:00:00.0 2084-02-16T00:00:00.0 2084-03-16T00:00:00.0 2084-04-16T00:00:00.0 2084-05-16T00:00:00.0 2084-06-16T00:00:00.0 2084-07-16T00:00:00.0 2084-08-16T00:00:00.0 2084-09-16T00:00:00.0 2084-10-16T00:00:00.0 2084-11-16T00:00:00.0 2084-12-16T00:00:00.0</timePositionList>
                                       </SpatialOrTemporalPositionList>
                                    </coordAxisValues>
                                    <gridAxesSpanned>time</gridAxesSpanned>
                                    <sequenceRule axisOrder="+1">Linear</sequenceRule>
                                 </GridOrdinateDescription>
                              </gridOrdinate>
                              <gridOrdinate>
                                 <GridOrdinateDescription>
                                    <coordAxisLabel>latitude</coordAxisLabel>
                                    <coordAxisValues xlink:href="#Blrx21hG" xlink:show="embed" xlink:arcrole="coordinateList" xlink:role="http://ndg.nerc.ac.uk/fileFormat/csmlStorageDescriptor">
                                       <SpatialOrTemporalPositionList gml:id="BDU4EpyN">
                                          <coordinateList></coordinateList>
                                       </SpatialOrTemporalPositionList>
                                    </coordAxisValues>
                                    <gridAxesSpanned>latitude</gridAxesSpanned>
                                    <sequenceRule axisOrder="+1">Linear</sequenceRule>
                                 </GridOrdinateDescription>
                              </gridOrdinate>
                              <gridOrdinate>
                                 <GridOrdinateDescription>
                                    <coordAxisLabel>longitude</coordAxisLabel>
                                    <coordAxisValues xlink:href="#XmYkvXRr" xlink:show="embed" xlink:arcrole="coordinateList" xlink:role="http://ndg.nerc.ac.uk/fileFormat/csmlStorageDescriptor">
                                       <SpatialOrTemporalPositionList gml:id="TYipgRQ1">
                                          <coordinateList></coordinateList>
                                       </SpatialOrTemporalPositionList>
                                    </coordAxisValues>
                                    <gridAxesSpanned>longitude</gridAxesSpanned>
                                    <sequenceRule axisOrder="+1">Linear</sequenceRule>
                                 </GridOrdinateDescription>
                              </gridOrdinate>
                           </GridCoordinatesTable>
                        </coordTransformTable>
                     </GridSeriesDomain>
                  </gridSeriesDomain>
                  <gml:rangeSet>
                     <gml:ValueArray gml:id="IzQateKi">
                        <gml:valueComponent xlink:href="#Jc3xmn3m" xlink:show="embed" xlink:arcrole="QuantityList" xlink:role="http://ndg.nerc.ac.uk/fileFormat/csmlStorageDescriptor">
                           <gml:QuantityList uom="m.s-1"></gml:QuantityList>
                        </gml:valueComponent>
                     </gml:ValueArray>
                  </gml:rangeSet>
               </GridSeriesCoverage>
            </value>
            <parameter xlink:href="http://cfconventions.org/standard_names/eastward_wind"></parameter>
         </GridSeriesFeature>
      </featureMember>
      <featureMember>
         <GridSeriesFeature gml:id="northward_wind">
            <gml:description>missing description</gml:description>
            <gml:name>northward_wind</gml:name>
            <gml:boundedBy>
               <gml:EnvelopeWithTimePeriod srsName="WGS84">
                  <gml:lowerCorner>0.0 -89.5043449402</gml:lowerCorner>
                  <gml:upperCorner>360.0 89.5043449402</gml:upperCorner>
                  <gml:beginPosition>2024-01-16T00:00:00.0</gml:beginPosition>
                  <gml:endPosition>2084-12-16T00:00:00.0</gml:endPosition>
               </gml:EnvelopeWithTimePeriod>
            </gml:boundedBy>
            <value>
               <GridSeriesCoverage gml:id="S7fDc6Gi">
                  <gridSeriesDomain>
                     <GridSeriesDomain srsName="ndg:crs:lonlatt" uomLabels="degree_east degree_north days_since_2010-01-01" gml:id="K7v8kX0R" axisLabels="longitude latitude time" dimension="3" srsDimension="3">
                        <limits>
                           <gml:GridEnvelope>
                              <gml:low>0 0 0</gml:low>
                              <gml:high>0 0 0</gml:high>
                           </gml:GridEnvelope>
                        </limits>
                        <axisLabels>time latitude longitude</axisLabels>
                        <coordTransformTable>
                           <GridCoordinatesTable>
                              <gridOrdinate>
                                 <GridOrdinateDescription>
                                    <coordAxisLabel>time</coordAxisLabel>
                                    <coordAxisValues>
                                       <SpatialOrTemporalPositionList gml:id="MttJU6Js">
                                          <timePositionList frame="ndg:standard">2024-01-16T00:00:00.0 2024-02-16T00:00:00.0 2024-03-16T00:00:00.0 2024-04-16T00:00:00.0 2024-05-16T00:00:00.0 2024-06-16T00:00:00.0 2024-07-16T00:00:00.0 2024-08-16T00:00:00.0 2024-09-16T00:00:00.0 2024-10-16T00:00:00.0 2024-11-16T00:00:00.0 2024-12-16T00:00:00.0 2054-01-16T00:00:00.0 2054-02-16T00:00:00.0 2054-03-16T00:00:00.0 2054-04-16T00:00:00.0 2054-05-16T00:00:00.0 2054-06-16T00:00:00.0 2054-07-16T00:00:00.0 2054-08-16T00:00:00.0 2054-09-16T00:00:00.0 2054-10-16T00:00:00.0 2054-11-16T00:00:00.0 2054-12-16T00:00:00.0 2084-01-16T00:00:00.0 2084-02-16T00:00:00.0 2084-03-16T00:00:00.0 2084-04-16T00:00:00.0 2084-05-16T00:00:00.0 2084-06-16T00:00:00.0 2084-07-16T00:00:00.0 2084-08-16T00:00:00.0 2084-09-16T00:00:00.0 2084-10-16T00:00:00.0 2084-11-16T00:00:00.0 2084-12-16T00:00:00.0</timePositionList>
                                       </SpatialOrTemporalPositionList>
                                    </coordAxisValues>
                                    <gridAxesSpanned>time</gridAxesSpanned>
                                    <sequenceRule axisOrder="+1">Linear</sequenceRule>
                                 </GridOrdinateDescription>
                              </gridOrdinate>
                              <gridOrdinate>
                                 <GridOrdinateDescription>
                                    <coordAxisLabel>latitude</coordAxisLabel>
                                    <coordAxisValues xlink:href="#KlkxRXdl" xlink:show="embed" xlink:arcrole="coordinateList" xlink:role="http://ndg.nerc.ac.uk/fileFormat/csmlStorageDescriptor">
                                       <SpatialOrTemporalPositionList gml:id="ExN2o9Pc">
                                          <coordinateList></coordinateList>
                                       </SpatialOrTemporalPositionList>
                                    </coordAxisValues>
                                    <gridAxesSpanned>latitude</gridAxesSpanned>
                                    <sequenceRule axisOrder="+1">Linear</sequenceRule>
                                 </GridOrdinateDescription>
                              </gridOrdinate>
                              <gridOrdinate>
                                 <GridOrdinateDescription>
                                    <coordAxisLabel>longitude</coordAxisLabel>
                                    <coordAxisValues xlink:href="#OlZAWg1j" xlink:show="embed" xlink:arcrole="coordinateList" xlink:role="http://ndg.nerc.ac.uk/fileFormat/csmlStorageDescriptor">
                                       <SpatialOrTemporalPositionList gml:id="SvzTiYac">
                                          <coordinateList></coordinateList>
                                       </SpatialOrTemporalPositionList>
                                    </coordAxisValues>
                                    <gridAxesSpanned>longitude</gridAxesSpanned>
                                    <sequenceRule axisOrder="+1">Linear</sequenceRule>
                                 </GridOrdinateDescription>
                              </gridOrdinate>
                           </GridCoordinatesTable>
                        </coordTransformTable>
                     </GridSeriesDomain>
                  </gridSeriesDomain>
                  <gml:rangeSet>
                     <gml:ValueArray gml:id="JWr44ZYX">
                        <gml:valueComponent xlink:href="#KrFZtcWk" xlink:show="embed" xlink:arcrole="QuantityList" xlink:role="http://ndg.nerc.ac.uk/fileFormat/csmlStorageDescriptor">
                           <gml:QuantityList uom="m.s-1"></gml:QuantityList>
                        </gml:valueComponent>
                     </gml:ValueArray>
                  </gml:rangeSet>
               </GridSeriesCoverage>
            </value>
            <parameter xlink:href="http://cfconventions.org/standard_names/northward_wind"></parameter>
         </GridSeriesFeature>
      </featureMember>
   </CSMLFeatureCollection>
   <CSMLStorageDescriptor>
      <descriptor>
         <NetCDFExtract id="KElVWVpW">
            <arraySize>96</arraySize>
            <fileName>/badc/ipcc-ddc/data/netcdf/ar4_v2/pr/MPEH5_COMMIT_1_pr_2010-2039.nc</fileName>
            <variableName>latitude</variableName>
         </NetCDFExtract>
      </descriptor>
      <descriptor>
         <NetCDFExtract id="TYyAThVC">
            <arraySize>2</arraySize>
            <fileName>/badc/ipcc-ddc/data/netcdf/ar4_v2/pr/MPEH5_COMMIT_1_pr_2010-2039.nc</fileName>
            <variableName>bounds</variableName>
         </NetCDFExtract>
      </descriptor>
      <descriptor>
         <NetCDFExtract id="ES6t4IlO">
            <arraySize>192</arraySize>
            <fileName>/badc/ipcc-ddc/data/netcdf/ar4_v2/pr/MPEH5_COMMIT_1_pr_2010-2039.nc</fileName>
            <variableName>longitude</variableName>
         </NetCDFExtract>
      </descriptor>
      <descriptor>
         <NetCDFExtract id="E3qN2fLi">
            <arraySize>12</arraySize>
            <fileName>/badc/ipcc-ddc/data/netcdf/ar4_v2/pr/MPEH5_COMMIT_1_pr_2010-2039.nc</fileName>
            <variableName>time</variableName>
         </NetCDFExtract>
      </descriptor>
      <descriptor>
         <NetCDFExtract id="IDTpKfM9">
            <arraySize>96</arraySize>
            <fileName>/badc/ipcc-ddc/data/netcdf/ar4_v2/psl/MPEH5_COMMIT_1_psl_2010-2039.nc</fileName>
            <variableName>latitude</variableName>
         </NetCDFExtract>
      </descriptor>
      <descriptor>
         <NetCDFExtract id="TaAKxfhR">
            <arraySize>2</arraySize>
            <fileName>/badc/ipcc-ddc/data/netcdf/ar4_v2/psl/MPEH5_COMMIT_1_psl_2010-2039.nc</fileName>
            <variableName>bounds</variableName>
         </NetCDFExtract>
      </descriptor>
      <descriptor>
         <NetCDFExtract id="VQ7Fifiw">
            <arraySize>192</arraySize>
            <fileName>/badc/ipcc-ddc/data/netcdf/ar4_v2/psl/MPEH5_COMMIT_1_psl_2010-2039.nc</fileName>
            <variableName>longitude</variableName>
         </NetCDFExtract>
      </descriptor>
      <descriptor>
         <NetCDFExtract id="Z2Am9KjJ">
            <arraySize>12</arraySize>
            <fileName>/badc/ipcc-ddc/data/netcdf/ar4_v2/psl/MPEH5_COMMIT_1_psl_2010-2039.nc</fileName>
            <variableName>time</variableName>
         </NetCDFExtract>
      </descriptor>
      <descriptor>
         <NetCDFExtract id="KzZGkfXQ">
            <arraySize>96</arraySize>
            <fileName>/badc/ipcc-ddc/data/netcdf/ar4_v2/rsds/MPEH5_COMMIT_1_rsds_2010-2039.nc</fileName>
            <variableName>latitude</variableName>
         </NetCDFExtract>
      </descriptor>
      <descriptor>
         <NetCDFExtract id="Y7NYnJUR">
            <arraySize>2</arraySize>
            <fileName>/badc/ipcc-ddc/data/netcdf/ar4_v2/rsds/MPEH5_COMMIT_1_rsds_2010-2039.nc</fileName>
            <variableName>bounds</variableName>
         </NetCDFExtract>
      </descriptor>
      <descriptor>
         <NetCDFExtract id="OVNqpSQu">
            <arraySize>192</arraySize>
            <fileName>/badc/ipcc-ddc/data/netcdf/ar4_v2/rsds/MPEH5_COMMIT_1_rsds_2010-2039.nc</fileName>
            <variableName>longitude</variableName>
         </NetCDFExtract>
      </descriptor>
      <descriptor>
         <NetCDFExtract id="JDGGdd72">
            <arraySize>12</arraySize>
            <fileName>/badc/ipcc-ddc/data/netcdf/ar4_v2/rsds/MPEH5_COMMIT_1_rsds_2010-2039.nc</fileName>
            <variableName>time</variableName>
         </NetCDFExtract>
      </descriptor>
      <descriptor>
         <NetCDFExtract id="H0eFPfoC">
            <arraySize>96</arraySize>
            <fileName>/badc/ipcc-ddc/data/netcdf/ar4_v2/tas/MPEH5_COMMIT_1_tas_2010-2039.nc</fileName>
            <variableName>latitude</variableName>
         </NetCDFExtract>
      </descriptor>
      <descriptor>
         <NetCDFExtract id="WDwMIRrI">
            <arraySize>2</arraySize>
            <fileName>/badc/ipcc-ddc/data/netcdf/ar4_v2/tas/MPEH5_COMMIT_1_tas_2010-2039.nc</fileName>
            <variableName>bounds</variableName>
         </NetCDFExtract>
      </descriptor>
      <descriptor>
         <NetCDFExtract id="ZLlqjDKM">
            <arraySize>192</arraySize>
            <fileName>/badc/ipcc-ddc/data/netcdf/ar4_v2/tas/MPEH5_COMMIT_1_tas_2010-2039.nc</fileName>
            <variableName>longitude</variableName>
         </NetCDFExtract>
      </descriptor>
      <descriptor>
         <NetCDFExtract id="XNPiyoOL">
            <arraySize>12</arraySize>
            <fileName>/badc/ipcc-ddc/data/netcdf/ar4_v2/tas/MPEH5_COMMIT_1_tas_2010-2039.nc</fileName>
            <variableName>time</variableName>
         </NetCDFExtract>
      </descriptor>
      <descriptor>
         <NetCDFExtract id="Blrx21hG">
            <arraySize>96</arraySize>
            <fileName>/badc/ipcc-ddc/data/netcdf/ar4_v2/uas/MPEH5_COMMIT_1_uas_2010-2039.nc</fileName>
            <variableName>latitude</variableName>
         </NetCDFExtract>
      </descriptor>
      <descriptor>
         <NetCDFExtract id="ZzwGAWHp">
            <arraySize>2</arraySize>
            <fileName>/badc/ipcc-ddc/data/netcdf/ar4_v2/uas/MPEH5_COMMIT_1_uas_2010-2039.nc</fileName>
            <variableName>bounds</variableName>
         </NetCDFExtract>
      </descriptor>
      <descriptor>
         <NetCDFExtract id="XmYkvXRr">
            <arraySize>192</arraySize>
            <fileName>/badc/ipcc-ddc/data/netcdf/ar4_v2/uas/MPEH5_COMMIT_1_uas_2010-2039.nc</fileName>
            <variableName>longitude</variableName>
         </NetCDFExtract>
      </descriptor>
      <descriptor>
         <NetCDFExtract id="WQF1zI7i">
            <arraySize>12</arraySize>
            <fileName>/badc/ipcc-ddc/data/netcdf/ar4_v2/uas/MPEH5_COMMIT_1_uas_2010-2039.nc</fileName>
            <variableName>time</variableName>
         </NetCDFExtract>
      </descriptor>
      <descriptor>
         <NetCDFExtract id="KlkxRXdl">
            <arraySize>96</arraySize>
            <fileName>/badc/ipcc-ddc/data/netcdf/ar4_v2/vas/MPEH5_COMMIT_1_vas_2010-2039.nc</fileName>
            <variableName>latitude</variableName>
         </NetCDFExtract>
      </descriptor>
      <descriptor>
         <NetCDFExtract id="J9IfCfII">
            <arraySize>2</arraySize>
            <fileName>/badc/ipcc-ddc/data/netcdf/ar4_v2/vas/MPEH5_COMMIT_1_vas_2010-2039.nc</fileName>
            <variableName>bounds</variableName>
         </NetCDFExtract>
      </descriptor>
      <descriptor>
         <NetCDFExtract id="OlZAWg1j">
            <arraySize>192</arraySize>
            <fileName>/badc/ipcc-ddc/data/netcdf/ar4_v2/vas/MPEH5_COMMIT_1_vas_2010-2039.nc</fileName>
            <variableName>longitude</variableName>
         </NetCDFExtract>
      </descriptor>
      <descriptor>
         <NetCDFExtract id="V1FZostJ">
            <arraySize>12</arraySize>
            <fileName>/badc/ipcc-ddc/data/netcdf/ar4_v2/vas/MPEH5_COMMIT_1_vas_2010-2039.nc</fileName>
            <variableName>time</variableName>
         </NetCDFExtract>
      </descriptor>
      <descriptor>
         <AggregatedArray id="JGtQwhYO">
            <arraySize>221184</arraySize>
            <uom>kg.m-2.s-1</uom>
            <aggType>new</aggType>
            <aggIndex>1</aggIndex>
            <component>
               <NetCDFExtract>
                  <arraySize>12  96  192</arraySize>
                  <fileList>
                     <FileList id="TcvysBDB">
                        <fileNames>/badc/ipcc-ddc/data/netcdf/ar4_v2/pr/MPEH5_COMMIT_1_pr_2010-2039.nc /badc/ipcc-ddc/data/netcdf/ar4_v2/pr/MPEH5_COMMIT_1_pr_2040-2069.nc /badc/ipcc-ddc/data/netcdf/ar4_v2/pr/MPEH5_COMMIT_1_pr_2070-2099.nc</fileNames>
                     </FileList>
                  </fileList>
                  <variableName>precipitation_flux</variableName>
               </NetCDFExtract>
            </component>
         </AggregatedArray>
      </descriptor>
      <descriptor>
         <AggregatedArray id="SgD03n3J">
            <arraySize>221184</arraySize>
            <uom>Pa</uom>
            <aggType>new</aggType>
            <aggIndex>1</aggIndex>
            <component>
               <NetCDFExtract>
                  <arraySize>12  96  192</arraySize>
                  <fileList>
                     <FileList id="IlgQkxnI">
                        <fileNames>/badc/ipcc-ddc/data/netcdf/ar4_v2/psl/MPEH5_COMMIT_1_psl_2010-2039.nc /badc/ipcc-ddc/data/netcdf/ar4_v2/psl/MPEH5_COMMIT_1_psl_2040-2069.nc /badc/ipcc-ddc/data/netcdf/ar4_v2/psl/MPEH5_COMMIT_1_psl_2070-2099.nc</fileNames>
                     </FileList>
                  </fileList>
                  <variableName>air_pressure_at_sea_level</variableName>
               </NetCDFExtract>
            </component>
         </AggregatedArray>
      </descriptor>
      <descriptor>
         <AggregatedArray id="RUwSVVug">
            <arraySize>221184</arraySize>
            <uom>W.m-2</uom>
            <aggType>new</aggType>
            <aggIndex>1</aggIndex>
            <component>
               <NetCDFExtract>
                  <arraySize>12  96  192</arraySize>
                  <fileList>
                     <FileList id="P5lFPuiN">
                        <fileNames>/badc/ipcc-ddc/data/netcdf/ar4_v2/rsds/MPEH5_COMMIT_1_rsds_2010-2039.nc /badc/ipcc-ddc/data/netcdf/ar4_v2/rsds/MPEH5_COMMIT_1_rsds_2040-2069.nc /badc/ipcc-ddc/data/netcdf/ar4_v2/rsds/MPEH5_COMMIT_1_rsds_2070-2099.nc</fileNames>
                     </FileList>
                  </fileList>
                  <variableName>surface_downwelling_shortwave_flux_in_air</variableName>
               </NetCDFExtract>
            </component>
         </AggregatedArray>
      </descriptor>
      <descriptor>
         <AggregatedArray id="A1ZZ4y61">
            <arraySize>221184</arraySize>
            <uom>K</uom>
            <aggType>new</aggType>
            <aggIndex>1</aggIndex>
            <component>
               <NetCDFExtract>
                  <arraySize>12  96  192</arraySize>
                  <fileList>
                     <FileList id="FJYAeP9C">
                        <fileNames>/badc/ipcc-ddc/data/netcdf/ar4_v2/tas/MPEH5_COMMIT_1_tas_2010-2039.nc /badc/ipcc-ddc/data/netcdf/ar4_v2/tas/MPEH5_COMMIT_1_tas_2040-2069.nc /badc/ipcc-ddc/data/netcdf/ar4_v2/tas/MPEH5_COMMIT_1_tas_2070-2099.nc</fileNames>
                     </FileList>
                  </fileList>
                  <variableName>air_temperature</variableName>
               </NetCDFExtract>
            </component>
         </AggregatedArray>
      </descriptor>
      <descriptor>
         <AggregatedArray id="Jc3xmn3m">
            <arraySize>221184</arraySize>
            <uom>m.s-1</uom>
            <aggType>new</aggType>
            <aggIndex>1</aggIndex>
            <component>
               <NetCDFExtract>
                  <arraySize>12  96  192</arraySize>
                  <fileList>
                     <FileList id="A36qqziw">
                        <fileNames>/badc/ipcc-ddc/data/netcdf/ar4_v2/uas/MPEH5_COMMIT_1_uas_2010-2039.nc /badc/ipcc-ddc/data/netcdf/ar4_v2/uas/MPEH5_COMMIT_1_uas_2040-2069.nc /badc/ipcc-ddc/data/netcdf/ar4_v2/uas/MPEH5_COMMIT_1_uas_2070-2099.nc</fileNames>
                     </FileList>
                  </fileList>
                  <variableName>eastward_wind</variableName>
               </NetCDFExtract>
            </component>
         </AggregatedArray>
      </descriptor>
      <descriptor>
         <AggregatedArray id="KrFZtcWk">
            <arraySize>221184</arraySize>
            <uom>m.s-1</uom>
            <aggType>new</aggType>
            <aggIndex>1</aggIndex>
            <component>
               <NetCDFExtract>
                  <arraySize>12  96  192</arraySize>
                  <fileList>
                     <FileList id="T4GGcD0N">
                        <fileNames>/badc/ipcc-ddc/data/netcdf/ar4_v2/vas/MPEH5_COMMIT_1_vas_2010-2039.nc /badc/ipcc-ddc/data/netcdf/ar4_v2/vas/MPEH5_COMMIT_1_vas_2040-2069.nc /badc/ipcc-ddc/data/netcdf/ar4_v2/vas/MPEH5_COMMIT_1_vas_2070-2099.nc</fileNames>
                     </FileList>
                  </fileList>
                  <variableName>northward_wind</variableName>
               </NetCDFExtract>
            </component>
         </AggregatedArray>
      </descriptor>
   </CSMLStorageDescriptor>
</Dataset>