<?xml version="1.0" encoding="UTF-8"?><Dataset xmlns="http://ndg.nerc.ac.uk/csml"  xmlns:gml="http://www.opengis.net/gml" xmlns:om="http://www.opengis.net/om" xmlns:swe="http://www.opengis.net/swe"  xmlns:xsi="http://www.w3.org/2001/XMLSchema-instance" xmlns:moles="http://ndg.nerc.ac.uk/moles"  xmlns:xlink="http://www.w3.org/1999/xlink" xsi:schemaLocation="http://ndg.nerc.ac.uk/csml/ schemas/csmlDataset.xsd" id="ar4_INCM3_20C3M_clim_30">
   <name>Scenario: 20C3M - Model: INCM3 - 30 year mean climatology</name>
   <AccessControlPolicy>
      <dgSecurityCondition>
         <moles:effect>allow</moles:effect>
         <moles:simpleCondition>
            <moles:dgAttributeAuthority>http://aa.ceda.rl.ac.uk/</moles:dgAttributeAuthority>
            <moles:attrauthRole>badc</moles:attrauthRole>
         </moles:simpleCondition>
      </dgSecurityCondition>
   </AccessControlPolicy>
   <CSMLFeatureCollection gml:id="TaxvNVI2">
      <gml:metaDataProperty></gml:metaDataProperty>
      <gml:boundedBy>
         <gml:EnvelopeWithTimePeriod srsName="WGS84">
            <gml:lowerCorner>0.0 -90.0</gml:lowerCorner>
            <gml:upperCorner>360.0 90.0</gml:upperCorner>
            <gml:beginPosition>1915-01-16T00:00:00.0</gml:beginPosition>
            <gml:endPosition>1975-12-16T00:00:00.0</gml:endPosition>
         </gml:EnvelopeWithTimePeriod>
      </gml:boundedBy>
      <featureMember>
         <GridSeriesFeature gml:id="specific_humidity">
            <gml:description>missing description</gml:description>
            <gml:name>specific_humidity</gml:name>
            <gml:boundedBy>
               <gml:EnvelopeWithTimePeriod srsName="WGS84">
                  <gml:lowerCorner>0.0 -90.0</gml:lowerCorner>
                  <gml:upperCorner>360.0 90.0</gml:upperCorner>
                  <gml:beginPosition>1915-01-16T00:00:00.0</gml:beginPosition>
                  <gml:endPosition>1975-12-16T00:00:00.0</gml:endPosition>
               </gml:EnvelopeWithTimePeriod>
            </gml:boundedBy>
            <value>
               <GridSeriesCoverage gml:id="J9FQzaDb">
                  <gridSeriesDomain>
                     <GridSeriesDomain srsName="ndg:crs:lonlatt" uomLabels="degree_east degree_north days_since_1901-01-01" gml:id="HkRWMyPg" axisLabels="longitude latitude time" dimension="3" srsDimension="3">
                        <limits>
                           <gml:GridEnvelope>
                              <gml:low>0 0 0</gml:low>
                              <gml:high>0 0 0</gml:high>
                           </gml:GridEnvelope>
                        </limits>
                        <axisLabels>time latitude longitude</axisLabels>
                        <coordTransformTable>
                           <GridCoordinatesTable>
                              <gridOrdinate>
                                 <GridOrdinateDescription>
                                    <coordAxisLabel>time</coordAxisLabel>
                                    <coordAxisValues>
                                       <SpatialOrTemporalPositionList gml:id="L5EdsZ1P">
                                          <timePositionList frame="ndg:standard">1915-01-16T00:00:00.0 1915-02-16T00:00:00.0 1915-03-16T00:00:00.0 1915-04-16T00:00:00.0 1915-05-16T00:00:00.0 1915-06-16T00:00:00.0 1915-07-16T00:00:00.0 1915-08-16T00:00:00.0 1915-09-16T00:00:00.0 1915-10-16T00:00:00.0 1915-11-16T00:00:00.0 1915-12-16T00:00:00.0 1945-01-16T00:00:00.0 1945-02-16T00:00:00.0 1945-03-16T00:00:00.0 1945-04-16T00:00:00.0 1945-05-16T00:00:00.0 1945-06-16T00:00:00.0 1945-07-16T00:00:00.0 1945-08-16T00:00:00.0 1945-09-16T00:00:00.0 1945-10-16T00:00:00.0 1945-11-16T00:00:00.0 1945-12-16T00:00:00.0 1975-01-16T00:00:00.0 1975-02-16T00:00:00.0 1975-03-16T00:00:00.0 1975-04-16T00:00:00.0 1975-05-16T00:00:00.0 1975-06-16T00:00:00.0 1975-07-16T00:00:00.0 1975-08-16T00:00:00.0 1975-09-16T00:00:00.0 1975-10-16T00:00:00.0 1975-11-16T00:00:00.0 1975-12-16T00:00:00.0</timePositionList>
                                       </SpatialOrTemporalPositionList>
                                    </coordAxisValues>
                                    <gridAxesSpanned>time</gridAxesSpanned>
                                    <sequenceRule axisOrder="+1">Linear</sequenceRule>
                                 </GridOrdinateDescription>
                              </gridOrdinate>
                              <gridOrdinate>
                                 <GridOrdinateDescription>
                                    <coordAxisLabel>latitude</coordAxisLabel>
                                    <coordAxisValues xlink:href="#WIomOmP5" xlink:show="embed" xlink:arcrole="coordinateList" xlink:role="http://ndg.nerc.ac.uk/fileFormat/csmlStorageDescriptor">
                                       <SpatialOrTemporalPositionList gml:id="QUyQhWN2">
                                          <coordinateList></coordinateList>
                                       </SpatialOrTemporalPositionList>
                                    </coordAxisValues>
                                    <gridAxesSpanned>latitude</gridAxesSpanned>
                                    <sequenceRule axisOrder="+1">Linear</sequenceRule>
                                 </GridOrdinateDescription>
                              </gridOrdinate>
                              <gridOrdinate>
                                 <GridOrdinateDescription>
                                    <coordAxisLabel>longitude</coordAxisLabel>
                                    <coordAxisValues xlink:href="#DZOcvLkn" xlink:show="embed" xlink:arcrole="coordinateList" xlink:role="http://ndg.nerc.ac.uk/fileFormat/csmlStorageDescriptor">
                                       <SpatialOrTemporalPositionList gml:id="BD6xHZEM">
                                          <coordinateList></coordinateList>
                                       </SpatialOrTemporalPositionList>
                                    </coordAxisValues>
                                    <gridAxesSpanned>longitude</gridAxesSpanned>
                                    <sequenceRule axisOrder="+1">Linear</sequenceRule>
                                 </GridOrdinateDescription>
                              </gridOrdinate>
                           </GridCoordinatesTable>
                        </coordTransformTable>
                     </GridSeriesDomain>
                  </gridSeriesDomain>
                  <gml:rangeSet>
                     <gml:ValueArray gml:id="Wdh45DMS">
                        <gml:valueComponent xlink:href="#GfJJpsee" xlink:show="embed" xlink:arcrole="QuantityList" xlink:role="http://ndg.nerc.ac.uk/fileFormat/csmlStorageDescriptor">
                           <gml:QuantityList uom="1"></gml:QuantityList>
                        </gml:valueComponent>
                     </gml:ValueArray>
                  </gml:rangeSet>
               </GridSeriesCoverage>
            </value>
            <parameter xlink:href="http://cfconventions.org/standard_names/specific_humidity"></parameter>
         </GridSeriesFeature>
      </featureMember>
      <featureMember>
         <GridSeriesFeature gml:id="precipitation_flux">
            <gml:description>missing description</gml:description>
            <gml:name>precipitation_flux</gml:name>
            <gml:boundedBy>
               <gml:EnvelopeWithTimePeriod srsName="WGS84">
                  <gml:lowerCorner>0.0 -90.0</gml:lowerCorner>
                  <gml:upperCorner>360.0 90.0</gml:upperCorner>
                  <gml:beginPosition>1915-01-16T00:00:00.0</gml:beginPosition>
                  <gml:endPosition>1975-12-16T00:00:00.0</gml:endPosition>
               </gml:EnvelopeWithTimePeriod>
            </gml:boundedBy>
            <value>
               <GridSeriesCoverage gml:id="GAFhABm7">
                  <gridSeriesDomain>
                     <GridSeriesDomain srsName="ndg:crs:lonlatt" uomLabels="degree_east degree_north days_since_1901-01-01" gml:id="PWtTAruO" axisLabels="longitude latitude time" dimension="3" srsDimension="3">
                        <limits>
                           <gml:GridEnvelope>
                              <gml:low>0 0 0</gml:low>
                              <gml:high>0 0 0</gml:high>
                           </gml:GridEnvelope>
                        </limits>
                        <axisLabels>time latitude longitude</axisLabels>
                        <coordTransformTable>
                           <GridCoordinatesTable>
                              <gridOrdinate>
                                 <GridOrdinateDescription>
                                    <coordAxisLabel>time</coordAxisLabel>
                                    <coordAxisValues>
                                       <SpatialOrTemporalPositionList gml:id="C71sabfu">
                                          <timePositionList frame="ndg:standard">1915-01-16T00:00:00.0 1915-02-16T00:00:00.0 1915-03-16T00:00:00.0 1915-04-16T00:00:00.0 1915-05-16T00:00:00.0 1915-06-16T00:00:00.0 1915-07-16T00:00:00.0 1915-08-16T00:00:00.0 1915-09-16T00:00:00.0 1915-10-16T00:00:00.0 1915-11-16T00:00:00.0 1915-12-16T00:00:00.0 1945-01-16T00:00:00.0 1945-02-16T00:00:00.0 1945-03-16T00:00:00.0 1945-04-16T00:00:00.0 1945-05-16T00:00:00.0 1945-06-16T00:00:00.0 1945-07-16T00:00:00.0 1945-08-16T00:00:00.0 1945-09-16T00:00:00.0 1945-10-16T00:00:00.0 1945-11-16T00:00:00.0 1945-12-16T00:00:00.0 1975-01-16T00:00:00.0 1975-02-16T00:00:00.0 1975-03-16T00:00:00.0 1975-04-16T00:00:00.0 1975-05-16T00:00:00.0 1975-06-16T00:00:00.0 1975-07-16T00:00:00.0 1975-08-16T00:00:00.0 1975-09-16T00:00:00.0 1975-10-16T00:00:00.0 1975-11-16T00:00:00.0 1975-12-16T00:00:00.0</timePositionList>
                                       </SpatialOrTemporalPositionList>
                                    </coordAxisValues>
                                    <gridAxesSpanned>time</gridAxesSpanned>
                                    <sequenceRule axisOrder="+1">Linear</sequenceRule>
                                 </GridOrdinateDescription>
                              </gridOrdinate>
                              <gridOrdinate>
                                 <GridOrdinateDescription>
                                    <coordAxisLabel>latitude</coordAxisLabel>
                                    <coordAxisValues xlink:href="#X7ik3xqj" xlink:show="embed" xlink:arcrole="coordinateList" xlink:role="http://ndg.nerc.ac.uk/fileFormat/csmlStorageDescriptor">
                                       <SpatialOrTemporalPositionList gml:id="GrDRKEnM">
                                          <coordinateList></coordinateList>
                                       </SpatialOrTemporalPositionList>
                                    </coordAxisValues>
                                    <gridAxesSpanned>latitude</gridAxesSpanned>
                                    <sequenceRule axisOrder="+1">Linear</sequenceRule>
                                 </GridOrdinateDescription>
                              </gridOrdinate>
                              <gridOrdinate>
                                 <GridOrdinateDescription>
                                    <coordAxisLabel>longitude</coordAxisLabel>
                                    <coordAxisValues xlink:href="#No8jwyUv" xlink:show="embed" xlink:arcrole="coordinateList" xlink:role="http://ndg.nerc.ac.uk/fileFormat/csmlStorageDescriptor">
                                       <SpatialOrTemporalPositionList gml:id="WxYkkOGS">
                                          <coordinateList></coordinateList>
                                       </SpatialOrTemporalPositionList>
                                    </coordAxisValues>
                                    <gridAxesSpanned>longitude</gridAxesSpanned>
                                    <sequenceRule axisOrder="+1">Linear</sequenceRule>
                                 </GridOrdinateDescription>
                              </gridOrdinate>
                           </GridCoordinatesTable>
                        </coordTransformTable>
                     </GridSeriesDomain>
                  </gridSeriesDomain>
                  <gml:rangeSet>
                     <gml:ValueArray gml:id="OrjbvoUL">
                        <gml:valueComponent xlink:href="#P3n4afoZ" xlink:show="embed" xlink:arcrole="QuantityList" xlink:role="http://ndg.nerc.ac.uk/fileFormat/csmlStorageDescriptor">
                           <gml:QuantityList uom="kg.m-2.s-1"></gml:QuantityList>
                        </gml:valueComponent>
                     </gml:ValueArray>
                  </gml:rangeSet>
               </GridSeriesCoverage>
            </value>
            <parameter xlink:href="http://cfconventions.org/standard_names/precipitation_flux"></parameter>
         </GridSeriesFeature>
      </featureMember>
      <featureMember>
         <GridSeriesFeature gml:id="air_pressure_at_sea_level">
            <gml:description>missing description</gml:description>
            <gml:name>air_pressure_at_sea_level</gml:name>
            <gml:boundedBy>
               <gml:EnvelopeWithTimePeriod srsName="WGS84">
                  <gml:lowerCorner>0.0 -90.0</gml:lowerCorner>
                  <gml:upperCorner>360.0 90.0</gml:upperCorner>
                  <gml:beginPosition>1915-01-16T00:00:00.0</gml:beginPosition>
                  <gml:endPosition>1975-12-16T00:00:00.0</gml:endPosition>
               </gml:EnvelopeWithTimePeriod>
            </gml:boundedBy>
            <value>
               <GridSeriesCoverage gml:id="Acnq7vyb">
                  <gridSeriesDomain>
                     <GridSeriesDomain srsName="ndg:crs:lonlatt" uomLabels="degree_east degree_north days_since_1901-01-01" gml:id="NDlIT8aN" axisLabels="longitude latitude time" dimension="3" srsDimension="3">
                        <limits>
                           <gml:GridEnvelope>
                              <gml:low>0 0 0</gml:low>
                              <gml:high>0 0 0</gml:high>
                           </gml:GridEnvelope>
                        </limits>
                        <axisLabels>time latitude longitude</axisLabels>
                        <coordTransformTable>
                           <GridCoordinatesTable>
                              <gridOrdinate>
                                 <GridOrdinateDescription>
                                    <coordAxisLabel>time</coordAxisLabel>
                                    <coordAxisValues>
                                       <SpatialOrTemporalPositionList gml:id="Xw0hUzri">
                                          <timePositionList frame="ndg:standard">1915-01-16T00:00:00.0 1915-02-16T00:00:00.0 1915-03-16T00:00:00.0 1915-04-16T00:00:00.0 1915-05-16T00:00:00.0 1915-06-16T00:00:00.0 1915-07-16T00:00:00.0 1915-08-16T00:00:00.0 1915-09-16T00:00:00.0 1915-10-16T00:00:00.0 1915-11-16T00:00:00.0 1915-12-16T00:00:00.0 1945-01-16T00:00:00.0 1945-02-16T00:00:00.0 1945-03-16T00:00:00.0 1945-04-16T00:00:00.0 1945-05-16T00:00:00.0 1945-06-16T00:00:00.0 1945-07-16T00:00:00.0 1945-08-16T00:00:00.0 1945-09-16T00:00:00.0 1945-10-16T00:00:00.0 1945-11-16T00:00:00.0 1945-12-16T00:00:00.0 1975-01-16T00:00:00.0 1975-02-16T00:00:00.0 1975-03-16T00:00:00.0 1975-04-16T00:00:00.0 1975-05-16T00:00:00.0 1975-06-16T00:00:00.0 1975-07-16T00:00:00.0 1975-08-16T00:00:00.0 1975-09-16T00:00:00.0 1975-10-16T00:00:00.0 1975-11-16T00:00:00.0 1975-12-16T00:00:00.0</timePositionList>
                                       </SpatialOrTemporalPositionList>
                                    </coordAxisValues>
                                    <gridAxesSpanned>time</gridAxesSpanned>
                                    <sequenceRule axisOrder="+1">Linear</sequenceRule>
                                 </GridOrdinateDescription>
                              </gridOrdinate>
                              <gridOrdinate>
                                 <GridOrdinateDescription>
                                    <coordAxisLabel>latitude</coordAxisLabel>
                                    <coordAxisValues xlink:href="#UXMmE1lw" xlink:show="embed" xlink:arcrole="coordinateList" xlink:role="http://ndg.nerc.ac.uk/fileFormat/csmlStorageDescriptor">
                                       <SpatialOrTemporalPositionList gml:id="GhTC5tcr">
                                          <coordinateList></coordinateList>
                                       </SpatialOrTemporalPositionList>
                                    </coordAxisValues>
                                    <gridAxesSpanned>latitude</gridAxesSpanned>
                                    <sequenceRule axisOrder="+1">Linear</sequenceRule>
                                 </GridOrdinateDescription>
                              </gridOrdinate>
                              <gridOrdinate>
                                 <GridOrdinateDescription>
                                    <coordAxisLabel>longitude</coordAxisLabel>
                                    <coordAxisValues xlink:href="#CaP1250N" xlink:show="embed" xlink:arcrole="coordinateList" xlink:role="http://ndg.nerc.ac.uk/fileFormat/csmlStorageDescriptor">
                                       <SpatialOrTemporalPositionList gml:id="LkM7qbxK">
                                          <coordinateList></coordinateList>
                                       </SpatialOrTemporalPositionList>
                                    </coordAxisValues>
                                    <gridAxesSpanned>longitude</gridAxesSpanned>
                                    <sequenceRule axisOrder="+1">Linear</sequenceRule>
                                 </GridOrdinateDescription>
                              </gridOrdinate>
                           </GridCoordinatesTable>
                        </coordTransformTable>
                     </GridSeriesDomain>
                  </gridSeriesDomain>
                  <gml:rangeSet>
                     <gml:ValueArray gml:id="XWXEy3it">
                        <gml:valueComponent xlink:href="#JIeMmw5F" xlink:show="embed" xlink:arcrole="QuantityList" xlink:role="http://ndg.nerc.ac.uk/fileFormat/csmlStorageDescriptor">
                           <gml:QuantityList uom="Pa"></gml:QuantityList>
                        </gml:valueComponent>
                     </gml:ValueArray>
                  </gml:rangeSet>
               </GridSeriesCoverage>
            </value>
            <parameter xlink:href="http://cfconventions.org/standard_names/air_pressure_at_sea_level"></parameter>
         </GridSeriesFeature>
      </featureMember>
      <featureMember>
         <GridSeriesFeature gml:id="surface_downwelling_shortwave_flux_in_air">
            <gml:description>missing description</gml:description>
            <gml:name>surface_downwelling_shortwave_flux_in_air</gml:name>
            <gml:boundedBy>
               <gml:EnvelopeWithTimePeriod srsName="WGS84">
                  <gml:lowerCorner>0.0 -90.0</gml:lowerCorner>
                  <gml:upperCorner>360.0 90.0</gml:upperCorner>
                  <gml:beginPosition>1915-01-16T00:00:00.0</gml:beginPosition>
                  <gml:endPosition>1975-12-16T00:00:00.0</gml:endPosition>
               </gml:EnvelopeWithTimePeriod>
            </gml:boundedBy>
            <value>
               <GridSeriesCoverage gml:id="A0fcIPBx">
                  <gridSeriesDomain>
                     <GridSeriesDomain srsName="ndg:crs:lonlatt" uomLabels="degree_east degree_north days_since_1901-01-01" gml:id="Z6ZqzVUO" axisLabels="longitude latitude time" dimension="3" srsDimension="3">
                        <limits>
                           <gml:GridEnvelope>
                              <gml:low>0 0 0</gml:low>
                              <gml:high>0 0 0</gml:high>
                           </gml:GridEnvelope>
                        </limits>
                        <axisLabels>time latitude longitude</axisLabels>
                        <coordTransformTable>
                           <GridCoordinatesTable>
                              <gridOrdinate>
                                 <GridOrdinateDescription>
                                    <coordAxisLabel>time</coordAxisLabel>
                                    <coordAxisValues>
                                       <SpatialOrTemporalPositionList gml:id="YZAiBIpO">
                                          <timePositionList frame="ndg:standard">1915-01-16T00:00:00.0 1915-02-16T00:00:00.0 1915-03-16T00:00:00.0 1915-04-16T00:00:00.0 1915-05-16T00:00:00.0 1915-06-16T00:00:00.0 1915-07-16T00:00:00.0 1915-08-16T00:00:00.0 1915-09-16T00:00:00.0 1915-10-16T00:00:00.0 1915-11-16T00:00:00.0 1915-12-16T00:00:00.0 1945-01-16T00:00:00.0 1945-02-16T00:00:00.0 1945-03-16T00:00:00.0 1945-04-16T00:00:00.0 1945-05-16T00:00:00.0 1945-06-16T00:00:00.0 1945-07-16T00:00:00.0 1945-08-16T00:00:00.0 1945-09-16T00:00:00.0 1945-10-16T00:00:00.0 1945-11-16T00:00:00.0 1945-12-16T00:00:00.0 1975-01-16T00:00:00.0 1975-02-16T00:00:00.0 1975-03-16T00:00:00.0 1975-04-16T00:00:00.0 1975-05-16T00:00:00.0 1975-06-16T00:00:00.0 1975-07-16T00:00:00.0 1975-08-16T00:00:00.0 1975-09-16T00:00:00.0 1975-10-16T00:00:00.0 1975-11-16T00:00:00.0 1975-12-16T00:00:00.0</timePositionList>
                                       </SpatialOrTemporalPositionList>
                                    </coordAxisValues>
                                    <gridAxesSpanned>time</gridAxesSpanned>
                                    <sequenceRule axisOrder="+1">Linear</sequenceRule>
                                 </GridOrdinateDescription>
                              </gridOrdinate>
                              <gridOrdinate>
                                 <GridOrdinateDescription>
                                    <coordAxisLabel>latitude</coordAxisLabel>
                                    <coordAxisValues xlink:href="#Vyf70bCN" xlink:show="embed" xlink:arcrole="coordinateList" xlink:role="http://ndg.nerc.ac.uk/fileFormat/csmlStorageDescriptor">
                                       <SpatialOrTemporalPositionList gml:id="HWJjfA9h">
                                          <coordinateList></coordinateList>
                                       </SpatialOrTemporalPositionList>
                                    </coordAxisValues>
                                    <gridAxesSpanned>latitude</gridAxesSpanned>
                                    <sequenceRule axisOrder="+1">Linear</sequenceRule>
                                 </GridOrdinateDescription>
                              </gridOrdinate>
                              <gridOrdinate>
                                 <GridOrdinateDescription>
                                    <coordAxisLabel>longitude</coordAxisLabel>
                                    <coordAxisValues xlink:href="#Vkx9cU8A" xlink:show="embed" xlink:arcrole="coordinateList" xlink:role="http://ndg.nerc.ac.uk/fileFormat/csmlStorageDescriptor">
                                       <SpatialOrTemporalPositionList gml:id="Ak67jle6">
                                          <coordinateList></coordinateList>
                                       </SpatialOrTemporalPositionList>
                                    </coordAxisValues>
                                    <gridAxesSpanned>longitude</gridAxesSpanned>
                                    <sequenceRule axisOrder="+1">Linear</sequenceRule>
                                 </GridOrdinateDescription>
                              </gridOrdinate>
                           </GridCoordinatesTable>
                        </coordTransformTable>
                     </GridSeriesDomain>
                  </gridSeriesDomain>
                  <gml:rangeSet>
                     <gml:ValueArray gml:id="UsgO46Pf">
                        <gml:valueComponent xlink:href="#OQ8iECn3" xlink:show="embed" xlink:arcrole="QuantityList" xlink:role="http://ndg.nerc.ac.uk/fileFormat/csmlStorageDescriptor">
                           <gml:QuantityList uom="W.m-2"></gml:QuantityList>
                        </gml:valueComponent>
                     </gml:ValueArray>
                  </gml:rangeSet>
               </GridSeriesCoverage>
            </value>
            <parameter xlink:href="http://cfconventions.org/standard_names/surface_downwelling_shortwave_flux_in_air"></parameter>
         </GridSeriesFeature>
      </featureMember>
      <featureMember>
         <GridSeriesFeature gml:id="air_temperature">
            <gml:description>missing description</gml:description>
            <gml:name>air_temperature</gml:name>
            <gml:boundedBy>
               <gml:EnvelopeWithTimePeriod srsName="WGS84">
                  <gml:lowerCorner>0.0 -90.0</gml:lowerCorner>
                  <gml:upperCorner>360.0 90.0</gml:upperCorner>
                  <gml:beginPosition>1915-01-16T00:00:00.0</gml:beginPosition>
                  <gml:endPosition>1975-12-16T00:00:00.0</gml:endPosition>
               </gml:EnvelopeWithTimePeriod>
            </gml:boundedBy>
            <value>
               <GridSeriesCoverage gml:id="P0XQmmym">
                  <gridSeriesDomain>
                     <GridSeriesDomain srsName="ndg:crs:lonlatt" uomLabels="degree_east degree_north days_since_1901-01-01" gml:id="KRw2V6jG" axisLabels="longitude latitude time" dimension="3" srsDimension="3">
                        <limits>
                           <gml:GridEnvelope>
                              <gml:low>0 0 0</gml:low>
                              <gml:high>0 0 0</gml:high>
                           </gml:GridEnvelope>
                        </limits>
                        <axisLabels>time latitude longitude</axisLabels>
                        <coordTransformTable>
                           <GridCoordinatesTable>
                              <gridOrdinate>
                                 <GridOrdinateDescription>
                                    <coordAxisLabel>time</coordAxisLabel>
                                    <coordAxisValues>
                                       <SpatialOrTemporalPositionList gml:id="O1ueh5Mb">
                                          <timePositionList frame="ndg:standard">1915-01-16T00:00:00.0 1915-02-16T00:00:00.0 1915-03-16T00:00:00.0 1915-04-16T00:00:00.0 1915-05-16T00:00:00.0 1915-06-16T00:00:00.0 1915-07-16T00:00:00.0 1915-08-16T00:00:00.0 1915-09-16T00:00:00.0 1915-10-16T00:00:00.0 1915-11-16T00:00:00.0 1915-12-16T00:00:00.0 1945-01-16T00:00:00.0 1945-02-16T00:00:00.0 1945-03-16T00:00:00.0 1945-04-16T00:00:00.0 1945-05-16T00:00:00.0 1945-06-16T00:00:00.0 1945-07-16T00:00:00.0 1945-08-16T00:00:00.0 1945-09-16T00:00:00.0 1945-10-16T00:00:00.0 1945-11-16T00:00:00.0 1945-12-16T00:00:00.0 1975-01-16T00:00:00.0 1975-02-16T00:00:00.0 1975-03-16T00:00:00.0 1975-04-16T00:00:00.0 1975-05-16T00:00:00.0 1975-06-16T00:00:00.0 1975-07-16T00:00:00.0 1975-08-16T00:00:00.0 1975-09-16T00:00:00.0 1975-10-16T00:00:00.0 1975-11-16T00:00:00.0 1975-12-16T00:00:00.0</timePositionList>
                                       </SpatialOrTemporalPositionList>
                                    </coordAxisValues>
                                    <gridAxesSpanned>time</gridAxesSpanned>
                                    <sequenceRule axisOrder="+1">Linear</sequenceRule>
                                 </GridOrdinateDescription>
                              </gridOrdinate>
                              <gridOrdinate>
                                 <GridOrdinateDescription>
                                    <coordAxisLabel>latitude</coordAxisLabel>
                                    <coordAxisValues xlink:href="#XyH3vrt9" xlink:show="embed" xlink:arcrole="coordinateList" xlink:role="http://ndg.nerc.ac.uk/fileFormat/csmlStorageDescriptor">
                                       <SpatialOrTemporalPositionList gml:id="OOGWnotT">
                                          <coordinateList></coordinateList>
                                       </SpatialOrTemporalPositionList>
                                    </coordAxisValues>
                                    <gridAxesSpanned>latitude</gridAxesSpanned>
                                    <sequenceRule axisOrder="+1">Linear</sequenceRule>
                                 </GridOrdinateDescription>
                              </gridOrdinate>
                              <gridOrdinate>
                                 <GridOrdinateDescription>
                                    <coordAxisLabel>longitude</coordAxisLabel>
                                    <coordAxisValues xlink:href="#T1tZlYqN" xlink:show="embed" xlink:arcrole="coordinateList" xlink:role="http://ndg.nerc.ac.uk/fileFormat/csmlStorageDescriptor">
                                       <SpatialOrTemporalPositionList gml:id="Tnn6zFGA">
                                          <coordinateList></coordinateList>
                                       </SpatialOrTemporalPositionList>
                                    </coordAxisValues>
                                    <gridAxesSpanned>longitude</gridAxesSpanned>
                                    <sequenceRule axisOrder="+1">Linear</sequenceRule>
                                 </GridOrdinateDescription>
                              </gridOrdinate>
                           </GridCoordinatesTable>
                        </coordTransformTable>
                     </GridSeriesDomain>
                  </gridSeriesDomain>
                  <gml:rangeSet>
                     <gml:ValueArray gml:id="SNQCWJIq">
                        <gml:valueComponent xlink:href="#QznlcqdG" xlink:show="embed" xlink:arcrole="QuantityList" xlink:role="http://ndg.nerc.ac.uk/fileFormat/csmlStorageDescriptor">
                           <gml:QuantityList uom="K"></gml:QuantityList>
                        </gml:valueComponent>
                     </gml:ValueArray>
                  </gml:rangeSet>
               </GridSeriesCoverage>
            </value>
            <parameter xlink:href="http://cfconventions.org/standard_names/air_temperature"></parameter>
         </GridSeriesFeature>
      </featureMember>
      <featureMember>
         <GridSeriesFeature gml:id="air_temperature_daily_max">
            <gml:description>missing description</gml:description>
            <gml:name>air_temperature_daily_max</gml:name>
            <gml:boundedBy>
               <gml:EnvelopeWithTimePeriod srsName="WGS84">
                  <gml:lowerCorner>0.0 -90.0</gml:lowerCorner>
                  <gml:upperCorner>360.0 90.0</gml:upperCorner>
                  <gml:beginPosition>1915-01-16T00:00:00.0</gml:beginPosition>
                  <gml:endPosition>1975-12-16T00:00:00.0</gml:endPosition>
               </gml:EnvelopeWithTimePeriod>
            </gml:boundedBy>
            <value>
               <GridSeriesCoverage gml:id="CnBAIZLC">
                  <gridSeriesDomain>
                     <GridSeriesDomain srsName="ndg:crs:lonlatt" uomLabels="degree_east degree_north days_since_1901-01-01" gml:id="FAOyqjjC" axisLabels="longitude latitude time" dimension="3" srsDimension="3">
                        <limits>
                           <gml:GridEnvelope>
                              <gml:low>0 0 0</gml:low>
                              <gml:high>0 0 0</gml:high>
                           </gml:GridEnvelope>
                        </limits>
                        <axisLabels>time latitude longitude</axisLabels>
                        <coordTransformTable>
                           <GridCoordinatesTable>
                              <gridOrdinate>
                                 <GridOrdinateDescription>
                                    <coordAxisLabel>time</coordAxisLabel>
                                    <coordAxisValues>
                                       <SpatialOrTemporalPositionList gml:id="AG5U01cB">
                                          <timePositionList frame="ndg:standard">1915-01-16T00:00:00.0 1915-02-16T00:00:00.0 1915-03-16T00:00:00.0 1915-04-16T00:00:00.0 1915-05-16T00:00:00.0 1915-06-16T00:00:00.0 1915-07-16T00:00:00.0 1915-08-16T00:00:00.0 1915-09-16T00:00:00.0 1915-10-16T00:00:00.0 1915-11-16T00:00:00.0 1915-12-16T00:00:00.0 1945-01-16T00:00:00.0 1945-02-16T00:00:00.0 1945-03-16T00:00:00.0 1945-04-16T00:00:00.0 1945-05-16T00:00:00.0 1945-06-16T00:00:00.0 1945-07-16T00:00:00.0 1945-08-16T00:00:00.0 1945-09-16T00:00:00.0 1945-10-16T00:00:00.0 1945-11-16T00:00:00.0 1945-12-16T00:00:00.0 1975-01-16T00:00:00.0 1975-02-16T00:00:00.0 1975-03-16T00:00:00.0 1975-04-16T00:00:00.0 1975-05-16T00:00:00.0 1975-06-16T00:00:00.0 1975-07-16T00:00:00.0 1975-08-16T00:00:00.0 1975-09-16T00:00:00.0 1975-10-16T00:00:00.0 1975-11-16T00:00:00.0 1975-12-16T00:00:00.0</timePositionList>
                                       </SpatialOrTemporalPositionList>
                                    </coordAxisValues>
                                    <gridAxesSpanned>time</gridAxesSpanned>
                                    <sequenceRule axisOrder="+1">Linear</sequenceRule>
                                 </GridOrdinateDescription>
                              </gridOrdinate>
                              <gridOrdinate>
                                 <GridOrdinateDescription>
                                    <coordAxisLabel>latitude</coordAxisLabel>
                                    <coordAxisValues xlink:href="#JNZP7qvH" xlink:show="embed" xlink:arcrole="coordinateList" xlink:role="http://ndg.nerc.ac.uk/fileFormat/csmlStorageDescriptor">
                                       <SpatialOrTemporalPositionList gml:id="Vp6bSBS2">
                                          <coordinateList></coordinateList>
                                       </SpatialOrTemporalPositionList>
                                    </coordAxisValues>
                                    <gridAxesSpanned>latitude</gridAxesSpanned>
                                    <sequenceRule axisOrder="+1">Linear</sequenceRule>
                                 </GridOrdinateDescription>
                              </gridOrdinate>
                              <gridOrdinate>
                                 <GridOrdinateDescription>
                                    <coordAxisLabel>longitude</coordAxisLabel>
                                    <coordAxisValues xlink:href="#J1CXQwkR" xlink:show="embed" xlink:arcrole="coordinateList" xlink:role="http://ndg.nerc.ac.uk/fileFormat/csmlStorageDescriptor">
                                       <SpatialOrTemporalPositionList gml:id="GxzQ3umC">
                                          <coordinateList></coordinateList>
                                       </SpatialOrTemporalPositionList>
                                    </coordAxisValues>
                                    <gridAxesSpanned>longitude</gridAxesSpanned>
                                    <sequenceRule axisOrder="+1">Linear</sequenceRule>
                                 </GridOrdinateDescription>
                              </gridOrdinate>
                           </GridCoordinatesTable>
                        </coordTransformTable>
                     </GridSeriesDomain>
                  </gridSeriesDomain>
                  <gml:rangeSet>
                     <gml:ValueArray gml:id="ZrM2Lcmw">
                        <gml:valueComponent xlink:href="#JmGEwQzE" xlink:show="embed" xlink:arcrole="QuantityList" xlink:role="http://ndg.nerc.ac.uk/fileFormat/csmlStorageDescriptor">
                           <gml:QuantityList uom="K"></gml:QuantityList>
                        </gml:valueComponent>
                     </gml:ValueArray>
                  </gml:rangeSet>
               </GridSeriesCoverage>
            </value>
            <parameter xlink:href="http://cfconventions.org/standard_names/air_temperature"></parameter>
         </GridSeriesFeature>
      </featureMember>
      <featureMember>
         <GridSeriesFeature gml:id="air_temperature_daily_min">
            <gml:description>missing description</gml:description>
            <gml:name>air_temperature_daily_min</gml:name>
            <gml:boundedBy>
               <gml:EnvelopeWithTimePeriod srsName="WGS84">
                  <gml:lowerCorner>0.0 -90.0</gml:lowerCorner>
                  <gml:upperCorner>360.0 90.0</gml:upperCorner>
                  <gml:beginPosition>1915-01-16T00:00:00.0</gml:beginPosition>
                  <gml:endPosition>1975-12-16T00:00:00.0</gml:endPosition>
               </gml:EnvelopeWithTimePeriod>
            </gml:boundedBy>
            <value>
               <GridSeriesCoverage gml:id="YHqu5cGW">
                  <gridSeriesDomain>
                     <GridSeriesDomain srsName="ndg:crs:lonlatt" uomLabels="degree_east degree_north days_since_1901-01-01" gml:id="WwgPEJyD" axisLabels="longitude latitude time" dimension="3" srsDimension="3">
                        <limits>
                           <gml:GridEnvelope>
                              <gml:low>0 0 0</gml:low>
                              <gml:high>0 0 0</gml:high>
                           </gml:GridEnvelope>
                        </limits>
                        <axisLabels>time latitude longitude</axisLabels>
                        <coordTransformTable>
                           <GridCoordinatesTable>
                              <gridOrdinate>
                                 <GridOrdinateDescription>
                                    <coordAxisLabel>time</coordAxisLabel>
                                    <coordAxisValues>
                                       <SpatialOrTemporalPositionList gml:id="BadOsm3K">
                                          <timePositionList frame="ndg:standard">1915-01-16T00:00:00.0 1915-02-16T00:00:00.0 1915-03-16T00:00:00.0 1915-04-16T00:00:00.0 1915-05-16T00:00:00.0 1915-06-16T00:00:00.0 1915-07-16T00:00:00.0 1915-08-16T00:00:00.0 1915-09-16T00:00:00.0 1915-10-16T00:00:00.0 1915-11-16T00:00:00.0 1915-12-16T00:00:00.0 1945-01-16T00:00:00.0 1945-02-16T00:00:00.0 1945-03-16T00:00:00.0 1945-04-16T00:00:00.0 1945-05-16T00:00:00.0 1945-06-16T00:00:00.0 1945-07-16T00:00:00.0 1945-08-16T00:00:00.0 1945-09-16T00:00:00.0 1945-10-16T00:00:00.0 1945-11-16T00:00:00.0 1945-12-16T00:00:00.0 1975-01-16T00:00:00.0 1975-02-16T00:00:00.0 1975-03-16T00:00:00.0 1975-04-16T00:00:00.0 1975-05-16T00:00:00.0 1975-06-16T00:00:00.0 1975-07-16T00:00:00.0 1975-08-16T00:00:00.0 1975-09-16T00:00:00.0 1975-10-16T00:00:00.0 1975-11-16T00:00:00.0 1975-12-16T00:00:00.0</timePositionList>
                                       </SpatialOrTemporalPositionList>
                                    </coordAxisValues>
                                    <gridAxesSpanned>time</gridAxesSpanned>
                                    <sequenceRule axisOrder="+1">Linear</sequenceRule>
                                 </GridOrdinateDescription>
                              </gridOrdinate>
                              <gridOrdinate>
                                 <GridOrdinateDescription>
                                    <coordAxisLabel>latitude</coordAxisLabel>
                                    <coordAxisValues xlink:href="#ZOrZ0dAD" xlink:show="embed" xlink:arcrole="coordinateList" xlink:role="http://ndg.nerc.ac.uk/fileFormat/csmlStorageDescriptor">
                                       <SpatialOrTemporalPositionList gml:id="WhmB5f5M">
                                          <coordinateList></coordinateList>
                                       </SpatialOrTemporalPositionList>
                                    </coordAxisValues>
                                    <gridAxesSpanned>latitude</gridAxesSpanned>
                                    <sequenceRule axisOrder="+1">Linear</sequenceRule>
                                 </GridOrdinateDescription>
                              </gridOrdinate>
                              <gridOrdinate>
                                 <GridOrdinateDescription>
                                    <coordAxisLabel>longitude</coordAxisLabel>
                                    <coordAxisValues xlink:href="#YCtYVgmy" xlink:show="embed" xlink:arcrole="coordinateList" xlink:role="http://ndg.nerc.ac.uk/fileFormat/csmlStorageDescriptor">
                                       <SpatialOrTemporalPositionList gml:id="Kd5cRAwa">
                                          <coordinateList></coordinateList>
                                       </SpatialOrTemporalPositionList>
                                    </coordAxisValues>
                                    <gridAxesSpanned>longitude</gridAxesSpanned>
                                    <sequenceRule axisOrder="+1">Linear</sequenceRule>
                                 </GridOrdinateDescription>
                              </gridOrdinate>
                           </GridCoordinatesTable>
                        </coordTransformTable>
                     </GridSeriesDomain>
                  </gridSeriesDomain>
                  <gml:rangeSet>
                     <gml:ValueArray gml:id="TJxYKkoF">
                        <gml:valueComponent xlink:href="#ZPNaA8zG" xlink:show="embed" xlink:arcrole="QuantityList" xlink:role="http://ndg.nerc.ac.uk/fileFormat/csmlStorageDescriptor">
                           <gml:QuantityList uom="K"></gml:QuantityList>
                        </gml:valueComponent>
                     </gml:ValueArray>
                  </gml:rangeSet>
               </GridSeriesCoverage>
            </value>
            <parameter xlink:href="http://cfconventions.org/standard_names/air_temperature"></parameter>
         </GridSeriesFeature>
      </featureMember>
      <featureMember>
         <GridSeriesFeature gml:id="eastward_wind">
            <gml:description>missing description</gml:description>
            <gml:name>eastward_wind</gml:name>
            <gml:boundedBy>
               <gml:EnvelopeWithTimePeriod srsName="WGS84">
                  <gml:lowerCorner>0.0 -90.0</gml:lowerCorner>
                  <gml:upperCorner>360.0 90.0</gml:upperCorner>
                  <gml:beginPosition>1915-01-16T00:00:00.0</gml:beginPosition>
                  <gml:endPosition>1975-12-16T00:00:00.0</gml:endPosition>
               </gml:EnvelopeWithTimePeriod>
            </gml:boundedBy>
            <value>
               <GridSeriesCoverage gml:id="Vttzvfdv">
                  <gridSeriesDomain>
                     <GridSeriesDomain srsName="ndg:crs:lonlatt" uomLabels="degree_east degree_north days_since_1901-01-01" gml:id="OEQnY9kf" axisLabels="longitude latitude time" dimension="3" srsDimension="3">
                        <limits>
                           <gml:GridEnvelope>
                              <gml:low>0 0 0</gml:low>
                              <gml:high>0 0 0</gml:high>
                           </gml:GridEnvelope>
                        </limits>
                        <axisLabels>time latitude longitude</axisLabels>
                        <coordTransformTable>
                           <GridCoordinatesTable>
                              <gridOrdinate>
                                 <GridOrdinateDescription>
                                    <coordAxisLabel>time</coordAxisLabel>
                                    <coordAxisValues>
                                       <SpatialOrTemporalPositionList gml:id="Iahhoseq">
                                          <timePositionList frame="ndg:standard">1915-01-16T00:00:00.0 1915-02-16T00:00:00.0 1915-03-16T00:00:00.0 1915-04-16T00:00:00.0 1915-05-16T00:00:00.0 1915-06-16T00:00:00.0 1915-07-16T00:00:00.0 1915-08-16T00:00:00.0 1915-09-16T00:00:00.0 1915-10-16T00:00:00.0 1915-11-16T00:00:00.0 1915-12-16T00:00:00.0 1945-01-16T00:00:00.0 1945-02-16T00:00:00.0 1945-03-16T00:00:00.0 1945-04-16T00:00:00.0 1945-05-16T00:00:00.0 1945-06-16T00:00:00.0 1945-07-16T00:00:00.0 1945-08-16T00:00:00.0 1945-09-16T00:00:00.0 1945-10-16T00:00:00.0 1945-11-16T00:00:00.0 1945-12-16T00:00:00.0 1975-01-16T00:00:00.0 1975-02-16T00:00:00.0 1975-03-16T00:00:00.0 1975-04-16T00:00:00.0 1975-05-16T00:00:00.0 1975-06-16T00:00:00.0 1975-07-16T00:00:00.0 1975-08-16T00:00:00.0 1975-09-16T00:00:00.0 1975-10-16T00:00:00.0 1975-11-16T00:00:00.0 1975-12-16T00:00:00.0</timePositionList>
                                       </SpatialOrTemporalPositionList>
                                    </coordAxisValues>
                                    <gridAxesSpanned>time</gridAxesSpanned>
                                    <sequenceRule axisOrder="+1">Linear</sequenceRule>
                                 </GridOrdinateDescription>
                              </gridOrdinate>
                              <gridOrdinate>
                                 <GridOrdinateDescription>
                                    <coordAxisLabel>latitude</coordAxisLabel>
                                    <coordAxisValues xlink:href="#UikMaBmI" xlink:show="embed" xlink:arcrole="coordinateList" xlink:role="http://ndg.nerc.ac.uk/fileFormat/csmlStorageDescriptor">
                                       <SpatialOrTemporalPositionList gml:id="Z7DFLFe9">
                                          <coordinateList></coordinateList>
                                       </SpatialOrTemporalPositionList>
                                    </coordAxisValues>
                                    <gridAxesSpanned>latitude</gridAxesSpanned>
                                    <sequenceRule axisOrder="+1">Linear</sequenceRule>
                                 </GridOrdinateDescription>
                              </gridOrdinate>
                              <gridOrdinate>
                                 <GridOrdinateDescription>
                                    <coordAxisLabel>longitude</coordAxisLabel>
                                    <coordAxisValues xlink:href="#VwtBOKHQ" xlink:show="embed" xlink:arcrole="coordinateList" xlink:role="http://ndg.nerc.ac.uk/fileFormat/csmlStorageDescriptor">
                                       <SpatialOrTemporalPositionList gml:id="KP39K5Wh">
                                          <coordinateList></coordinateList>
                                       </SpatialOrTemporalPositionList>
                                    </coordAxisValues>
                                    <gridAxesSpanned>longitude</gridAxesSpanned>
                                    <sequenceRule axisOrder="+1">Linear</sequenceRule>
                                 </GridOrdinateDescription>
                              </gridOrdinate>
                           </GridCoordinatesTable>
                        </coordTransformTable>
                     </GridSeriesDomain>
                  </gridSeriesDomain>
                  <gml:rangeSet>
                     <gml:ValueArray gml:id="TgMlRbNp">
                        <gml:valueComponent xlink:href="#DeHLV973" xlink:show="embed" xlink:arcrole="QuantityList" xlink:role="http://ndg.nerc.ac.uk/fileFormat/csmlStorageDescriptor">
                           <gml:QuantityList uom="m.s-1"></gml:QuantityList>
                        </gml:valueComponent>
                     </gml:ValueArray>
                  </gml:rangeSet>
               </GridSeriesCoverage>
            </value>
            <parameter xlink:href="http://cfconventions.org/standard_names/eastward_wind"></parameter>
         </GridSeriesFeature>
      </featureMember>
      <featureMember>
         <GridSeriesFeature gml:id="northward_wind">
            <gml:description>missing description</gml:description>
            <gml:name>northward_wind</gml:name>
            <gml:boundedBy>
               <gml:EnvelopeWithTimePeriod srsName="WGS84">
                  <gml:lowerCorner>0.0 -90.0</gml:lowerCorner>
                  <gml:upperCorner>360.0 90.0</gml:upperCorner>
                  <gml:beginPosition>1915-01-16T00:00:00.0</gml:beginPosition>
                  <gml:endPosition>1975-12-16T00:00:00.0</gml:endPosition>
               </gml:EnvelopeWithTimePeriod>
            </gml:boundedBy>
            <value>
               <GridSeriesCoverage gml:id="SFpRHe8O">
                  <gridSeriesDomain>
                     <GridSeriesDomain srsName="ndg:crs:lonlatt" uomLabels="degree_east degree_north days_since_1901-01-01" gml:id="ZYoQRA2v" axisLabels="longitude latitude time" dimension="3" srsDimension="3">
                        <limits>
                           <gml:GridEnvelope>
                              <gml:low>0 0 0</gml:low>
                              <gml:high>0 0 0</gml:high>
                           </gml:GridEnvelope>
                        </limits>
                        <axisLabels>time latitude longitude</axisLabels>
                        <coordTransformTable>
                           <GridCoordinatesTable>
                              <gridOrdinate>
                                 <GridOrdinateDescription>
                                    <coordAxisLabel>time</coordAxisLabel>
                                    <coordAxisValues>
                                       <SpatialOrTemporalPositionList gml:id="ZAW9ORj4">
                                          <timePositionList frame="ndg:standard">1915-01-16T00:00:00.0 1915-02-16T00:00:00.0 1915-03-16T00:00:00.0 1915-04-16T00:00:00.0 1915-05-16T00:00:00.0 1915-06-16T00:00:00.0 1915-07-16T00:00:00.0 1915-08-16T00:00:00.0 1915-09-16T00:00:00.0 1915-10-16T00:00:00.0 1915-11-16T00:00:00.0 1915-12-16T00:00:00.0 1945-01-16T00:00:00.0 1945-02-16T00:00:00.0 1945-03-16T00:00:00.0 1945-04-16T00:00:00.0 1945-05-16T00:00:00.0 1945-06-16T00:00:00.0 1945-07-16T00:00:00.0 1945-08-16T00:00:00.0 1945-09-16T00:00:00.0 1945-10-16T00:00:00.0 1945-11-16T00:00:00.0 1945-12-16T00:00:00.0 1975-01-16T00:00:00.0 1975-02-16T00:00:00.0 1975-03-16T00:00:00.0 1975-04-16T00:00:00.0 1975-05-16T00:00:00.0 1975-06-16T00:00:00.0 1975-07-16T00:00:00.0 1975-08-16T00:00:00.0 1975-09-16T00:00:00.0 1975-10-16T00:00:00.0 1975-11-16T00:00:00.0 1975-12-16T00:00:00.0</timePositionList>
                                       </SpatialOrTemporalPositionList>
                                    </coordAxisValues>
                                    <gridAxesSpanned>time</gridAxesSpanned>
                                    <sequenceRule axisOrder="+1">Linear</sequenceRule>
                                 </GridOrdinateDescription>
                              </gridOrdinate>
                              <gridOrdinate>
                                 <GridOrdinateDescription>
                                    <coordAxisLabel>latitude</coordAxisLabel>
                                    <coordAxisValues xlink:href="#DMQaY8og" xlink:show="embed" xlink:arcrole="coordinateList" xlink:role="http://ndg.nerc.ac.uk/fileFormat/csmlStorageDescriptor">
                                       <SpatialOrTemporalPositionList gml:id="Xp6aHlk7">
                                          <coordinateList></coordinateList>
                                       </SpatialOrTemporalPositionList>
                                    </coordAxisValues>
                                    <gridAxesSpanned>latitude</gridAxesSpanned>
                                    <sequenceRule axisOrder="+1">Linear</sequenceRule>
                                 </GridOrdinateDescription>
                              </gridOrdinate>
                              <gridOrdinate>
                                 <GridOrdinateDescription>
                                    <coordAxisLabel>longitude</coordAxisLabel>
                                    <coordAxisValues xlink:href="#Lqd9G42W" xlink:show="embed" xlink:arcrole="coordinateList" xlink:role="http://ndg.nerc.ac.uk/fileFormat/csmlStorageDescriptor">
                                       <SpatialOrTemporalPositionList gml:id="X1VNz4ft">
                                          <coordinateList></coordinateList>
                                       </SpatialOrTemporalPositionList>
                                    </coordAxisValues>
                                    <gridAxesSpanned>longitude</gridAxesSpanned>
                                    <sequenceRule axisOrder="+1">Linear</sequenceRule>
                                 </GridOrdinateDescription>
                              </gridOrdinate>
                           </GridCoordinatesTable>
                        </coordTransformTable>
                     </GridSeriesDomain>
                  </gridSeriesDomain>
                  <gml:rangeSet>
                     <gml:ValueArray gml:id="RpNELxgO">
                        <gml:valueComponent xlink:href="#TC17sMoJ" xlink:show="embed" xlink:arcrole="QuantityList" xlink:role="http://ndg.nerc.ac.uk/fileFormat/csmlStorageDescriptor">
                           <gml:QuantityList uom="m.s-1"></gml:QuantityList>
                        </gml:valueComponent>
                     </gml:ValueArray>
                  </gml:rangeSet>
               </GridSeriesCoverage>
            </value>
            <parameter xlink:href="http://cfconventions.org/standard_names/northward_wind"></parameter>
         </GridSeriesFeature>
      </featureMember>
   </CSMLFeatureCollection>
   <CSMLStorageDescriptor>
      <descriptor>
         <NetCDFExtract id="WIomOmP5">
            <arraySize>45</arraySize>
            <fileName>/badc/ipcc-ddc/data/netcdf/ar4_v2/huss/INCM3_20C3M_1_huss_1901-1930.nc</fileName>
            <variableName>latitude</variableName>
         </NetCDFExtract>
      </descriptor>
      <descriptor>
         <NetCDFExtract id="Khb2I6SC">
            <arraySize>2</arraySize>
            <fileName>/badc/ipcc-ddc/data/netcdf/ar4_v2/huss/INCM3_20C3M_1_huss_1901-1930.nc</fileName>
            <variableName>bounds</variableName>
         </NetCDFExtract>
      </descriptor>
      <descriptor>
         <NetCDFExtract id="DZOcvLkn">
            <arraySize>72</arraySize>
            <fileName>/badc/ipcc-ddc/data/netcdf/ar4_v2/huss/INCM3_20C3M_1_huss_1901-1930.nc</fileName>
            <variableName>longitude</variableName>
         </NetCDFExtract>
      </descriptor>
      <descriptor>
         <NetCDFExtract id="MmGwPd6K">
            <arraySize>12</arraySize>
            <fileName>/badc/ipcc-ddc/data/netcdf/ar4_v2/huss/INCM3_20C3M_1_huss_1901-1930.nc</fileName>
            <variableName>time</variableName>
         </NetCDFExtract>
      </descriptor>
      <descriptor>
         <NetCDFExtract id="X7ik3xqj">
            <arraySize>45</arraySize>
            <fileName>/badc/ipcc-ddc/data/netcdf/ar4_v2/pr/INCM3_20C3M_1_pr_1901-1930.nc</fileName>
            <variableName>latitude</variableName>
         </NetCDFExtract>
      </descriptor>
      <descriptor>
         <NetCDFExtract id="M6GMidD8">
            <arraySize>2</arraySize>
            <fileName>/badc/ipcc-ddc/data/netcdf/ar4_v2/pr/INCM3_20C3M_1_pr_1901-1930.nc</fileName>
            <variableName>bounds</variableName>
         </NetCDFExtract>
      </descriptor>
      <descriptor>
         <NetCDFExtract id="No8jwyUv">
            <arraySize>72</arraySize>
            <fileName>/badc/ipcc-ddc/data/netcdf/ar4_v2/pr/INCM3_20C3M_1_pr_1901-1930.nc</fileName>
            <variableName>longitude</variableName>
         </NetCDFExtract>
      </descriptor>
      <descriptor>
         <NetCDFExtract id="HHjn6R3d">
            <arraySize>12</arraySize>
            <fileName>/badc/ipcc-ddc/data/netcdf/ar4_v2/pr/INCM3_20C3M_1_pr_1901-1930.nc</fileName>
            <variableName>time</variableName>
         </NetCDFExtract>
      </descriptor>
      <descriptor>
         <NetCDFExtract id="UXMmE1lw">
            <arraySize>45</arraySize>
            <fileName>/badc/ipcc-ddc/data/netcdf/ar4_v2/psl/INCM3_20C3M_1_psl_1901-1930.nc</fileName>
            <variableName>latitude</variableName>
         </NetCDFExtract>
      </descriptor>
      <descriptor>
         <NetCDFExtract id="OIeskMLV">
            <arraySize>2</arraySize>
            <fileName>/badc/ipcc-ddc/data/netcdf/ar4_v2/psl/INCM3_20C3M_1_psl_1901-1930.nc</fileName>
            <variableName>bounds</variableName>
         </NetCDFExtract>
      </descriptor>
      <descriptor>
         <NetCDFExtract id="CaP1250N">
            <arraySize>72</arraySize>
            <fileName>/badc/ipcc-ddc/data/netcdf/ar4_v2/psl/INCM3_20C3M_1_psl_1901-1930.nc</fileName>
            <variableName>longitude</variableName>
         </NetCDFExtract>
      </descriptor>
      <descriptor>
         <NetCDFExtract id="TaTQVBRI">
            <arraySize>12</arraySize>
            <fileName>/badc/ipcc-ddc/data/netcdf/ar4_v2/psl/INCM3_20C3M_1_psl_1901-1930.nc</fileName>
            <variableName>time</variableName>
         </NetCDFExtract>
      </descriptor>
      <descriptor>
         <NetCDFExtract id="Vyf70bCN">
            <arraySize>45</arraySize>
            <fileName>/badc/ipcc-ddc/data/netcdf/ar4_v2/rsds/INCM3_20C3M_1_rsds_1901-1930.nc</fileName>
            <variableName>latitude</variableName>
         </NetCDFExtract>
      </descriptor>
      <descriptor>
         <NetCDFExtract id="KO1lhfJu">
            <arraySize>2</arraySize>
            <fileName>/badc/ipcc-ddc/data/netcdf/ar4_v2/rsds/INCM3_20C3M_1_rsds_1901-1930.nc</fileName>
            <variableName>bounds</variableName>
         </NetCDFExtract>
      </descriptor>
      <descriptor>
         <NetCDFExtract id="Vkx9cU8A">
            <arraySize>72</arraySize>
            <fileName>/badc/ipcc-ddc/data/netcdf/ar4_v2/rsds/INCM3_20C3M_1_rsds_1901-1930.nc</fileName>
            <variableName>longitude</variableName>
         </NetCDFExtract>
      </descriptor>
      <descriptor>
         <NetCDFExtract id="Dct3Jl7S">
            <arraySize>12</arraySize>
            <fileName>/badc/ipcc-ddc/data/netcdf/ar4_v2/rsds/INCM3_20C3M_1_rsds_1901-1930.nc</fileName>
            <variableName>time</variableName>
         </NetCDFExtract>
      </descriptor>
      <descriptor>
         <NetCDFExtract id="XyH3vrt9">
            <arraySize>45</arraySize>
            <fileName>/badc/ipcc-ddc/data/netcdf/ar4_v2/tas/INCM3_20C3M_1_tas_1901-1930.nc</fileName>
            <variableName>latitude</variableName>
         </NetCDFExtract>
      </descriptor>
      <descriptor>
         <NetCDFExtract id="MxcCWx1a">
            <arraySize>2</arraySize>
            <fileName>/badc/ipcc-ddc/data/netcdf/ar4_v2/tas/INCM3_20C3M_1_tas_1901-1930.nc</fileName>
            <variableName>bounds</variableName>
         </NetCDFExtract>
      </descriptor>
      <descriptor>
         <NetCDFExtract id="T1tZlYqN">
            <arraySize>72</arraySize>
            <fileName>/badc/ipcc-ddc/data/netcdf/ar4_v2/tas/INCM3_20C3M_1_tas_1901-1930.nc</fileName>
            <variableName>longitude</variableName>
         </NetCDFExtract>
      </descriptor>
      <descriptor>
         <NetCDFExtract id="FlukLHcG">
            <arraySize>12</arraySize>
            <fileName>/badc/ipcc-ddc/data/netcdf/ar4_v2/tas/INCM3_20C3M_1_tas_1901-1930.nc</fileName>
            <variableName>time</variableName>
         </NetCDFExtract>
      </descriptor>
      <descriptor>
         <NetCDFExtract id="JNZP7qvH">
            <arraySize>45</arraySize>
            <fileName>/badc/ipcc-ddc/data/netcdf/ar4_v2/tasmax/INCM3_20C3M_1_tasmax_1901-1930.nc</fileName>
            <variableName>latitude</variableName>
         </NetCDFExtract>
      </descriptor>
      <descriptor>
         <NetCDFExtract id="Q9IHOPiV">
            <arraySize>2</arraySize>
            <fileName>/badc/ipcc-ddc/data/netcdf/ar4_v2/tasmax/INCM3_20C3M_1_tasmax_1901-1930.nc</fileName>
            <variableName>bounds</variableName>
         </NetCDFExtract>
      </descriptor>
      <descriptor>
         <NetCDFExtract id="J1CXQwkR">
            <arraySize>72</arraySize>
            <fileName>/badc/ipcc-ddc/data/netcdf/ar4_v2/tasmax/INCM3_20C3M_1_tasmax_1901-1930.nc</fileName>
            <variableName>longitude</variableName>
         </NetCDFExtract>
      </descriptor>
      <descriptor>
         <NetCDFExtract id="MMhtZ62G">
            <arraySize>12</arraySize>
            <fileName>/badc/ipcc-ddc/data/netcdf/ar4_v2/tasmax/INCM3_20C3M_1_tasmax_1901-1930.nc</fileName>
            <variableName>time</variableName>
         </NetCDFExtract>
      </descriptor>
      <descriptor>
         <NetCDFExtract id="ZOrZ0dAD">
            <arraySize>45</arraySize>
            <fileName>/badc/ipcc-ddc/data/netcdf/ar4_v2/tasmin/INCM3_20C3M_1_tasmin_1901-1930.nc</fileName>
            <variableName>latitude</variableName>
         </NetCDFExtract>
      </descriptor>
      <descriptor>
         <NetCDFExtract id="ZRFXyip5">
            <arraySize>2</arraySize>
            <fileName>/badc/ipcc-ddc/data/netcdf/ar4_v2/tasmin/INCM3_20C3M_1_tasmin_1901-1930.nc</fileName>
            <variableName>bounds</variableName>
         </NetCDFExtract>
      </descriptor>
      <descriptor>
         <NetCDFExtract id="YCtYVgmy">
            <arraySize>72</arraySize>
            <fileName>/badc/ipcc-ddc/data/netcdf/ar4_v2/tasmin/INCM3_20C3M_1_tasmin_1901-1930.nc</fileName>
            <variableName>longitude</variableName>
         </NetCDFExtract>
      </descriptor>
      <descriptor>
         <NetCDFExtract id="XTrrbUig">
            <arraySize>12</arraySize>
            <fileName>/badc/ipcc-ddc/data/netcdf/ar4_v2/tasmin/INCM3_20C3M_1_tasmin_1901-1930.nc</fileName>
            <variableName>time</variableName>
         </NetCDFExtract>
      </descriptor>
      <descriptor>
         <NetCDFExtract id="UikMaBmI">
            <arraySize>45</arraySize>
            <fileName>/badc/ipcc-ddc/data/netcdf/ar4_v2/uas/INCM3_20C3M_1_uas_1901-1930.nc</fileName>
            <variableName>latitude</variableName>
         </NetCDFExtract>
      </descriptor>
      <descriptor>
         <NetCDFExtract id="OUoZXJQS">
            <arraySize>2</arraySize>
            <fileName>/badc/ipcc-ddc/data/netcdf/ar4_v2/uas/INCM3_20C3M_1_uas_1901-1930.nc</fileName>
            <variableName>bounds</variableName>
         </NetCDFExtract>
      </descriptor>
      <descriptor>
         <NetCDFExtract id="VwtBOKHQ">
            <arraySize>72</arraySize>
            <fileName>/badc/ipcc-ddc/data/netcdf/ar4_v2/uas/INCM3_20C3M_1_uas_1901-1930.nc</fileName>
            <variableName>longitude</variableName>
         </NetCDFExtract>
      </descriptor>
      <descriptor>
         <NetCDFExtract id="KMZcWv3E">
            <arraySize>12</arraySize>
            <fileName>/badc/ipcc-ddc/data/netcdf/ar4_v2/uas/INCM3_20C3M_1_uas_1901-1930.nc</fileName>
            <variableName>time</variableName>
         </NetCDFExtract>
      </descriptor>
      <descriptor>
         <NetCDFExtract id="DMQaY8og">
            <arraySize>45</arraySize>
            <fileName>/badc/ipcc-ddc/data/netcdf/ar4_v2/vas/INCM3_20C3M_1_vas_1901-1930.nc</fileName>
            <variableName>latitude</variableName>
         </NetCDFExtract>
      </descriptor>
      <descriptor>
         <NetCDFExtract id="E2JhgkaO">
            <arraySize>2</arraySize>
            <fileName>/badc/ipcc-ddc/data/netcdf/ar4_v2/vas/INCM3_20C3M_1_vas_1901-1930.nc</fileName>
            <variableName>bounds</variableName>
         </NetCDFExtract>
      </descriptor>
      <descriptor>
         <NetCDFExtract id="Lqd9G42W">
            <arraySize>72</arraySize>
            <fileName>/badc/ipcc-ddc/data/netcdf/ar4_v2/vas/INCM3_20C3M_1_vas_1901-1930.nc</fileName>
            <variableName>longitude</variableName>
         </NetCDFExtract>
      </descriptor>
      <descriptor>
         <NetCDFExtract id="Xs9rN0pd">
            <arraySize>12</arraySize>
            <fileName>/badc/ipcc-ddc/data/netcdf/ar4_v2/vas/INCM3_20C3M_1_vas_1901-1930.nc</fileName>
            <variableName>time</variableName>
         </NetCDFExtract>
      </descriptor>
      <descriptor>
         <AggregatedArray id="GfJJpsee">
            <arraySize>38880</arraySize>
            <uom>1</uom>
            <aggType>new</aggType>
            <aggIndex>1</aggIndex>
            <component>
               <NetCDFExtract>
                  <arraySize>12  45  72</arraySize>
                  <fileList>
                     <FileList id="Zxs4Al4H">
                        <fileNames>/badc/ipcc-ddc/data/netcdf/ar4_v2/huss/INCM3_20C3M_1_huss_1901-1930.nc /badc/ipcc-ddc/data/netcdf/ar4_v2/huss/INCM3_20C3M_1_huss_1931-1960.nc /badc/ipcc-ddc/data/netcdf/ar4_v2/huss/INCM3_20C3M_1_huss_1961-1990.nc</fileNames>
                     </FileList>
                  </fileList>
                  <variableName>specific_humidity</variableName>
               </NetCDFExtract>
            </component>
         </AggregatedArray>
      </descriptor>
      <descriptor>
         <AggregatedArray id="P3n4afoZ">
            <arraySize>38880</arraySize>
            <uom>kg.m-2.s-1</uom>
            <aggType>new</aggType>
            <aggIndex>1</aggIndex>
            <component>
               <NetCDFExtract>
                  <arraySize>12  45  72</arraySize>
                  <fileList>
                     <FileList id="R3nkj2kz">
                        <fileNames>/badc/ipcc-ddc/data/netcdf/ar4_v2/pr/INCM3_20C3M_1_pr_1901-1930.nc /badc/ipcc-ddc/data/netcdf/ar4_v2/pr/INCM3_20C3M_1_pr_1931-1960.nc /badc/ipcc-ddc/data/netcdf/ar4_v2/pr/INCM3_20C3M_1_pr_1961-1990.nc</fileNames>
                     </FileList>
                  </fileList>
                  <variableName>precipitation_flux</variableName>
               </NetCDFExtract>
            </component>
         </AggregatedArray>
      </descriptor>
      <descriptor>
         <AggregatedArray id="JIeMmw5F">
            <arraySize>38880</arraySize>
            <uom>Pa</uom>
            <aggType>new</aggType>
            <aggIndex>1</aggIndex>
            <component>
               <NetCDFExtract>
                  <arraySize>12  45  72</arraySize>
                  <fileList>
                     <FileList id="Ij1z1JL5">
                        <fileNames>/badc/ipcc-ddc/data/netcdf/ar4_v2/psl/INCM3_20C3M_1_psl_1901-1930.nc /badc/ipcc-ddc/data/netcdf/ar4_v2/psl/INCM3_20C3M_1_psl_1931-1960.nc /badc/ipcc-ddc/data/netcdf/ar4_v2/psl/INCM3_20C3M_1_psl_1961-1990.nc</fileNames>
                     </FileList>
                  </fileList>
                  <variableName>air_pressure_at_sea_level</variableName>
               </NetCDFExtract>
            </component>
         </AggregatedArray>
      </descriptor>
      <descriptor>
         <AggregatedArray id="OQ8iECn3">
            <arraySize>38880</arraySize>
            <uom>W.m-2</uom>
            <aggType>new</aggType>
            <aggIndex>1</aggIndex>
            <component>
               <NetCDFExtract>
                  <arraySize>12  45  72</arraySize>
                  <fileList>
                     <FileList id="IVbXZunj">
                        <fileNames>/badc/ipcc-ddc/data/netcdf/ar4_v2/rsds/INCM3_20C3M_1_rsds_1901-1930.nc /badc/ipcc-ddc/data/netcdf/ar4_v2/rsds/INCM3_20C3M_1_rsds_1931-1960.nc /badc/ipcc-ddc/data/netcdf/ar4_v2/rsds/INCM3_20C3M_1_rsds_1961-1990.nc</fileNames>
                     </FileList>
                  </fileList>
                  <variableName>surface_downwelling_shortwave_flux_in_air</variableName>
               </NetCDFExtract>
            </component>
         </AggregatedArray>
      </descriptor>
      <descriptor>
         <AggregatedArray id="QznlcqdG">
            <arraySize>38880</arraySize>
            <uom>K</uom>
            <aggType>new</aggType>
            <aggIndex>1</aggIndex>
            <component>
               <NetCDFExtract>
                  <arraySize>12  45  72</arraySize>
                  <fileList>
                     <FileList id="U2Xf9YoZ">
                        <fileNames>/badc/ipcc-ddc/data/netcdf/ar4_v2/tas/INCM3_20C3M_1_tas_1901-1930.nc /badc/ipcc-ddc/data/netcdf/ar4_v2/tas/INCM3_20C3M_1_tas_1931-1960.nc /badc/ipcc-ddc/data/netcdf/ar4_v2/tas/INCM3_20C3M_1_tas_1961-1990.nc</fileNames>
                     </FileList>
                  </fileList>
                  <variableName>air_temperature</variableName>
               </NetCDFExtract>
            </component>
         </AggregatedArray>
      </descriptor>
      <descriptor>
         <AggregatedArray id="JmGEwQzE">
            <arraySize>38880</arraySize>
            <uom>K</uom>
            <aggType>new</aggType>
            <aggIndex>1</aggIndex>
            <component>
               <NetCDFExtract>
                  <arraySize>12  45  72</arraySize>
                  <fileList>
                     <FileList id="VUxhcPKz">
                        <fileNames>/badc/ipcc-ddc/data/netcdf/ar4_v2/tasmax/INCM3_20C3M_1_tasmax_1901-1930.nc /badc/ipcc-ddc/data/netcdf/ar4_v2/tasmax/INCM3_20C3M_1_tasmax_1931-1960.nc /badc/ipcc-ddc/data/netcdf/ar4_v2/tasmax/INCM3_20C3M_1_tasmax_1961-1990.nc</fileNames>
                     </FileList>
                  </fileList>
                  <variableName>air_temperature_daily_max</variableName>
               </NetCDFExtract>
            </component>
         </AggregatedArray>
      </descriptor>
      <descriptor>
         <AggregatedArray id="ZPNaA8zG">
            <arraySize>38880</arraySize>
            <uom>K</uom>
            <aggType>new</aggType>
            <aggIndex>1</aggIndex>
            <component>
               <NetCDFExtract>
                  <arraySize>12  45  72</arraySize>
                  <fileList>
                     <FileList id="XkJwq8cK">
                        <fileNames>/badc/ipcc-ddc/data/netcdf/ar4_v2/tasmin/INCM3_20C3M_1_tasmin_1901-1930.nc /badc/ipcc-ddc/data/netcdf/ar4_v2/tasmin/INCM3_20C3M_1_tasmin_1931-1960.nc /badc/ipcc-ddc/data/netcdf/ar4_v2/tasmin/INCM3_20C3M_1_tasmin_1961-1990.nc</fileNames>
                     </FileList>
                  </fileList>
                  <variableName>air_temperature_daily_min</variableName>
               </NetCDFExtract>
            </component>
         </AggregatedArray>
      </descriptor>
      <descriptor>
         <AggregatedArray id="DeHLV973">
            <arraySize>38880</arraySize>
            <uom>m.s-1</uom>
            <aggType>new</aggType>
            <aggIndex>1</aggIndex>
            <component>
               <NetCDFExtract>
                  <arraySize>12  45  72</arraySize>
                  <fileList>
                     <FileList id="DDrAtU6m">
                        <fileNames>/badc/ipcc-ddc/data/netcdf/ar4_v2/uas/INCM3_20C3M_1_uas_1901-1930.nc /badc/ipcc-ddc/data/netcdf/ar4_v2/uas/INCM3_20C3M_1_uas_1931-1960.nc /badc/ipcc-ddc/data/netcdf/ar4_v2/uas/INCM3_20C3M_1_uas_1961-1990.nc</fileNames>
                     </FileList>
                  </fileList>
                  <variableName>eastward_wind</variableName>
               </NetCDFExtract>
            </component>
         </AggregatedArray>
      </descriptor>
      <descriptor>
         <AggregatedArray id="TC17sMoJ">
            <arraySize>38880</arraySize>
            <uom>m.s-1</uom>
            <aggType>new</aggType>
            <aggIndex>1</aggIndex>
            <component>
               <NetCDFExtract>
                  <arraySize>12  45  72</arraySize>
                  <fileList>
                     <FileList id="TwD48EKZ">
                        <fileNames>/badc/ipcc-ddc/data/netcdf/ar4_v2/vas/INCM3_20C3M_1_vas_1901-1930.nc /badc/ipcc-ddc/data/netcdf/ar4_v2/vas/INCM3_20C3M_1_vas_1931-1960.nc /badc/ipcc-ddc/data/netcdf/ar4_v2/vas/INCM3_20C3M_1_vas_1961-1990.nc</fileNames>
                     </FileList>
                  </fileList>
                  <variableName>northward_wind</variableName>
               </NetCDFExtract>
            </component>
         </AggregatedArray>
      </descriptor>
   </CSMLStorageDescriptor>
</Dataset>