<?xml version="1.0" encoding="UTF-8"?><Dataset xmlns="http://ndg.nerc.ac.uk/csml"  xmlns:gml="http://www.opengis.net/gml" xmlns:om="http://www.opengis.net/om" xmlns:swe="http://www.opengis.net/swe"  xmlns:xsi="http://www.w3.org/2001/XMLSchema-instance" xmlns:moles="http://ndg.nerc.ac.uk/moles"  xmlns:xlink="http://www.w3.org/1999/xlink" xsi:schemaLocation="http://ndg.nerc.ac.uk/csml/ schemas/csmlDataset.xsd" id="ar4_CNCM3_1PTO2X_clim_20">
   <name>Scenario: 1PTO2X - Model: CNCM3 - 20 year mean climatology</name>
   <AccessControlPolicy>
      <dgSecurityCondition>
         <moles:effect>allow</moles:effect>
         <moles:simpleCondition>
            <moles:dgAttributeAuthority>http://aa.ceda.rl.ac.uk/</moles:dgAttributeAuthority>
            <moles:attrauthRole>badc</moles:attrauthRole>
         </moles:simpleCondition>
      </dgSecurityCondition>
   </AccessControlPolicy>
   <CSMLFeatureCollection gml:id="Ey2MH0h7">
      <gml:metaDataProperty></gml:metaDataProperty>
      <gml:boundedBy>
         <gml:EnvelopeWithTimePeriod srsName="WGS84">
            <gml:lowerCorner>0.0 -89.2586746216</gml:lowerCorner>
            <gml:upperCorner>360.0 89.2586746216</gml:upperCorner>
            <gml:beginPosition>1880-01-16T00:00:00.0</gml:beginPosition>
            <gml:endPosition>2049-12-16T00:00:00.0</gml:endPosition>
         </gml:EnvelopeWithTimePeriod>
      </gml:boundedBy>
      <featureMember>
         <GridSeriesFeature gml:id="specific_humidity">
            <gml:description>missing description</gml:description>
            <gml:name>specific_humidity</gml:name>
            <gml:boundedBy>
               <gml:EnvelopeWithTimePeriod srsName="WGS84">
                  <gml:lowerCorner>0.0 -89.2586746216</gml:lowerCorner>
                  <gml:upperCorner>360.0 89.2586746216</gml:upperCorner>
                  <gml:beginPosition>1880-01-16T00:00:00.0</gml:beginPosition>
                  <gml:endPosition>2049-12-16T00:00:00.0</gml:endPosition>
               </gml:EnvelopeWithTimePeriod>
            </gml:boundedBy>
            <value>
               <GridSeriesCoverage gml:id="TuKPNBUo">
                  <gridSeriesDomain>
                     <GridSeriesDomain srsName="ndg:crs:lonlatt" uomLabels="degree_east degree_north days_since_1871-01-01" gml:id="Ne41SA5c" axisLabels="longitude latitude time" dimension="3" srsDimension="3">
                        <limits>
                           <gml:GridEnvelope>
                              <gml:low>0 0 0</gml:low>
                              <gml:high>0 0 0</gml:high>
                           </gml:GridEnvelope>
                        </limits>
                        <axisLabels>time latitude longitude</axisLabels>
                        <coordTransformTable>
                           <GridCoordinatesTable>
                              <gridOrdinate>
                                 <GridOrdinateDescription>
                                    <coordAxisLabel>time</coordAxisLabel>
                                    <coordAxisValues>
                                       <SpatialOrTemporalPositionList gml:id="DQKdi7L9">
                                          <timePositionList frame="ndg:standard">1880-01-16T00:00:00.0 1880-02-16T00:00:00.0 1880-03-16T00:00:00.0 1880-04-16T00:00:00.0 1880-05-16T00:00:00.0 1880-06-16T00:00:00.0 1880-07-16T00:00:00.0 1880-08-16T00:00:00.0 1880-09-16T00:00:00.0 1880-10-16T00:00:00.0 1880-11-16T00:00:00.0 1880-12-16T00:00:00.0 1915-01-16T00:00:00.0 1915-02-16T00:00:00.0 1915-03-16T00:00:00.0 1915-04-16T00:00:00.0 1915-05-16T00:00:00.0 1915-06-16T00:00:00.0 1915-07-16T00:00:00.0 1915-08-16T00:00:00.0 1915-09-16T00:00:00.0 1915-10-16T00:00:00.0 1915-11-16T00:00:00.0 1915-12-16T00:00:00.0 1949-01-16T00:00:00.0 1949-02-16T00:00:00.0 1949-03-16T00:00:00.0 1949-04-16T00:00:00.0 1949-05-16T00:00:00.0 1949-06-16T00:00:00.0 1949-07-16T00:00:00.0 1949-08-16T00:00:00.0 1949-09-16T00:00:00.0 1949-10-16T00:00:00.0 1949-11-16T00:00:00.0 1949-12-16T00:00:00.0 2049-01-16T00:00:00.0 2049-02-16T00:00:00.0 2049-03-16T00:00:00.0 2049-04-16T00:00:00.0 2049-05-16T00:00:00.0 2049-06-16T00:00:00.0 2049-07-16T00:00:00.0 2049-08-16T00:00:00.0 2049-09-16T00:00:00.0 2049-10-16T00:00:00.0 2049-11-16T00:00:00.0 2049-12-16T00:00:00.0</timePositionList>
                                       </SpatialOrTemporalPositionList>
                                    </coordAxisValues>
                                    <gridAxesSpanned>time</gridAxesSpanned>
                                    <sequenceRule axisOrder="+1">Linear</sequenceRule>
                                 </GridOrdinateDescription>
                              </gridOrdinate>
                              <gridOrdinate>
                                 <GridOrdinateDescription>
                                    <coordAxisLabel>latitude</coordAxisLabel>
                                    <coordAxisValues xlink:href="#BbGVQaAC" xlink:show="embed" xlink:arcrole="coordinateList" xlink:role="http://ndg.nerc.ac.uk/fileFormat/csmlStorageDescriptor">
                                       <SpatialOrTemporalPositionList gml:id="PCIAqVBs">
                                          <coordinateList></coordinateList>
                                       </SpatialOrTemporalPositionList>
                                    </coordAxisValues>
                                    <gridAxesSpanned>latitude</gridAxesSpanned>
                                    <sequenceRule axisOrder="+1">Linear</sequenceRule>
                                 </GridOrdinateDescription>
                              </gridOrdinate>
                              <gridOrdinate>
                                 <GridOrdinateDescription>
                                    <coordAxisLabel>longitude</coordAxisLabel>
                                    <coordAxisValues xlink:href="#SjG7YNts" xlink:show="embed" xlink:arcrole="coordinateList" xlink:role="http://ndg.nerc.ac.uk/fileFormat/csmlStorageDescriptor">
                                       <SpatialOrTemporalPositionList gml:id="UHL0T3nU">
                                          <coordinateList></coordinateList>
                                       </SpatialOrTemporalPositionList>
                                    </coordAxisValues>
                                    <gridAxesSpanned>longitude</gridAxesSpanned>
                                    <sequenceRule axisOrder="+1">Linear</sequenceRule>
                                 </GridOrdinateDescription>
                              </gridOrdinate>
                           </GridCoordinatesTable>
                        </coordTransformTable>
                     </GridSeriesDomain>
                  </gridSeriesDomain>
                  <gml:rangeSet>
                     <gml:ValueArray gml:id="Wod1rHMR">
                        <gml:valueComponent xlink:href="#KXLZBJvh" xlink:show="embed" xlink:arcrole="QuantityList" xlink:role="http://ndg.nerc.ac.uk/fileFormat/csmlStorageDescriptor">
                           <gml:QuantityList uom="1"></gml:QuantityList>
                        </gml:valueComponent>
                     </gml:ValueArray>
                  </gml:rangeSet>
               </GridSeriesCoverage>
            </value>
            <parameter xlink:href="http://cfconventions.org/standard_names/specific_humidity"></parameter>
         </GridSeriesFeature>
      </featureMember>
      <featureMember>
         <GridSeriesFeature gml:id="precipitation_flux">
            <gml:description>missing description</gml:description>
            <gml:name>precipitation_flux</gml:name>
            <gml:boundedBy>
               <gml:EnvelopeWithTimePeriod srsName="WGS84">
                  <gml:lowerCorner>0.0 -89.2586746216</gml:lowerCorner>
                  <gml:upperCorner>360.0 89.2586746216</gml:upperCorner>
                  <gml:beginPosition>1880-01-16T00:00:00.0</gml:beginPosition>
                  <gml:endPosition>2049-12-16T00:00:00.0</gml:endPosition>
               </gml:EnvelopeWithTimePeriod>
            </gml:boundedBy>
            <value>
               <GridSeriesCoverage gml:id="L40WhTHt">
                  <gridSeriesDomain>
                     <GridSeriesDomain srsName="ndg:crs:lonlatt" uomLabels="degree_east degree_north days_since_1871-01-01" gml:id="XTOmXRGL" axisLabels="longitude latitude time" dimension="3" srsDimension="3">
                        <limits>
                           <gml:GridEnvelope>
                              <gml:low>0 0 0</gml:low>
                              <gml:high>0 0 0</gml:high>
                           </gml:GridEnvelope>
                        </limits>
                        <axisLabels>time latitude longitude</axisLabels>
                        <coordTransformTable>
                           <GridCoordinatesTable>
                              <gridOrdinate>
                                 <GridOrdinateDescription>
                                    <coordAxisLabel>time</coordAxisLabel>
                                    <coordAxisValues>
                                       <SpatialOrTemporalPositionList gml:id="RJVglV5b">
                                          <timePositionList frame="ndg:standard">1880-01-16T00:00:00.0 1880-02-16T00:00:00.0 1880-03-16T00:00:00.0 1880-04-16T00:00:00.0 1880-05-16T00:00:00.0 1880-06-16T00:00:00.0 1880-07-16T00:00:00.0 1880-08-16T00:00:00.0 1880-09-16T00:00:00.0 1880-10-16T00:00:00.0 1880-11-16T00:00:00.0 1880-12-16T00:00:00.0 1915-01-16T00:00:00.0 1915-02-16T00:00:00.0 1915-03-16T00:00:00.0 1915-04-16T00:00:00.0 1915-05-16T00:00:00.0 1915-06-16T00:00:00.0 1915-07-16T00:00:00.0 1915-08-16T00:00:00.0 1915-09-16T00:00:00.0 1915-10-16T00:00:00.0 1915-11-16T00:00:00.0 1915-12-16T00:00:00.0 1949-01-16T00:00:00.0 1949-02-16T00:00:00.0 1949-03-16T00:00:00.0 1949-04-16T00:00:00.0 1949-05-16T00:00:00.0 1949-06-16T00:00:00.0 1949-07-16T00:00:00.0 1949-08-16T00:00:00.0 1949-09-16T00:00:00.0 1949-10-16T00:00:00.0 1949-11-16T00:00:00.0 1949-12-16T00:00:00.0 2049-01-16T00:00:00.0 2049-02-16T00:00:00.0 2049-03-16T00:00:00.0 2049-04-16T00:00:00.0 2049-05-16T00:00:00.0 2049-06-16T00:00:00.0 2049-07-16T00:00:00.0 2049-08-16T00:00:00.0 2049-09-16T00:00:00.0 2049-10-16T00:00:00.0 2049-11-16T00:00:00.0 2049-12-16T00:00:00.0</timePositionList>
                                       </SpatialOrTemporalPositionList>
                                    </coordAxisValues>
                                    <gridAxesSpanned>time</gridAxesSpanned>
                                    <sequenceRule axisOrder="+1">Linear</sequenceRule>
                                 </GridOrdinateDescription>
                              </gridOrdinate>
                              <gridOrdinate>
                                 <GridOrdinateDescription>
                                    <coordAxisLabel>latitude</coordAxisLabel>
                                    <coordAxisValues xlink:href="#MOmLk1CI" xlink:show="embed" xlink:arcrole="coordinateList" xlink:role="http://ndg.nerc.ac.uk/fileFormat/csmlStorageDescriptor">
                                       <SpatialOrTemporalPositionList gml:id="JxwUMTad">
                                          <coordinateList></coordinateList>
                                       </SpatialOrTemporalPositionList>
                                    </coordAxisValues>
                                    <gridAxesSpanned>latitude</gridAxesSpanned>
                                    <sequenceRule axisOrder="+1">Linear</sequenceRule>
                                 </GridOrdinateDescription>
                              </gridOrdinate>
                              <gridOrdinate>
                                 <GridOrdinateDescription>
                                    <coordAxisLabel>longitude</coordAxisLabel>
                                    <coordAxisValues xlink:href="#BcV2HcGO" xlink:show="embed" xlink:arcrole="coordinateList" xlink:role="http://ndg.nerc.ac.uk/fileFormat/csmlStorageDescriptor">
                                       <SpatialOrTemporalPositionList gml:id="G7YLuJQM">
                                          <coordinateList></coordinateList>
                                       </SpatialOrTemporalPositionList>
                                    </coordAxisValues>
                                    <gridAxesSpanned>longitude</gridAxesSpanned>
                                    <sequenceRule axisOrder="+1">Linear</sequenceRule>
                                 </GridOrdinateDescription>
                              </gridOrdinate>
                           </GridCoordinatesTable>
                        </coordTransformTable>
                     </GridSeriesDomain>
                  </gridSeriesDomain>
                  <gml:rangeSet>
                     <gml:ValueArray gml:id="Lgrm8iD8">
                        <gml:valueComponent xlink:href="#ZEA8qz3G" xlink:show="embed" xlink:arcrole="QuantityList" xlink:role="http://ndg.nerc.ac.uk/fileFormat/csmlStorageDescriptor">
                           <gml:QuantityList uom="kg.m-2.s-1"></gml:QuantityList>
                        </gml:valueComponent>
                     </gml:ValueArray>
                  </gml:rangeSet>
               </GridSeriesCoverage>
            </value>
            <parameter xlink:href="http://cfconventions.org/standard_names/precipitation_flux"></parameter>
         </GridSeriesFeature>
      </featureMember>
      <featureMember>
         <GridSeriesFeature gml:id="air_pressure_at_sea_level">
            <gml:description>missing description</gml:description>
            <gml:name>air_pressure_at_sea_level</gml:name>
            <gml:boundedBy>
               <gml:EnvelopeWithTimePeriod srsName="WGS84">
                  <gml:lowerCorner>0.0 -89.2586746216</gml:lowerCorner>
                  <gml:upperCorner>360.0 89.2586746216</gml:upperCorner>
                  <gml:beginPosition>1880-01-16T00:00:00.0</gml:beginPosition>
                  <gml:endPosition>2049-12-16T00:00:00.0</gml:endPosition>
               </gml:EnvelopeWithTimePeriod>
            </gml:boundedBy>
            <value>
               <GridSeriesCoverage gml:id="EJcD7KEY">
                  <gridSeriesDomain>
                     <GridSeriesDomain srsName="ndg:crs:lonlatt" uomLabels="degree_east degree_north days_since_1871-01-01" gml:id="PCwTDK4l" axisLabels="longitude latitude time" dimension="3" srsDimension="3">
                        <limits>
                           <gml:GridEnvelope>
                              <gml:low>0 0 0</gml:low>
                              <gml:high>0 0 0</gml:high>
                           </gml:GridEnvelope>
                        </limits>
                        <axisLabels>time latitude longitude</axisLabels>
                        <coordTransformTable>
                           <GridCoordinatesTable>
                              <gridOrdinate>
                                 <GridOrdinateDescription>
                                    <coordAxisLabel>time</coordAxisLabel>
                                    <coordAxisValues>
                                       <SpatialOrTemporalPositionList gml:id="K5Pf2CM1">
                                          <timePositionList frame="ndg:standard">1880-01-16T00:00:00.0 1880-02-16T00:00:00.0 1880-03-16T00:00:00.0 1880-04-16T00:00:00.0 1880-05-16T00:00:00.0 1880-06-16T00:00:00.0 1880-07-16T00:00:00.0 1880-08-16T00:00:00.0 1880-09-16T00:00:00.0 1880-10-16T00:00:00.0 1880-11-16T00:00:00.0 1880-12-16T00:00:00.0 1915-01-16T00:00:00.0 1915-02-16T00:00:00.0 1915-03-16T00:00:00.0 1915-04-16T00:00:00.0 1915-05-16T00:00:00.0 1915-06-16T00:00:00.0 1915-07-16T00:00:00.0 1915-08-16T00:00:00.0 1915-09-16T00:00:00.0 1915-10-16T00:00:00.0 1915-11-16T00:00:00.0 1915-12-16T00:00:00.0 1949-01-16T00:00:00.0 1949-02-16T00:00:00.0 1949-03-16T00:00:00.0 1949-04-16T00:00:00.0 1949-05-16T00:00:00.0 1949-06-16T00:00:00.0 1949-07-16T00:00:00.0 1949-08-16T00:00:00.0 1949-09-16T00:00:00.0 1949-10-16T00:00:00.0 1949-11-16T00:00:00.0 1949-12-16T00:00:00.0 2049-01-16T00:00:00.0 2049-02-16T00:00:00.0 2049-03-16T00:00:00.0 2049-04-16T00:00:00.0 2049-05-16T00:00:00.0 2049-06-16T00:00:00.0 2049-07-16T00:00:00.0 2049-08-16T00:00:00.0 2049-09-16T00:00:00.0 2049-10-16T00:00:00.0 2049-11-16T00:00:00.0 2049-12-16T00:00:00.0</timePositionList>
                                       </SpatialOrTemporalPositionList>
                                    </coordAxisValues>
                                    <gridAxesSpanned>time</gridAxesSpanned>
                                    <sequenceRule axisOrder="+1">Linear</sequenceRule>
                                 </GridOrdinateDescription>
                              </gridOrdinate>
                              <gridOrdinate>
                                 <GridOrdinateDescription>
                                    <coordAxisLabel>latitude</coordAxisLabel>
                                    <coordAxisValues xlink:href="#AHy5FiGD" xlink:show="embed" xlink:arcrole="coordinateList" xlink:role="http://ndg.nerc.ac.uk/fileFormat/csmlStorageDescriptor">
                                       <SpatialOrTemporalPositionList gml:id="T4oVOOoT">
                                          <coordinateList></coordinateList>
                                       </SpatialOrTemporalPositionList>
                                    </coordAxisValues>
                                    <gridAxesSpanned>latitude</gridAxesSpanned>
                                    <sequenceRule axisOrder="+1">Linear</sequenceRule>
                                 </GridOrdinateDescription>
                              </gridOrdinate>
                              <gridOrdinate>
                                 <GridOrdinateDescription>
                                    <coordAxisLabel>longitude</coordAxisLabel>
                                    <coordAxisValues xlink:href="#PnBpU7iN" xlink:show="embed" xlink:arcrole="coordinateList" xlink:role="http://ndg.nerc.ac.uk/fileFormat/csmlStorageDescriptor">
                                       <SpatialOrTemporalPositionList gml:id="TI9yeEer">
                                          <coordinateList></coordinateList>
                                       </SpatialOrTemporalPositionList>
                                    </coordAxisValues>
                                    <gridAxesSpanned>longitude</gridAxesSpanned>
                                    <sequenceRule axisOrder="+1">Linear</sequenceRule>
                                 </GridOrdinateDescription>
                              </gridOrdinate>
                           </GridCoordinatesTable>
                        </coordTransformTable>
                     </GridSeriesDomain>
                  </gridSeriesDomain>
                  <gml:rangeSet>
                     <gml:ValueArray gml:id="VaLdnmr9">
                        <gml:valueComponent xlink:href="#Sj7lw4fc" xlink:show="embed" xlink:arcrole="QuantityList" xlink:role="http://ndg.nerc.ac.uk/fileFormat/csmlStorageDescriptor">
                           <gml:QuantityList uom="Pa"></gml:QuantityList>
                        </gml:valueComponent>
                     </gml:ValueArray>
                  </gml:rangeSet>
               </GridSeriesCoverage>
            </value>
            <parameter xlink:href="http://cfconventions.org/standard_names/air_pressure_at_sea_level"></parameter>
         </GridSeriesFeature>
      </featureMember>
      <featureMember>
         <GridSeriesFeature gml:id="surface_downwelling_shortwave_flux_in_air">
            <gml:description>missing description</gml:description>
            <gml:name>surface_downwelling_shortwave_flux_in_air</gml:name>
            <gml:boundedBy>
               <gml:EnvelopeWithTimePeriod srsName="WGS84">
                  <gml:lowerCorner>0.0 -89.2586746216</gml:lowerCorner>
                  <gml:upperCorner>360.0 89.2586746216</gml:upperCorner>
                  <gml:beginPosition>1880-01-16T00:00:00.0</gml:beginPosition>
                  <gml:endPosition>2049-12-16T00:00:00.0</gml:endPosition>
               </gml:EnvelopeWithTimePeriod>
            </gml:boundedBy>
            <value>
               <GridSeriesCoverage gml:id="LoTaS489">
                  <gridSeriesDomain>
                     <GridSeriesDomain srsName="ndg:crs:lonlatt" uomLabels="degree_east degree_north days_since_1871-01-01" gml:id="JOImOr7H" axisLabels="longitude latitude time" dimension="3" srsDimension="3">
                        <limits>
                           <gml:GridEnvelope>
                              <gml:low>0 0 0</gml:low>
                              <gml:high>0 0 0</gml:high>
                           </gml:GridEnvelope>
                        </limits>
                        <axisLabels>time latitude longitude</axisLabels>
                        <coordTransformTable>
                           <GridCoordinatesTable>
                              <gridOrdinate>
                                 <GridOrdinateDescription>
                                    <coordAxisLabel>time</coordAxisLabel>
                                    <coordAxisValues>
                                       <SpatialOrTemporalPositionList gml:id="UafsHZSQ">
                                          <timePositionList frame="ndg:standard">1880-01-16T00:00:00.0 1880-02-16T00:00:00.0 1880-03-16T00:00:00.0 1880-04-16T00:00:00.0 1880-05-16T00:00:00.0 1880-06-16T00:00:00.0 1880-07-16T00:00:00.0 1880-08-16T00:00:00.0 1880-09-16T00:00:00.0 1880-10-16T00:00:00.0 1880-11-16T00:00:00.0 1880-12-16T00:00:00.0 1915-01-16T00:00:00.0 1915-02-16T00:00:00.0 1915-03-16T00:00:00.0 1915-04-16T00:00:00.0 1915-05-16T00:00:00.0 1915-06-16T00:00:00.0 1915-07-16T00:00:00.0 1915-08-16T00:00:00.0 1915-09-16T00:00:00.0 1915-10-16T00:00:00.0 1915-11-16T00:00:00.0 1915-12-16T00:00:00.0 1949-01-16T00:00:00.0 1949-02-16T00:00:00.0 1949-03-16T00:00:00.0 1949-04-16T00:00:00.0 1949-05-16T00:00:00.0 1949-06-16T00:00:00.0 1949-07-16T00:00:00.0 1949-08-16T00:00:00.0 1949-09-16T00:00:00.0 1949-10-16T00:00:00.0 1949-11-16T00:00:00.0 1949-12-16T00:00:00.0 2049-01-16T00:00:00.0 2049-02-16T00:00:00.0 2049-03-16T00:00:00.0 2049-04-16T00:00:00.0 2049-05-16T00:00:00.0 2049-06-16T00:00:00.0 2049-07-16T00:00:00.0 2049-08-16T00:00:00.0 2049-09-16T00:00:00.0 2049-10-16T00:00:00.0 2049-11-16T00:00:00.0 2049-12-16T00:00:00.0</timePositionList>
                                       </SpatialOrTemporalPositionList>
                                    </coordAxisValues>
                                    <gridAxesSpanned>time</gridAxesSpanned>
                                    <sequenceRule axisOrder="+1">Linear</sequenceRule>
                                 </GridOrdinateDescription>
                              </gridOrdinate>
                              <gridOrdinate>
                                 <GridOrdinateDescription>
                                    <coordAxisLabel>latitude</coordAxisLabel>
                                    <coordAxisValues xlink:href="#HRnH4ZSb" xlink:show="embed" xlink:arcrole="coordinateList" xlink:role="http://ndg.nerc.ac.uk/fileFormat/csmlStorageDescriptor">
                                       <SpatialOrTemporalPositionList gml:id="OoEtHcH4">
                                          <coordinateList></coordinateList>
                                       </SpatialOrTemporalPositionList>
                                    </coordAxisValues>
                                    <gridAxesSpanned>latitude</gridAxesSpanned>
                                    <sequenceRule axisOrder="+1">Linear</sequenceRule>
                                 </GridOrdinateDescription>
                              </gridOrdinate>
                              <gridOrdinate>
                                 <GridOrdinateDescription>
                                    <coordAxisLabel>longitude</coordAxisLabel>
                                    <coordAxisValues xlink:href="#SWGcXSP4" xlink:show="embed" xlink:arcrole="coordinateList" xlink:role="http://ndg.nerc.ac.uk/fileFormat/csmlStorageDescriptor">
                                       <SpatialOrTemporalPositionList gml:id="IcwECTXn">
                                          <coordinateList></coordinateList>
                                       </SpatialOrTemporalPositionList>
                                    </coordAxisValues>
                                    <gridAxesSpanned>longitude</gridAxesSpanned>
                                    <sequenceRule axisOrder="+1">Linear</sequenceRule>
                                 </GridOrdinateDescription>
                              </gridOrdinate>
                           </GridCoordinatesTable>
                        </coordTransformTable>
                     </GridSeriesDomain>
                  </gridSeriesDomain>
                  <gml:rangeSet>
                     <gml:ValueArray gml:id="P8XMEWvq">
                        <gml:valueComponent xlink:href="#T9RmH89z" xlink:show="embed" xlink:arcrole="QuantityList" xlink:role="http://ndg.nerc.ac.uk/fileFormat/csmlStorageDescriptor">
                           <gml:QuantityList uom="W.m-2"></gml:QuantityList>
                        </gml:valueComponent>
                     </gml:ValueArray>
                  </gml:rangeSet>
               </GridSeriesCoverage>
            </value>
            <parameter xlink:href="http://cfconventions.org/standard_names/surface_downwelling_shortwave_flux_in_air"></parameter>
         </GridSeriesFeature>
      </featureMember>
      <featureMember>
         <GridSeriesFeature gml:id="air_temperature">
            <gml:description>missing description</gml:description>
            <gml:name>air_temperature</gml:name>
            <gml:boundedBy>
               <gml:EnvelopeWithTimePeriod srsName="WGS84">
                  <gml:lowerCorner>0.0 -89.2586746216</gml:lowerCorner>
                  <gml:upperCorner>360.0 89.2586746216</gml:upperCorner>
                  <gml:beginPosition>1880-01-16T00:00:00.0</gml:beginPosition>
                  <gml:endPosition>2049-12-16T00:00:00.0</gml:endPosition>
               </gml:EnvelopeWithTimePeriod>
            </gml:boundedBy>
            <value>
               <GridSeriesCoverage gml:id="WDHpAzpn">
                  <gridSeriesDomain>
                     <GridSeriesDomain srsName="ndg:crs:lonlatt" uomLabels="degree_east degree_north days_since_1871-01-01" gml:id="JXLhiU67" axisLabels="longitude latitude time" dimension="3" srsDimension="3">
                        <limits>
                           <gml:GridEnvelope>
                              <gml:low>0 0 0</gml:low>
                              <gml:high>0 0 0</gml:high>
                           </gml:GridEnvelope>
                        </limits>
                        <axisLabels>time latitude longitude</axisLabels>
                        <coordTransformTable>
                           <GridCoordinatesTable>
                              <gridOrdinate>
                                 <GridOrdinateDescription>
                                    <coordAxisLabel>time</coordAxisLabel>
                                    <coordAxisValues>
                                       <SpatialOrTemporalPositionList gml:id="SbOj1Tm0">
                                          <timePositionList frame="ndg:standard">1880-01-16T00:00:00.0 1880-02-16T00:00:00.0 1880-03-16T00:00:00.0 1880-04-16T00:00:00.0 1880-05-16T00:00:00.0 1880-06-16T00:00:00.0 1880-07-16T00:00:00.0 1880-08-16T00:00:00.0 1880-09-16T00:00:00.0 1880-10-16T00:00:00.0 1880-11-16T00:00:00.0 1880-12-16T00:00:00.0 1915-01-16T00:00:00.0 1915-02-16T00:00:00.0 1915-03-16T00:00:00.0 1915-04-16T00:00:00.0 1915-05-16T00:00:00.0 1915-06-16T00:00:00.0 1915-07-16T00:00:00.0 1915-08-16T00:00:00.0 1915-09-16T00:00:00.0 1915-10-16T00:00:00.0 1915-11-16T00:00:00.0 1915-12-16T00:00:00.0 1949-01-16T00:00:00.0 1949-02-16T00:00:00.0 1949-03-16T00:00:00.0 1949-04-16T00:00:00.0 1949-05-16T00:00:00.0 1949-06-16T00:00:00.0 1949-07-16T00:00:00.0 1949-08-16T00:00:00.0 1949-09-16T00:00:00.0 1949-10-16T00:00:00.0 1949-11-16T00:00:00.0 1949-12-16T00:00:00.0 2049-01-16T00:00:00.0 2049-02-16T00:00:00.0 2049-03-16T00:00:00.0 2049-04-16T00:00:00.0 2049-05-16T00:00:00.0 2049-06-16T00:00:00.0 2049-07-16T00:00:00.0 2049-08-16T00:00:00.0 2049-09-16T00:00:00.0 2049-10-16T00:00:00.0 2049-11-16T00:00:00.0 2049-12-16T00:00:00.0</timePositionList>
                                       </SpatialOrTemporalPositionList>
                                    </coordAxisValues>
                                    <gridAxesSpanned>time</gridAxesSpanned>
                                    <sequenceRule axisOrder="+1">Linear</sequenceRule>
                                 </GridOrdinateDescription>
                              </gridOrdinate>
                              <gridOrdinate>
                                 <GridOrdinateDescription>
                                    <coordAxisLabel>latitude</coordAxisLabel>
                                    <coordAxisValues xlink:href="#RvRhcZ5b" xlink:show="embed" xlink:arcrole="coordinateList" xlink:role="http://ndg.nerc.ac.uk/fileFormat/csmlStorageDescriptor">
                                       <SpatialOrTemporalPositionList gml:id="O1wnWk6n">
                                          <coordinateList></coordinateList>
                                       </SpatialOrTemporalPositionList>
                                    </coordAxisValues>
                                    <gridAxesSpanned>latitude</gridAxesSpanned>
                                    <sequenceRule axisOrder="+1">Linear</sequenceRule>
                                 </GridOrdinateDescription>
                              </gridOrdinate>
                              <gridOrdinate>
                                 <GridOrdinateDescription>
                                    <coordAxisLabel>longitude</coordAxisLabel>
                                    <coordAxisValues xlink:href="#SP5wMTv6" xlink:show="embed" xlink:arcrole="coordinateList" xlink:role="http://ndg.nerc.ac.uk/fileFormat/csmlStorageDescriptor">
                                       <SpatialOrTemporalPositionList gml:id="GVhz7Quu">
                                          <coordinateList></coordinateList>
                                       </SpatialOrTemporalPositionList>
                                    </coordAxisValues>
                                    <gridAxesSpanned>longitude</gridAxesSpanned>
                                    <sequenceRule axisOrder="+1">Linear</sequenceRule>
                                 </GridOrdinateDescription>
                              </gridOrdinate>
                           </GridCoordinatesTable>
                        </coordTransformTable>
                     </GridSeriesDomain>
                  </gridSeriesDomain>
                  <gml:rangeSet>
                     <gml:ValueArray gml:id="PUbwMfts">
                        <gml:valueComponent xlink:href="#DKfGypTa" xlink:show="embed" xlink:arcrole="QuantityList" xlink:role="http://ndg.nerc.ac.uk/fileFormat/csmlStorageDescriptor">
                           <gml:QuantityList uom="K"></gml:QuantityList>
                        </gml:valueComponent>
                     </gml:ValueArray>
                  </gml:rangeSet>
               </GridSeriesCoverage>
            </value>
            <parameter xlink:href="http://cfconventions.org/standard_names/air_temperature"></parameter>
         </GridSeriesFeature>
      </featureMember>
      <featureMember>
         <GridSeriesFeature gml:id="eastward_wind">
            <gml:description>missing description</gml:description>
            <gml:name>eastward_wind</gml:name>
            <gml:boundedBy>
               <gml:EnvelopeWithTimePeriod srsName="WGS84">
                  <gml:lowerCorner>0.0 -89.2586746216</gml:lowerCorner>
                  <gml:upperCorner>360.0 89.2586746216</gml:upperCorner>
                  <gml:beginPosition>1880-01-16T00:00:00.0</gml:beginPosition>
                  <gml:endPosition>2049-12-16T00:00:00.0</gml:endPosition>
               </gml:EnvelopeWithTimePeriod>
            </gml:boundedBy>
            <value>
               <GridSeriesCoverage gml:id="THQhMuux">
                  <gridSeriesDomain>
                     <GridSeriesDomain srsName="ndg:crs:lonlatt" uomLabels="degree_east degree_north days_since_1871-01-01" gml:id="Q6JJCUdy" axisLabels="longitude latitude time" dimension="3" srsDimension="3">
                        <limits>
                           <gml:GridEnvelope>
                              <gml:low>0 0 0</gml:low>
                              <gml:high>0 0 0</gml:high>
                           </gml:GridEnvelope>
                        </limits>
                        <axisLabels>time latitude longitude</axisLabels>
                        <coordTransformTable>
                           <GridCoordinatesTable>
                              <gridOrdinate>
                                 <GridOrdinateDescription>
                                    <coordAxisLabel>time</coordAxisLabel>
                                    <coordAxisValues>
                                       <SpatialOrTemporalPositionList gml:id="WcqwO6fi">
                                          <timePositionList frame="ndg:standard">1880-01-16T00:00:00.0 1880-02-16T00:00:00.0 1880-03-16T00:00:00.0 1880-04-16T00:00:00.0 1880-05-16T00:00:00.0 1880-06-16T00:00:00.0 1880-07-16T00:00:00.0 1880-08-16T00:00:00.0 1880-09-16T00:00:00.0 1880-10-16T00:00:00.0 1880-11-16T00:00:00.0 1880-12-16T00:00:00.0 1915-01-16T00:00:00.0 1915-02-16T00:00:00.0 1915-03-16T00:00:00.0 1915-04-16T00:00:00.0 1915-05-16T00:00:00.0 1915-06-16T00:00:00.0 1915-07-16T00:00:00.0 1915-08-16T00:00:00.0 1915-09-16T00:00:00.0 1915-10-16T00:00:00.0 1915-11-16T00:00:00.0 1915-12-16T00:00:00.0 1949-01-16T00:00:00.0 1949-02-16T00:00:00.0 1949-03-16T00:00:00.0 1949-04-16T00:00:00.0 1949-05-16T00:00:00.0 1949-06-16T00:00:00.0 1949-07-16T00:00:00.0 1949-08-16T00:00:00.0 1949-09-16T00:00:00.0 1949-10-16T00:00:00.0 1949-11-16T00:00:00.0 1949-12-16T00:00:00.0 2049-01-16T00:00:00.0 2049-02-16T00:00:00.0 2049-03-16T00:00:00.0 2049-04-16T00:00:00.0 2049-05-16T00:00:00.0 2049-06-16T00:00:00.0 2049-07-16T00:00:00.0 2049-08-16T00:00:00.0 2049-09-16T00:00:00.0 2049-10-16T00:00:00.0 2049-11-16T00:00:00.0 2049-12-16T00:00:00.0</timePositionList>
                                       </SpatialOrTemporalPositionList>
                                    </coordAxisValues>
                                    <gridAxesSpanned>time</gridAxesSpanned>
                                    <sequenceRule axisOrder="+1">Linear</sequenceRule>
                                 </GridOrdinateDescription>
                              </gridOrdinate>
                              <gridOrdinate>
                                 <GridOrdinateDescription>
                                    <coordAxisLabel>latitude</coordAxisLabel>
                                    <coordAxisValues xlink:href="#NedqIbwD" xlink:show="embed" xlink:arcrole="coordinateList" xlink:role="http://ndg.nerc.ac.uk/fileFormat/csmlStorageDescriptor">
                                       <SpatialOrTemporalPositionList gml:id="SL3WEB5q">
                                          <coordinateList></coordinateList>
                                       </SpatialOrTemporalPositionList>
                                    </coordAxisValues>
                                    <gridAxesSpanned>latitude</gridAxesSpanned>
                                    <sequenceRule axisOrder="+1">Linear</sequenceRule>
                                 </GridOrdinateDescription>
                              </gridOrdinate>
                              <gridOrdinate>
                                 <GridOrdinateDescription>
                                    <coordAxisLabel>longitude</coordAxisLabel>
                                    <coordAxisValues xlink:href="#POAlzvYM" xlink:show="embed" xlink:arcrole="coordinateList" xlink:role="http://ndg.nerc.ac.uk/fileFormat/csmlStorageDescriptor">
                                       <SpatialOrTemporalPositionList gml:id="Bzqz0g1Z">
                                          <coordinateList></coordinateList>
                                       </SpatialOrTemporalPositionList>
                                    </coordAxisValues>
                                    <gridAxesSpanned>longitude</gridAxesSpanned>
                                    <sequenceRule axisOrder="+1">Linear</sequenceRule>
                                 </GridOrdinateDescription>
                              </gridOrdinate>
                           </GridCoordinatesTable>
                        </coordTransformTable>
                     </GridSeriesDomain>
                  </gridSeriesDomain>
                  <gml:rangeSet>
                     <gml:ValueArray gml:id="PYJhTC9t">
                        <gml:valueComponent xlink:href="#W0wcddCX" xlink:show="embed" xlink:arcrole="QuantityList" xlink:role="http://ndg.nerc.ac.uk/fileFormat/csmlStorageDescriptor">
                           <gml:QuantityList uom="m.s-1"></gml:QuantityList>
                        </gml:valueComponent>
                     </gml:ValueArray>
                  </gml:rangeSet>
               </GridSeriesCoverage>
            </value>
            <parameter xlink:href="http://cfconventions.org/standard_names/eastward_wind"></parameter>
         </GridSeriesFeature>
      </featureMember>
      <featureMember>
         <GridSeriesFeature gml:id="northward_wind">
            <gml:description>missing description</gml:description>
            <gml:name>northward_wind</gml:name>
            <gml:boundedBy>
               <gml:EnvelopeWithTimePeriod srsName="WGS84">
                  <gml:lowerCorner>0.0 -89.2586746216</gml:lowerCorner>
                  <gml:upperCorner>360.0 89.2586746216</gml:upperCorner>
                  <gml:beginPosition>1880-01-16T00:00:00.0</gml:beginPosition>
                  <gml:endPosition>2049-12-16T00:00:00.0</gml:endPosition>
               </gml:EnvelopeWithTimePeriod>
            </gml:boundedBy>
            <value>
               <GridSeriesCoverage gml:id="MKwzAUNJ">
                  <gridSeriesDomain>
                     <GridSeriesDomain srsName="ndg:crs:lonlatt" uomLabels="degree_east degree_north days_since_1871-01-01" gml:id="IOTzwnY0" axisLabels="longitude latitude time" dimension="3" srsDimension="3">
                        <limits>
                           <gml:GridEnvelope>
                              <gml:low>0 0 0</gml:low>
                              <gml:high>0 0 0</gml:high>
                           </gml:GridEnvelope>
                        </limits>
                        <axisLabels>time latitude longitude</axisLabels>
                        <coordTransformTable>
                           <GridCoordinatesTable>
                              <gridOrdinate>
                                 <GridOrdinateDescription>
                                    <coordAxisLabel>time</coordAxisLabel>
                                    <coordAxisValues>
                                       <SpatialOrTemporalPositionList gml:id="MmVoXptQ">
                                          <timePositionList frame="ndg:standard">1880-01-16T00:00:00.0 1880-02-16T00:00:00.0 1880-03-16T00:00:00.0 1880-04-16T00:00:00.0 1880-05-16T00:00:00.0 1880-06-16T00:00:00.0 1880-07-16T00:00:00.0 1880-08-16T00:00:00.0 1880-09-16T00:00:00.0 1880-10-16T00:00:00.0 1880-11-16T00:00:00.0 1880-12-16T00:00:00.0 1915-01-16T00:00:00.0 1915-02-16T00:00:00.0 1915-03-16T00:00:00.0 1915-04-16T00:00:00.0 1915-05-16T00:00:00.0 1915-06-16T00:00:00.0 1915-07-16T00:00:00.0 1915-08-16T00:00:00.0 1915-09-16T00:00:00.0 1915-10-16T00:00:00.0 1915-11-16T00:00:00.0 1915-12-16T00:00:00.0 1949-01-16T00:00:00.0 1949-02-16T00:00:00.0 1949-03-16T00:00:00.0 1949-04-16T00:00:00.0 1949-05-16T00:00:00.0 1949-06-16T00:00:00.0 1949-07-16T00:00:00.0 1949-08-16T00:00:00.0 1949-09-16T00:00:00.0 1949-10-16T00:00:00.0 1949-11-16T00:00:00.0 1949-12-16T00:00:00.0 2049-01-16T00:00:00.0 2049-02-16T00:00:00.0 2049-03-16T00:00:00.0 2049-04-16T00:00:00.0 2049-05-16T00:00:00.0 2049-06-16T00:00:00.0 2049-07-16T00:00:00.0 2049-08-16T00:00:00.0 2049-09-16T00:00:00.0 2049-10-16T00:00:00.0 2049-11-16T00:00:00.0 2049-12-16T00:00:00.0</timePositionList>
                                       </SpatialOrTemporalPositionList>
                                    </coordAxisValues>
                                    <gridAxesSpanned>time</gridAxesSpanned>
                                    <sequenceRule axisOrder="+1">Linear</sequenceRule>
                                 </GridOrdinateDescription>
                              </gridOrdinate>
                              <gridOrdinate>
                                 <GridOrdinateDescription>
                                    <coordAxisLabel>latitude</coordAxisLabel>
                                    <coordAxisValues xlink:href="#WgUyiRkV" xlink:show="embed" xlink:arcrole="coordinateList" xlink:role="http://ndg.nerc.ac.uk/fileFormat/csmlStorageDescriptor">
                                       <SpatialOrTemporalPositionList gml:id="DT3nGZc5">
                                          <coordinateList></coordinateList>
                                       </SpatialOrTemporalPositionList>
                                    </coordAxisValues>
                                    <gridAxesSpanned>latitude</gridAxesSpanned>
                                    <sequenceRule axisOrder="+1">Linear</sequenceRule>
                                 </GridOrdinateDescription>
                              </gridOrdinate>
                              <gridOrdinate>
                                 <GridOrdinateDescription>
                                    <coordAxisLabel>longitude</coordAxisLabel>
                                    <coordAxisValues xlink:href="#QJ7RhmCo" xlink:show="embed" xlink:arcrole="coordinateList" xlink:role="http://ndg.nerc.ac.uk/fileFormat/csmlStorageDescriptor">
                                       <SpatialOrTemporalPositionList gml:id="QowC0GPR">
                                          <coordinateList></coordinateList>
                                       </SpatialOrTemporalPositionList>
                                    </coordAxisValues>
                                    <gridAxesSpanned>longitude</gridAxesSpanned>
                                    <sequenceRule axisOrder="+1">Linear</sequenceRule>
                                 </GridOrdinateDescription>
                              </gridOrdinate>
                           </GridCoordinatesTable>
                        </coordTransformTable>
                     </GridSeriesDomain>
                  </gridSeriesDomain>
                  <gml:rangeSet>
                     <gml:ValueArray gml:id="GCni7YTl">
                        <gml:valueComponent xlink:href="#Y36yBqN6" xlink:show="embed" xlink:arcrole="QuantityList" xlink:role="http://ndg.nerc.ac.uk/fileFormat/csmlStorageDescriptor">
                           <gml:QuantityList uom="m.s-1"></gml:QuantityList>
                        </gml:valueComponent>
                     </gml:ValueArray>
                  </gml:rangeSet>
               </GridSeriesCoverage>
            </value>
            <parameter xlink:href="http://cfconventions.org/standard_names/northward_wind"></parameter>
         </GridSeriesFeature>
      </featureMember>
   </CSMLFeatureCollection>
   <CSMLStorageDescriptor>
      <descriptor>
         <NetCDFExtract id="BbGVQaAC">
            <arraySize>64</arraySize>
            <fileName>/badc/ipcc-ddc/data/netcdf/ar4_v2/huss/CNCM3_1PTO2X_1_huss_o0011-0030.nc</fileName>
            <variableName>latitude</variableName>
         </NetCDFExtract>
      </descriptor>
      <descriptor>
         <NetCDFExtract id="WcmxX1Ns">
            <arraySize>2</arraySize>
            <fileName>/badc/ipcc-ddc/data/netcdf/ar4_v2/huss/CNCM3_1PTO2X_1_huss_o0011-0030.nc</fileName>
            <variableName>bounds</variableName>
         </NetCDFExtract>
      </descriptor>
      <descriptor>
         <NetCDFExtract id="SjG7YNts">
            <arraySize>128</arraySize>
            <fileName>/badc/ipcc-ddc/data/netcdf/ar4_v2/huss/CNCM3_1PTO2X_1_huss_o0011-0030.nc</fileName>
            <variableName>longitude</variableName>
         </NetCDFExtract>
      </descriptor>
      <descriptor>
         <NetCDFExtract id="KUHiw2OA">
            <arraySize>12</arraySize>
            <fileName>/badc/ipcc-ddc/data/netcdf/ar4_v2/huss/CNCM3_1PTO2X_1_huss_o0011-0030.nc</fileName>
            <variableName>time</variableName>
         </NetCDFExtract>
      </descriptor>
      <descriptor>
         <NetCDFExtract id="MOmLk1CI">
            <arraySize>64</arraySize>
            <fileName>/badc/ipcc-ddc/data/netcdf/ar4_v2/pr/CNCM3_1PTO2X_1_pr_o0011-0030.nc</fileName>
            <variableName>latitude</variableName>
         </NetCDFExtract>
      </descriptor>
      <descriptor>
         <NetCDFExtract id="JH1xV6J2">
            <arraySize>2</arraySize>
            <fileName>/badc/ipcc-ddc/data/netcdf/ar4_v2/pr/CNCM3_1PTO2X_1_pr_o0011-0030.nc</fileName>
            <variableName>bounds</variableName>
         </NetCDFExtract>
      </descriptor>
      <descriptor>
         <NetCDFExtract id="BcV2HcGO">
            <arraySize>128</arraySize>
            <fileName>/badc/ipcc-ddc/data/netcdf/ar4_v2/pr/CNCM3_1PTO2X_1_pr_o0011-0030.nc</fileName>
            <variableName>longitude</variableName>
         </NetCDFExtract>
      </descriptor>
      <descriptor>
         <NetCDFExtract id="UbkTWLHk">
            <arraySize>12</arraySize>
            <fileName>/badc/ipcc-ddc/data/netcdf/ar4_v2/pr/CNCM3_1PTO2X_1_pr_o0011-0030.nc</fileName>
            <variableName>time</variableName>
         </NetCDFExtract>
      </descriptor>
      <descriptor>
         <NetCDFExtract id="AHy5FiGD">
            <arraySize>64</arraySize>
            <fileName>/badc/ipcc-ddc/data/netcdf/ar4_v2/psl/CNCM3_1PTO2X_1_psl_o0011-0030.nc</fileName>
            <variableName>latitude</variableName>
         </NetCDFExtract>
      </descriptor>
      <descriptor>
         <NetCDFExtract id="ZmJsoSbe">
            <arraySize>2</arraySize>
            <fileName>/badc/ipcc-ddc/data/netcdf/ar4_v2/psl/CNCM3_1PTO2X_1_psl_o0011-0030.nc</fileName>
            <variableName>bounds</variableName>
         </NetCDFExtract>
      </descriptor>
      <descriptor>
         <NetCDFExtract id="PnBpU7iN">
            <arraySize>128</arraySize>
            <fileName>/badc/ipcc-ddc/data/netcdf/ar4_v2/psl/CNCM3_1PTO2X_1_psl_o0011-0030.nc</fileName>
            <variableName>longitude</variableName>
         </NetCDFExtract>
      </descriptor>
      <descriptor>
         <NetCDFExtract id="Ic20FjBb">
            <arraySize>12</arraySize>
            <fileName>/badc/ipcc-ddc/data/netcdf/ar4_v2/psl/CNCM3_1PTO2X_1_psl_o0011-0030.nc</fileName>
            <variableName>time</variableName>
         </NetCDFExtract>
      </descriptor>
      <descriptor>
         <NetCDFExtract id="HRnH4ZSb">
            <arraySize>64</arraySize>
            <fileName>/badc/ipcc-ddc/data/netcdf/ar4_v2/rsds/CNCM3_1PTO2X_1_rsds_o0011-0030.nc</fileName>
            <variableName>latitude</variableName>
         </NetCDFExtract>
      </descriptor>
      <descriptor>
         <NetCDFExtract id="V6J7Co5b">
            <arraySize>2</arraySize>
            <fileName>/badc/ipcc-ddc/data/netcdf/ar4_v2/rsds/CNCM3_1PTO2X_1_rsds_o0011-0030.nc</fileName>
            <variableName>bounds</variableName>
         </NetCDFExtract>
      </descriptor>
      <descriptor>
         <NetCDFExtract id="SWGcXSP4">
            <arraySize>128</arraySize>
            <fileName>/badc/ipcc-ddc/data/netcdf/ar4_v2/rsds/CNCM3_1PTO2X_1_rsds_o0011-0030.nc</fileName>
            <variableName>longitude</variableName>
         </NetCDFExtract>
      </descriptor>
      <descriptor>
         <NetCDFExtract id="G5m3rbkz">
            <arraySize>12</arraySize>
            <fileName>/badc/ipcc-ddc/data/netcdf/ar4_v2/rsds/CNCM3_1PTO2X_1_rsds_o0011-0030.nc</fileName>
            <variableName>time</variableName>
         </NetCDFExtract>
      </descriptor>
      <descriptor>
         <NetCDFExtract id="RvRhcZ5b">
            <arraySize>64</arraySize>
            <fileName>/badc/ipcc-ddc/data/netcdf/ar4_v2/tas/CNCM3_1PTO2X_1_tas_o0011-0030.nc</fileName>
            <variableName>latitude</variableName>
         </NetCDFExtract>
      </descriptor>
      <descriptor>
         <NetCDFExtract id="Gb2pUNRp">
            <arraySize>2</arraySize>
            <fileName>/badc/ipcc-ddc/data/netcdf/ar4_v2/tas/CNCM3_1PTO2X_1_tas_o0011-0030.nc</fileName>
            <variableName>bounds</variableName>
         </NetCDFExtract>
      </descriptor>
      <descriptor>
         <NetCDFExtract id="SP5wMTv6">
            <arraySize>128</arraySize>
            <fileName>/badc/ipcc-ddc/data/netcdf/ar4_v2/tas/CNCM3_1PTO2X_1_tas_o0011-0030.nc</fileName>
            <variableName>longitude</variableName>
         </NetCDFExtract>
      </descriptor>
      <descriptor>
         <NetCDFExtract id="DiHpeTWu">
            <arraySize>12</arraySize>
            <fileName>/badc/ipcc-ddc/data/netcdf/ar4_v2/tas/CNCM3_1PTO2X_1_tas_o0011-0030.nc</fileName>
            <variableName>time</variableName>
         </NetCDFExtract>
      </descriptor>
      <descriptor>
         <NetCDFExtract id="NedqIbwD">
            <arraySize>64</arraySize>
            <fileName>/badc/ipcc-ddc/data/netcdf/ar4_v2/uas/CNCM3_1PTO2X_1_uas_o0011-0030.nc</fileName>
            <variableName>latitude</variableName>
         </NetCDFExtract>
      </descriptor>
      <descriptor>
         <NetCDFExtract id="EcV1Bh3S">
            <arraySize>2</arraySize>
            <fileName>/badc/ipcc-ddc/data/netcdf/ar4_v2/uas/CNCM3_1PTO2X_1_uas_o0011-0030.nc</fileName>
            <variableName>bounds</variableName>
         </NetCDFExtract>
      </descriptor>
      <descriptor>
         <NetCDFExtract id="POAlzvYM">
            <arraySize>128</arraySize>
            <fileName>/badc/ipcc-ddc/data/netcdf/ar4_v2/uas/CNCM3_1PTO2X_1_uas_o0011-0030.nc</fileName>
            <variableName>longitude</variableName>
         </NetCDFExtract>
      </descriptor>
      <descriptor>
         <NetCDFExtract id="HstsDZHB">
            <arraySize>12</arraySize>
            <fileName>/badc/ipcc-ddc/data/netcdf/ar4_v2/uas/CNCM3_1PTO2X_1_uas_o0011-0030.nc</fileName>
            <variableName>time</variableName>
         </NetCDFExtract>
      </descriptor>
      <descriptor>
         <NetCDFExtract id="WgUyiRkV">
            <arraySize>64</arraySize>
            <fileName>/badc/ipcc-ddc/data/netcdf/ar4_v2/vas/CNCM3_1PTO2X_1_vas_o0011-0030.nc</fileName>
            <variableName>latitude</variableName>
         </NetCDFExtract>
      </descriptor>
      <descriptor>
         <NetCDFExtract id="LL63zGEz">
            <arraySize>2</arraySize>
            <fileName>/badc/ipcc-ddc/data/netcdf/ar4_v2/vas/CNCM3_1PTO2X_1_vas_o0011-0030.nc</fileName>
            <variableName>bounds</variableName>
         </NetCDFExtract>
      </descriptor>
      <descriptor>
         <NetCDFExtract id="QJ7RhmCo">
            <arraySize>128</arraySize>
            <fileName>/badc/ipcc-ddc/data/netcdf/ar4_v2/vas/CNCM3_1PTO2X_1_vas_o0011-0030.nc</fileName>
            <variableName>longitude</variableName>
         </NetCDFExtract>
      </descriptor>
      <descriptor>
         <NetCDFExtract id="UdwAwBLw">
            <arraySize>12</arraySize>
            <fileName>/badc/ipcc-ddc/data/netcdf/ar4_v2/vas/CNCM3_1PTO2X_1_vas_o0011-0030.nc</fileName>
            <variableName>time</variableName>
         </NetCDFExtract>
      </descriptor>
      <descriptor>
         <AggregatedArray id="KXLZBJvh">
            <arraySize>98304</arraySize>
            <uom>1</uom>
            <aggType>new</aggType>
            <aggIndex>1</aggIndex>
            <component>
               <NetCDFExtract>
                  <arraySize>12  64  128</arraySize>
                  <fileList>
                     <FileList id="QN2fkr9S">
                        <fileNames>/badc/ipcc-ddc/data/netcdf/ar4_v2/huss/CNCM3_1PTO2X_1_huss_o0011-0030.nc /badc/ipcc-ddc/data/netcdf/ar4_v2/huss/CNCM3_1PTO2X_1_huss_o0046-0065.nc /badc/ipcc-ddc/data/netcdf/ar4_v2/huss/CNCM3_1PTO2X_1_huss_o0080-0099.nc /badc/ipcc-ddc/data/netcdf/ar4_v2/huss/CNCM3_1PTO2X_1_huss_o0180-0199.nc</fileNames>
                     </FileList>
                  </fileList>
                  <variableName>specific_humidity</variableName>
               </NetCDFExtract>
            </component>
         </AggregatedArray>
      </descriptor>
      <descriptor>
         <AggregatedArray id="ZEA8qz3G">
            <arraySize>98304</arraySize>
            <uom>kg.m-2.s-1</uom>
            <aggType>new</aggType>
            <aggIndex>1</aggIndex>
            <component>
               <NetCDFExtract>
                  <arraySize>12  64  128</arraySize>
                  <fileList>
                     <FileList id="U396B3Ms">
                        <fileNames>/badc/ipcc-ddc/data/netcdf/ar4_v2/pr/CNCM3_1PTO2X_1_pr_o0011-0030.nc /badc/ipcc-ddc/data/netcdf/ar4_v2/pr/CNCM3_1PTO2X_1_pr_o0046-0065.nc /badc/ipcc-ddc/data/netcdf/ar4_v2/pr/CNCM3_1PTO2X_1_pr_o0080-0099.nc /badc/ipcc-ddc/data/netcdf/ar4_v2/pr/CNCM3_1PTO2X_1_pr_o0180-0199.nc</fileNames>
                     </FileList>
                  </fileList>
                  <variableName>precipitation_flux</variableName>
               </NetCDFExtract>
            </component>
         </AggregatedArray>
      </descriptor>
      <descriptor>
         <AggregatedArray id="Sj7lw4fc">
            <arraySize>98304</arraySize>
            <uom>Pa</uom>
            <aggType>new</aggType>
            <aggIndex>1</aggIndex>
            <component>
               <NetCDFExtract>
                  <arraySize>12  64  128</arraySize>
                  <fileList>
                     <FileList id="XFGUoMYO">
                        <fileNames>/badc/ipcc-ddc/data/netcdf/ar4_v2/psl/CNCM3_1PTO2X_1_psl_o0011-0030.nc /badc/ipcc-ddc/data/netcdf/ar4_v2/psl/CNCM3_1PTO2X_1_psl_o0046-0065.nc /badc/ipcc-ddc/data/netcdf/ar4_v2/psl/CNCM3_1PTO2X_1_psl_o0080-0099.nc /badc/ipcc-ddc/data/netcdf/ar4_v2/psl/CNCM3_1PTO2X_1_psl_o0180-0199.nc</fileNames>
                     </FileList>
                  </fileList>
                  <variableName>air_pressure_at_sea_level</variableName>
               </NetCDFExtract>
            </component>
         </AggregatedArray>
      </descriptor>
      <descriptor>
         <AggregatedArray id="T9RmH89z">
            <arraySize>98304</arraySize>
            <uom>W.m-2</uom>
            <aggType>new</aggType>
            <aggIndex>1</aggIndex>
            <component>
               <NetCDFExtract>
                  <arraySize>12  64  128</arraySize>
                  <fileList>
                     <FileList id="LaaQJVmF">
                        <fileNames>/badc/ipcc-ddc/data/netcdf/ar4_v2/rsds/CNCM3_1PTO2X_1_rsds_o0011-0030.nc /badc/ipcc-ddc/data/netcdf/ar4_v2/rsds/CNCM3_1PTO2X_1_rsds_o0046-0065.nc /badc/ipcc-ddc/data/netcdf/ar4_v2/rsds/CNCM3_1PTO2X_1_rsds_o0080-0099.nc /badc/ipcc-ddc/data/netcdf/ar4_v2/rsds/CNCM3_1PTO2X_1_rsds_o0180-0199.nc</fileNames>
                     </FileList>
                  </fileList>
                  <variableName>surface_downwelling_shortwave_flux_in_air</variableName>
               </NetCDFExtract>
            </component>
         </AggregatedArray>
      </descriptor>
      <descriptor>
         <AggregatedArray id="DKfGypTa">
            <arraySize>98304</arraySize>
            <uom>K</uom>
            <aggType>new</aggType>
            <aggIndex>1</aggIndex>
            <component>
               <NetCDFExtract>
                  <arraySize>12  64  128</arraySize>
                  <fileList>
                     <FileList id="UmsDPZTa">
                        <fileNames>/badc/ipcc-ddc/data/netcdf/ar4_v2/tas/CNCM3_1PTO2X_1_tas_o0011-0030.nc /badc/ipcc-ddc/data/netcdf/ar4_v2/tas/CNCM3_1PTO2X_1_tas_o0046-0065.nc /badc/ipcc-ddc/data/netcdf/ar4_v2/tas/CNCM3_1PTO2X_1_tas_o0080-0099.nc /badc/ipcc-ddc/data/netcdf/ar4_v2/tas/CNCM3_1PTO2X_1_tas_o0180-0199.nc</fileNames>
                     </FileList>
                  </fileList>
                  <variableName>air_temperature</variableName>
               </NetCDFExtract>
            </component>
         </AggregatedArray>
      </descriptor>
      <descriptor>
         <AggregatedArray id="W0wcddCX">
            <arraySize>98304</arraySize>
            <uom>m.s-1</uom>
            <aggType>new</aggType>
            <aggIndex>1</aggIndex>
            <component>
               <NetCDFExtract>
                  <arraySize>12  64  128</arraySize>
                  <fileList>
                     <FileList id="QDbTuDX5">
                        <fileNames>/badc/ipcc-ddc/data/netcdf/ar4_v2/uas/CNCM3_1PTO2X_1_uas_o0011-0030.nc /badc/ipcc-ddc/data/netcdf/ar4_v2/uas/CNCM3_1PTO2X_1_uas_o0046-0065.nc /badc/ipcc-ddc/data/netcdf/ar4_v2/uas/CNCM3_1PTO2X_1_uas_o0080-0099.nc /badc/ipcc-ddc/data/netcdf/ar4_v2/uas/CNCM3_1PTO2X_1_uas_o0180-0199.nc</fileNames>
                     </FileList>
                  </fileList>
                  <variableName>eastward_wind</variableName>
               </NetCDFExtract>
            </component>
         </AggregatedArray>
      </descriptor>
      <descriptor>
         <AggregatedArray id="Y36yBqN6">
            <arraySize>98304</arraySize>
            <uom>m.s-1</uom>
            <aggType>new</aggType>
            <aggIndex>1</aggIndex>
            <component>
               <NetCDFExtract>
                  <arraySize>12  64  128</arraySize>
                  <fileList>
                     <FileList id="Xr2HQUrR">
                        <fileNames>/badc/ipcc-ddc/data/netcdf/ar4_v2/vas/CNCM3_1PTO2X_1_vas_o0011-0030.nc /badc/ipcc-ddc/data/netcdf/ar4_v2/vas/CNCM3_1PTO2X_1_vas_o0046-0065.nc /badc/ipcc-ddc/data/netcdf/ar4_v2/vas/CNCM3_1PTO2X_1_vas_o0080-0099.nc /badc/ipcc-ddc/data/netcdf/ar4_v2/vas/CNCM3_1PTO2X_1_vas_o0180-0199.nc</fileNames>
                     </FileList>
                  </fileList>
                  <variableName>northward_wind</variableName>
               </NetCDFExtract>
            </component>
         </AggregatedArray>
      </descriptor>
   </CSMLStorageDescriptor>
</Dataset>