<?xml version="1.0" encoding="UTF-8"?><Dataset xmlns="http://ndg.nerc.ac.uk/csml"  xmlns:gml="http://www.opengis.net/gml" xmlns:om="http://www.opengis.net/om" xmlns:swe="http://www.opengis.net/swe"  xmlns:xsi="http://www.w3.org/2001/XMLSchema-instance" xmlns:moles="http://ndg.nerc.ac.uk/moles"  xmlns:xlink="http://www.w3.org/1999/xlink" xsi:schemaLocation="http://ndg.nerc.ac.uk/csml/ schemas/csmlDataset.xsd" id="ar4_CNCM3_COMMIT_clim_20">
   <name>Scenario: COMMIT - Model: CNCM3 - 20 year mean climatology</name>
   <AccessControlPolicy>
      <dgSecurityCondition>
         <moles:effect>allow</moles:effect>
         <moles:simpleCondition>
            <moles:dgAttributeAuthority>http://aa.ceda.rl.ac.uk/</moles:dgAttributeAuthority>
            <moles:attrauthRole>badc</moles:attrauthRole>
         </moles:simpleCondition>
      </dgSecurityCondition>
   </AccessControlPolicy>
   <CSMLFeatureCollection gml:id="E3FPUJjp">
      <gml:metaDataProperty></gml:metaDataProperty>
      <gml:boundedBy>
         <gml:EnvelopeWithTimePeriod srsName="WGS84">
            <gml:lowerCorner>0.0 -89.2586746216</gml:lowerCorner>
            <gml:upperCorner>360.0 89.2586746216</gml:upperCorner>
            <gml:beginPosition>2020-01-16T00:00:00.0</gml:beginPosition>
            <gml:endPosition>2089-12-16T00:00:00.0</gml:endPosition>
         </gml:EnvelopeWithTimePeriod>
      </gml:boundedBy>
      <featureMember>
         <GridSeriesFeature gml:id="specific_humidity">
            <gml:description>missing description</gml:description>
            <gml:name>specific_humidity</gml:name>
            <gml:boundedBy>
               <gml:EnvelopeWithTimePeriod srsName="WGS84">
                  <gml:lowerCorner>0.0 -89.2586746216</gml:lowerCorner>
                  <gml:upperCorner>360.0 89.2586746216</gml:upperCorner>
                  <gml:beginPosition>2020-01-16T00:00:00.0</gml:beginPosition>
                  <gml:endPosition>2089-12-16T00:00:00.0</gml:endPosition>
               </gml:EnvelopeWithTimePeriod>
            </gml:boundedBy>
            <value>
               <GridSeriesCoverage gml:id="Zic4TI7b">
                  <gridSeriesDomain>
                     <GridSeriesDomain srsName="ndg:crs:lonlatt" uomLabels="degree_east degree_north days_since_2011-01-01" gml:id="VPu1eZn8" axisLabels="longitude latitude time" dimension="3" srsDimension="3">
                        <limits>
                           <gml:GridEnvelope>
                              <gml:low>0 0 0</gml:low>
                              <gml:high>0 0 0</gml:high>
                           </gml:GridEnvelope>
                        </limits>
                        <axisLabels>time latitude longitude</axisLabels>
                        <coordTransformTable>
                           <GridCoordinatesTable>
                              <gridOrdinate>
                                 <GridOrdinateDescription>
                                    <coordAxisLabel>time</coordAxisLabel>
                                    <coordAxisValues>
                                       <SpatialOrTemporalPositionList gml:id="GZvW6nkH">
                                          <timePositionList frame="ndg:standard">2020-01-16T00:00:00.0 2020-02-16T00:00:00.0 2020-03-16T00:00:00.0 2020-04-16T00:00:00.0 2020-05-16T00:00:00.0 2020-06-16T00:00:00.0 2020-07-16T00:00:00.0 2020-08-16T00:00:00.0 2020-09-16T00:00:00.0 2020-10-16T00:00:00.0 2020-11-16T00:00:00.0 2020-12-16T00:00:00.0 2055-01-16T00:00:00.0 2055-02-16T00:00:00.0 2055-03-16T00:00:00.0 2055-04-16T00:00:00.0 2055-05-16T00:00:00.0 2055-06-16T00:00:00.0 2055-07-16T00:00:00.0 2055-08-16T00:00:00.0 2055-09-16T00:00:00.0 2055-10-16T00:00:00.0 2055-11-16T00:00:00.0 2055-12-16T00:00:00.0 2089-01-16T00:00:00.0 2089-02-16T00:00:00.0 2089-03-16T00:00:00.0 2089-04-16T00:00:00.0 2089-05-16T00:00:00.0 2089-06-16T00:00:00.0 2089-07-16T00:00:00.0 2089-08-16T00:00:00.0 2089-09-16T00:00:00.0 2089-10-16T00:00:00.0 2089-11-16T00:00:00.0 2089-12-16T00:00:00.0</timePositionList>
                                       </SpatialOrTemporalPositionList>
                                    </coordAxisValues>
                                    <gridAxesSpanned>time</gridAxesSpanned>
                                    <sequenceRule axisOrder="+1">Linear</sequenceRule>
                                 </GridOrdinateDescription>
                              </gridOrdinate>
                              <gridOrdinate>
                                 <GridOrdinateDescription>
                                    <coordAxisLabel>latitude</coordAxisLabel>
                                    <coordAxisValues xlink:href="#S9cLQdT9" xlink:show="embed" xlink:arcrole="coordinateList" xlink:role="http://ndg.nerc.ac.uk/fileFormat/csmlStorageDescriptor">
                                       <SpatialOrTemporalPositionList gml:id="U41KOHYU">
                                          <coordinateList></coordinateList>
                                       </SpatialOrTemporalPositionList>
                                    </coordAxisValues>
                                    <gridAxesSpanned>latitude</gridAxesSpanned>
                                    <sequenceRule axisOrder="+1">Linear</sequenceRule>
                                 </GridOrdinateDescription>
                              </gridOrdinate>
                              <gridOrdinate>
                                 <GridOrdinateDescription>
                                    <coordAxisLabel>longitude</coordAxisLabel>
                                    <coordAxisValues xlink:href="#I2JNv3Y0" xlink:show="embed" xlink:arcrole="coordinateList" xlink:role="http://ndg.nerc.ac.uk/fileFormat/csmlStorageDescriptor">
                                       <SpatialOrTemporalPositionList gml:id="GRcgarqo">
                                          <coordinateList></coordinateList>
                                       </SpatialOrTemporalPositionList>
                                    </coordAxisValues>
                                    <gridAxesSpanned>longitude</gridAxesSpanned>
                                    <sequenceRule axisOrder="+1">Linear</sequenceRule>
                                 </GridOrdinateDescription>
                              </gridOrdinate>
                           </GridCoordinatesTable>
                        </coordTransformTable>
                     </GridSeriesDomain>
                  </gridSeriesDomain>
                  <gml:rangeSet>
                     <gml:ValueArray gml:id="J0eiXFBp">
                        <gml:valueComponent xlink:href="#Liy6uwZ2" xlink:show="embed" xlink:arcrole="QuantityList" xlink:role="http://ndg.nerc.ac.uk/fileFormat/csmlStorageDescriptor">
                           <gml:QuantityList uom="1"></gml:QuantityList>
                        </gml:valueComponent>
                     </gml:ValueArray>
                  </gml:rangeSet>
               </GridSeriesCoverage>
            </value>
            <parameter xlink:href="http://cfconventions.org/standard_names/specific_humidity"></parameter>
         </GridSeriesFeature>
      </featureMember>
      <featureMember>
         <GridSeriesFeature gml:id="precipitation_flux">
            <gml:description>missing description</gml:description>
            <gml:name>precipitation_flux</gml:name>
            <gml:boundedBy>
               <gml:EnvelopeWithTimePeriod srsName="WGS84">
                  <gml:lowerCorner>0.0 -89.2586746216</gml:lowerCorner>
                  <gml:upperCorner>360.0 89.2586746216</gml:upperCorner>
                  <gml:beginPosition>2020-01-16T00:00:00.0</gml:beginPosition>
                  <gml:endPosition>2089-12-16T00:00:00.0</gml:endPosition>
               </gml:EnvelopeWithTimePeriod>
            </gml:boundedBy>
            <value>
               <GridSeriesCoverage gml:id="S2tzGmKV">
                  <gridSeriesDomain>
                     <GridSeriesDomain srsName="ndg:crs:lonlatt" uomLabels="degree_east degree_north days_since_2011-01-01" gml:id="Q08oXh90" axisLabels="longitude latitude time" dimension="3" srsDimension="3">
                        <limits>
                           <gml:GridEnvelope>
                              <gml:low>0 0 0</gml:low>
                              <gml:high>0 0 0</gml:high>
                           </gml:GridEnvelope>
                        </limits>
                        <axisLabels>time latitude longitude</axisLabels>
                        <coordTransformTable>
                           <GridCoordinatesTable>
                              <gridOrdinate>
                                 <GridOrdinateDescription>
                                    <coordAxisLabel>time</coordAxisLabel>
                                    <coordAxisValues>
                                       <SpatialOrTemporalPositionList gml:id="CC7CSDQP">
                                          <timePositionList frame="ndg:standard">2020-01-16T00:00:00.0 2020-02-16T00:00:00.0 2020-03-16T00:00:00.0 2020-04-16T00:00:00.0 2020-05-16T00:00:00.0 2020-06-16T00:00:00.0 2020-07-16T00:00:00.0 2020-08-16T00:00:00.0 2020-09-16T00:00:00.0 2020-10-16T00:00:00.0 2020-11-16T00:00:00.0 2020-12-16T00:00:00.0 2055-01-16T00:00:00.0 2055-02-16T00:00:00.0 2055-03-16T00:00:00.0 2055-04-16T00:00:00.0 2055-05-16T00:00:00.0 2055-06-16T00:00:00.0 2055-07-16T00:00:00.0 2055-08-16T00:00:00.0 2055-09-16T00:00:00.0 2055-10-16T00:00:00.0 2055-11-16T00:00:00.0 2055-12-16T00:00:00.0 2089-01-16T00:00:00.0 2089-02-16T00:00:00.0 2089-03-16T00:00:00.0 2089-04-16T00:00:00.0 2089-05-16T00:00:00.0 2089-06-16T00:00:00.0 2089-07-16T00:00:00.0 2089-08-16T00:00:00.0 2089-09-16T00:00:00.0 2089-10-16T00:00:00.0 2089-11-16T00:00:00.0 2089-12-16T00:00:00.0</timePositionList>
                                       </SpatialOrTemporalPositionList>
                                    </coordAxisValues>
                                    <gridAxesSpanned>time</gridAxesSpanned>
                                    <sequenceRule axisOrder="+1">Linear</sequenceRule>
                                 </GridOrdinateDescription>
                              </gridOrdinate>
                              <gridOrdinate>
                                 <GridOrdinateDescription>
                                    <coordAxisLabel>latitude</coordAxisLabel>
                                    <coordAxisValues xlink:href="#GqS5X2D2" xlink:show="embed" xlink:arcrole="coordinateList" xlink:role="http://ndg.nerc.ac.uk/fileFormat/csmlStorageDescriptor">
                                       <SpatialOrTemporalPositionList gml:id="U1Nyh7oQ">
                                          <coordinateList></coordinateList>
                                       </SpatialOrTemporalPositionList>
                                    </coordAxisValues>
                                    <gridAxesSpanned>latitude</gridAxesSpanned>
                                    <sequenceRule axisOrder="+1">Linear</sequenceRule>
                                 </GridOrdinateDescription>
                              </gridOrdinate>
                              <gridOrdinate>
                                 <GridOrdinateDescription>
                                    <coordAxisLabel>longitude</coordAxisLabel>
                                    <coordAxisValues xlink:href="#CNVxrtio" xlink:show="embed" xlink:arcrole="coordinateList" xlink:role="http://ndg.nerc.ac.uk/fileFormat/csmlStorageDescriptor">
                                       <SpatialOrTemporalPositionList gml:id="JWOMvO6m">
                                          <coordinateList></coordinateList>
                                       </SpatialOrTemporalPositionList>
                                    </coordAxisValues>
                                    <gridAxesSpanned>longitude</gridAxesSpanned>
                                    <sequenceRule axisOrder="+1">Linear</sequenceRule>
                                 </GridOrdinateDescription>
                              </gridOrdinate>
                           </GridCoordinatesTable>
                        </coordTransformTable>
                     </GridSeriesDomain>
                  </gridSeriesDomain>
                  <gml:rangeSet>
                     <gml:ValueArray gml:id="KVhqcfrB">
                        <gml:valueComponent xlink:href="#KvzLJn7N" xlink:show="embed" xlink:arcrole="QuantityList" xlink:role="http://ndg.nerc.ac.uk/fileFormat/csmlStorageDescriptor">
                           <gml:QuantityList uom="kg.m-2.s-1"></gml:QuantityList>
                        </gml:valueComponent>
                     </gml:ValueArray>
                  </gml:rangeSet>
               </GridSeriesCoverage>
            </value>
            <parameter xlink:href="http://cfconventions.org/standard_names/precipitation_flux"></parameter>
         </GridSeriesFeature>
      </featureMember>
      <featureMember>
         <GridSeriesFeature gml:id="air_pressure_at_sea_level">
            <gml:description>missing description</gml:description>
            <gml:name>air_pressure_at_sea_level</gml:name>
            <gml:boundedBy>
               <gml:EnvelopeWithTimePeriod srsName="WGS84">
                  <gml:lowerCorner>0.0 -89.2586746216</gml:lowerCorner>
                  <gml:upperCorner>360.0 89.2586746216</gml:upperCorner>
                  <gml:beginPosition>2020-01-16T00:00:00.0</gml:beginPosition>
                  <gml:endPosition>2089-12-16T00:00:00.0</gml:endPosition>
               </gml:EnvelopeWithTimePeriod>
            </gml:boundedBy>
            <value>
               <GridSeriesCoverage gml:id="Izz7MQmw">
                  <gridSeriesDomain>
                     <GridSeriesDomain srsName="ndg:crs:lonlatt" uomLabels="degree_east degree_north days_since_2011-01-01" gml:id="DdcbkI05" axisLabels="longitude latitude time" dimension="3" srsDimension="3">
                        <limits>
                           <gml:GridEnvelope>
                              <gml:low>0 0 0</gml:low>
                              <gml:high>0 0 0</gml:high>
                           </gml:GridEnvelope>
                        </limits>
                        <axisLabels>time latitude longitude</axisLabels>
                        <coordTransformTable>
                           <GridCoordinatesTable>
                              <gridOrdinate>
                                 <GridOrdinateDescription>
                                    <coordAxisLabel>time</coordAxisLabel>
                                    <coordAxisValues>
                                       <SpatialOrTemporalPositionList gml:id="BcIhxsQf">
                                          <timePositionList frame="ndg:standard">2020-01-16T00:00:00.0 2020-02-16T00:00:00.0 2020-03-16T00:00:00.0 2020-04-16T00:00:00.0 2020-05-16T00:00:00.0 2020-06-16T00:00:00.0 2020-07-16T00:00:00.0 2020-08-16T00:00:00.0 2020-09-16T00:00:00.0 2020-10-16T00:00:00.0 2020-11-16T00:00:00.0 2020-12-16T00:00:00.0 2055-01-16T00:00:00.0 2055-02-16T00:00:00.0 2055-03-16T00:00:00.0 2055-04-16T00:00:00.0 2055-05-16T00:00:00.0 2055-06-16T00:00:00.0 2055-07-16T00:00:00.0 2055-08-16T00:00:00.0 2055-09-16T00:00:00.0 2055-10-16T00:00:00.0 2055-11-16T00:00:00.0 2055-12-16T00:00:00.0 2089-01-16T00:00:00.0 2089-02-16T00:00:00.0 2089-03-16T00:00:00.0 2089-04-16T00:00:00.0 2089-05-16T00:00:00.0 2089-06-16T00:00:00.0 2089-07-16T00:00:00.0 2089-08-16T00:00:00.0 2089-09-16T00:00:00.0 2089-10-16T00:00:00.0 2089-11-16T00:00:00.0 2089-12-16T00:00:00.0</timePositionList>
                                       </SpatialOrTemporalPositionList>
                                    </coordAxisValues>
                                    <gridAxesSpanned>time</gridAxesSpanned>
                                    <sequenceRule axisOrder="+1">Linear</sequenceRule>
                                 </GridOrdinateDescription>
                              </gridOrdinate>
                              <gridOrdinate>
                                 <GridOrdinateDescription>
                                    <coordAxisLabel>latitude</coordAxisLabel>
                                    <coordAxisValues xlink:href="#UJvdfLl3" xlink:show="embed" xlink:arcrole="coordinateList" xlink:role="http://ndg.nerc.ac.uk/fileFormat/csmlStorageDescriptor">
                                       <SpatialOrTemporalPositionList gml:id="Pse1umFh">
                                          <coordinateList></coordinateList>
                                       </SpatialOrTemporalPositionList>
                                    </coordAxisValues>
                                    <gridAxesSpanned>latitude</gridAxesSpanned>
                                    <sequenceRule axisOrder="+1">Linear</sequenceRule>
                                 </GridOrdinateDescription>
                              </gridOrdinate>
                              <gridOrdinate>
                                 <GridOrdinateDescription>
                                    <coordAxisLabel>longitude</coordAxisLabel>
                                    <coordAxisValues xlink:href="#JB4FlMaJ" xlink:show="embed" xlink:arcrole="coordinateList" xlink:role="http://ndg.nerc.ac.uk/fileFormat/csmlStorageDescriptor">
                                       <SpatialOrTemporalPositionList gml:id="U6CcmrFo">
                                          <coordinateList></coordinateList>
                                       </SpatialOrTemporalPositionList>
                                    </coordAxisValues>
                                    <gridAxesSpanned>longitude</gridAxesSpanned>
                                    <sequenceRule axisOrder="+1">Linear</sequenceRule>
                                 </GridOrdinateDescription>
                              </gridOrdinate>
                           </GridCoordinatesTable>
                        </coordTransformTable>
                     </GridSeriesDomain>
                  </gridSeriesDomain>
                  <gml:rangeSet>
                     <gml:ValueArray gml:id="SpLcmxeT">
                        <gml:valueComponent xlink:href="#PfyqNlCp" xlink:show="embed" xlink:arcrole="QuantityList" xlink:role="http://ndg.nerc.ac.uk/fileFormat/csmlStorageDescriptor">
                           <gml:QuantityList uom="Pa"></gml:QuantityList>
                        </gml:valueComponent>
                     </gml:ValueArray>
                  </gml:rangeSet>
               </GridSeriesCoverage>
            </value>
            <parameter xlink:href="http://cfconventions.org/standard_names/air_pressure_at_sea_level"></parameter>
         </GridSeriesFeature>
      </featureMember>
      <featureMember>
         <GridSeriesFeature gml:id="surface_downwelling_shortwave_flux_in_air">
            <gml:description>missing description</gml:description>
            <gml:name>surface_downwelling_shortwave_flux_in_air</gml:name>
            <gml:boundedBy>
               <gml:EnvelopeWithTimePeriod srsName="WGS84">
                  <gml:lowerCorner>0.0 -89.2586746216</gml:lowerCorner>
                  <gml:upperCorner>360.0 89.2586746216</gml:upperCorner>
                  <gml:beginPosition>2020-01-16T00:00:00.0</gml:beginPosition>
                  <gml:endPosition>2089-12-16T00:00:00.0</gml:endPosition>
               </gml:EnvelopeWithTimePeriod>
            </gml:boundedBy>
            <value>
               <GridSeriesCoverage gml:id="N9ZUb8QV">
                  <gridSeriesDomain>
                     <GridSeriesDomain srsName="ndg:crs:lonlatt" uomLabels="degree_east degree_north days_since_2011-01-01" gml:id="LXfOUADk" axisLabels="longitude latitude time" dimension="3" srsDimension="3">
                        <limits>
                           <gml:GridEnvelope>
                              <gml:low>0 0 0</gml:low>
                              <gml:high>0 0 0</gml:high>
                           </gml:GridEnvelope>
                        </limits>
                        <axisLabels>time latitude longitude</axisLabels>
                        <coordTransformTable>
                           <GridCoordinatesTable>
                              <gridOrdinate>
                                 <GridOrdinateDescription>
                                    <coordAxisLabel>time</coordAxisLabel>
                                    <coordAxisValues>
                                       <SpatialOrTemporalPositionList gml:id="OKb7BnIN">
                                          <timePositionList frame="ndg:standard">2020-01-16T00:00:00.0 2020-02-16T00:00:00.0 2020-03-16T00:00:00.0 2020-04-16T00:00:00.0 2020-05-16T00:00:00.0 2020-06-16T00:00:00.0 2020-07-16T00:00:00.0 2020-08-16T00:00:00.0 2020-09-16T00:00:00.0 2020-10-16T00:00:00.0 2020-11-16T00:00:00.0 2020-12-16T00:00:00.0 2055-01-16T00:00:00.0 2055-02-16T00:00:00.0 2055-03-16T00:00:00.0 2055-04-16T00:00:00.0 2055-05-16T00:00:00.0 2055-06-16T00:00:00.0 2055-07-16T00:00:00.0 2055-08-16T00:00:00.0 2055-09-16T00:00:00.0 2055-10-16T00:00:00.0 2055-11-16T00:00:00.0 2055-12-16T00:00:00.0 2089-01-16T00:00:00.0 2089-02-16T00:00:00.0 2089-03-16T00:00:00.0 2089-04-16T00:00:00.0 2089-05-16T00:00:00.0 2089-06-16T00:00:00.0 2089-07-16T00:00:00.0 2089-08-16T00:00:00.0 2089-09-16T00:00:00.0 2089-10-16T00:00:00.0 2089-11-16T00:00:00.0 2089-12-16T00:00:00.0</timePositionList>
                                       </SpatialOrTemporalPositionList>
                                    </coordAxisValues>
                                    <gridAxesSpanned>time</gridAxesSpanned>
                                    <sequenceRule axisOrder="+1">Linear</sequenceRule>
                                 </GridOrdinateDescription>
                              </gridOrdinate>
                              <gridOrdinate>
                                 <GridOrdinateDescription>
                                    <coordAxisLabel>latitude</coordAxisLabel>
                                    <coordAxisValues xlink:href="#OGoJvFbT" xlink:show="embed" xlink:arcrole="coordinateList" xlink:role="http://ndg.nerc.ac.uk/fileFormat/csmlStorageDescriptor">
                                       <SpatialOrTemporalPositionList gml:id="QdVP2jyc">
                                          <coordinateList></coordinateList>
                                       </SpatialOrTemporalPositionList>
                                    </coordAxisValues>
                                    <gridAxesSpanned>latitude</gridAxesSpanned>
                                    <sequenceRule axisOrder="+1">Linear</sequenceRule>
                                 </GridOrdinateDescription>
                              </gridOrdinate>
                              <gridOrdinate>
                                 <GridOrdinateDescription>
                                    <coordAxisLabel>longitude</coordAxisLabel>
                                    <coordAxisValues xlink:href="#HO1DAHNK" xlink:show="embed" xlink:arcrole="coordinateList" xlink:role="http://ndg.nerc.ac.uk/fileFormat/csmlStorageDescriptor">
                                       <SpatialOrTemporalPositionList gml:id="FAI3Km6Q">
                                          <coordinateList></coordinateList>
                                       </SpatialOrTemporalPositionList>
                                    </coordAxisValues>
                                    <gridAxesSpanned>longitude</gridAxesSpanned>
                                    <sequenceRule axisOrder="+1">Linear</sequenceRule>
                                 </GridOrdinateDescription>
                              </gridOrdinate>
                           </GridCoordinatesTable>
                        </coordTransformTable>
                     </GridSeriesDomain>
                  </gridSeriesDomain>
                  <gml:rangeSet>
                     <gml:ValueArray gml:id="McpzUfQ1">
                        <gml:valueComponent xlink:href="#TR7Ybhbq" xlink:show="embed" xlink:arcrole="QuantityList" xlink:role="http://ndg.nerc.ac.uk/fileFormat/csmlStorageDescriptor">
                           <gml:QuantityList uom="W.m-2"></gml:QuantityList>
                        </gml:valueComponent>
                     </gml:ValueArray>
                  </gml:rangeSet>
               </GridSeriesCoverage>
            </value>
            <parameter xlink:href="http://cfconventions.org/standard_names/surface_downwelling_shortwave_flux_in_air"></parameter>
         </GridSeriesFeature>
      </featureMember>
      <featureMember>
         <GridSeriesFeature gml:id="air_temperature">
            <gml:description>missing description</gml:description>
            <gml:name>air_temperature</gml:name>
            <gml:boundedBy>
               <gml:EnvelopeWithTimePeriod srsName="WGS84">
                  <gml:lowerCorner>0.0 -89.2586746216</gml:lowerCorner>
                  <gml:upperCorner>360.0 89.2586746216</gml:upperCorner>
                  <gml:beginPosition>2020-01-16T00:00:00.0</gml:beginPosition>
                  <gml:endPosition>2089-12-16T00:00:00.0</gml:endPosition>
               </gml:EnvelopeWithTimePeriod>
            </gml:boundedBy>
            <value>
               <GridSeriesCoverage gml:id="BI12nHCy">
                  <gridSeriesDomain>
                     <GridSeriesDomain srsName="ndg:crs:lonlatt" uomLabels="degree_east degree_north days_since_2011-01-01" gml:id="CPDWiOLe" axisLabels="longitude latitude time" dimension="3" srsDimension="3">
                        <limits>
                           <gml:GridEnvelope>
                              <gml:low>0 0 0</gml:low>
                              <gml:high>0 0 0</gml:high>
                           </gml:GridEnvelope>
                        </limits>
                        <axisLabels>time latitude longitude</axisLabels>
                        <coordTransformTable>
                           <GridCoordinatesTable>
                              <gridOrdinate>
                                 <GridOrdinateDescription>
                                    <coordAxisLabel>time</coordAxisLabel>
                                    <coordAxisValues>
                                       <SpatialOrTemporalPositionList gml:id="LslNaBSJ">
                                          <timePositionList frame="ndg:standard">2020-01-16T00:00:00.0 2020-02-16T00:00:00.0 2020-03-16T00:00:00.0 2020-04-16T00:00:00.0 2020-05-16T00:00:00.0 2020-06-16T00:00:00.0 2020-07-16T00:00:00.0 2020-08-16T00:00:00.0 2020-09-16T00:00:00.0 2020-10-16T00:00:00.0 2020-11-16T00:00:00.0 2020-12-16T00:00:00.0 2055-01-16T00:00:00.0 2055-02-16T00:00:00.0 2055-03-16T00:00:00.0 2055-04-16T00:00:00.0 2055-05-16T00:00:00.0 2055-06-16T00:00:00.0 2055-07-16T00:00:00.0 2055-08-16T00:00:00.0 2055-09-16T00:00:00.0 2055-10-16T00:00:00.0 2055-11-16T00:00:00.0 2055-12-16T00:00:00.0 2089-01-16T00:00:00.0 2089-02-16T00:00:00.0 2089-03-16T00:00:00.0 2089-04-16T00:00:00.0 2089-05-16T00:00:00.0 2089-06-16T00:00:00.0 2089-07-16T00:00:00.0 2089-08-16T00:00:00.0 2089-09-16T00:00:00.0 2089-10-16T00:00:00.0 2089-11-16T00:00:00.0 2089-12-16T00:00:00.0</timePositionList>
                                       </SpatialOrTemporalPositionList>
                                    </coordAxisValues>
                                    <gridAxesSpanned>time</gridAxesSpanned>
                                    <sequenceRule axisOrder="+1">Linear</sequenceRule>
                                 </GridOrdinateDescription>
                              </gridOrdinate>
                              <gridOrdinate>
                                 <GridOrdinateDescription>
                                    <coordAxisLabel>latitude</coordAxisLabel>
                                    <coordAxisValues xlink:href="#VkBTKMi5" xlink:show="embed" xlink:arcrole="coordinateList" xlink:role="http://ndg.nerc.ac.uk/fileFormat/csmlStorageDescriptor">
                                       <SpatialOrTemporalPositionList gml:id="QKj3ffpK">
                                          <coordinateList></coordinateList>
                                       </SpatialOrTemporalPositionList>
                                    </coordAxisValues>
                                    <gridAxesSpanned>latitude</gridAxesSpanned>
                                    <sequenceRule axisOrder="+1">Linear</sequenceRule>
                                 </GridOrdinateDescription>
                              </gridOrdinate>
                              <gridOrdinate>
                                 <GridOrdinateDescription>
                                    <coordAxisLabel>longitude</coordAxisLabel>
                                    <coordAxisValues xlink:href="#HmNCg9D4" xlink:show="embed" xlink:arcrole="coordinateList" xlink:role="http://ndg.nerc.ac.uk/fileFormat/csmlStorageDescriptor">
                                       <SpatialOrTemporalPositionList gml:id="BTSyQdcY">
                                          <coordinateList></coordinateList>
                                       </SpatialOrTemporalPositionList>
                                    </coordAxisValues>
                                    <gridAxesSpanned>longitude</gridAxesSpanned>
                                    <sequenceRule axisOrder="+1">Linear</sequenceRule>
                                 </GridOrdinateDescription>
                              </gridOrdinate>
                           </GridCoordinatesTable>
                        </coordTransformTable>
                     </GridSeriesDomain>
                  </gridSeriesDomain>
                  <gml:rangeSet>
                     <gml:ValueArray gml:id="Yzm5AiLg">
                        <gml:valueComponent xlink:href="#WbYvupCW" xlink:show="embed" xlink:arcrole="QuantityList" xlink:role="http://ndg.nerc.ac.uk/fileFormat/csmlStorageDescriptor">
                           <gml:QuantityList uom="K"></gml:QuantityList>
                        </gml:valueComponent>
                     </gml:ValueArray>
                  </gml:rangeSet>
               </GridSeriesCoverage>
            </value>
            <parameter xlink:href="http://cfconventions.org/standard_names/air_temperature"></parameter>
         </GridSeriesFeature>
      </featureMember>
      <featureMember>
         <GridSeriesFeature gml:id="eastward_wind">
            <gml:description>missing description</gml:description>
            <gml:name>eastward_wind</gml:name>
            <gml:boundedBy>
               <gml:EnvelopeWithTimePeriod srsName="WGS84">
                  <gml:lowerCorner>0.0 -89.2586746216</gml:lowerCorner>
                  <gml:upperCorner>360.0 89.2586746216</gml:upperCorner>
                  <gml:beginPosition>2020-01-16T00:00:00.0</gml:beginPosition>
                  <gml:endPosition>2089-12-16T00:00:00.0</gml:endPosition>
               </gml:EnvelopeWithTimePeriod>
            </gml:boundedBy>
            <value>
               <GridSeriesCoverage gml:id="Gst0lY10">
                  <gridSeriesDomain>
                     <GridSeriesDomain srsName="ndg:crs:lonlatt" uomLabels="degree_east degree_north days_since_2011-01-01" gml:id="DRPEu5BY" axisLabels="longitude latitude time" dimension="3" srsDimension="3">
                        <limits>
                           <gml:GridEnvelope>
                              <gml:low>0 0 0</gml:low>
                              <gml:high>0 0 0</gml:high>
                           </gml:GridEnvelope>
                        </limits>
                        <axisLabels>time latitude longitude</axisLabels>
                        <coordTransformTable>
                           <GridCoordinatesTable>
                              <gridOrdinate>
                                 <GridOrdinateDescription>
                                    <coordAxisLabel>time</coordAxisLabel>
                                    <coordAxisValues>
                                       <SpatialOrTemporalPositionList gml:id="IujvmQy2">
                                          <timePositionList frame="ndg:standard">2020-01-16T00:00:00.0 2020-02-16T00:00:00.0 2020-03-16T00:00:00.0 2020-04-16T00:00:00.0 2020-05-16T00:00:00.0 2020-06-16T00:00:00.0 2020-07-16T00:00:00.0 2020-08-16T00:00:00.0 2020-09-16T00:00:00.0 2020-10-16T00:00:00.0 2020-11-16T00:00:00.0 2020-12-16T00:00:00.0 2055-01-16T00:00:00.0 2055-02-16T00:00:00.0 2055-03-16T00:00:00.0 2055-04-16T00:00:00.0 2055-05-16T00:00:00.0 2055-06-16T00:00:00.0 2055-07-16T00:00:00.0 2055-08-16T00:00:00.0 2055-09-16T00:00:00.0 2055-10-16T00:00:00.0 2055-11-16T00:00:00.0 2055-12-16T00:00:00.0 2089-01-16T00:00:00.0 2089-02-16T00:00:00.0 2089-03-16T00:00:00.0 2089-04-16T00:00:00.0 2089-05-16T00:00:00.0 2089-06-16T00:00:00.0 2089-07-16T00:00:00.0 2089-08-16T00:00:00.0 2089-09-16T00:00:00.0 2089-10-16T00:00:00.0 2089-11-16T00:00:00.0 2089-12-16T00:00:00.0</timePositionList>
                                       </SpatialOrTemporalPositionList>
                                    </coordAxisValues>
                                    <gridAxesSpanned>time</gridAxesSpanned>
                                    <sequenceRule axisOrder="+1">Linear</sequenceRule>
                                 </GridOrdinateDescription>
                              </gridOrdinate>
                              <gridOrdinate>
                                 <GridOrdinateDescription>
                                    <coordAxisLabel>latitude</coordAxisLabel>
                                    <coordAxisValues xlink:href="#S6gtx16j" xlink:show="embed" xlink:arcrole="coordinateList" xlink:role="http://ndg.nerc.ac.uk/fileFormat/csmlStorageDescriptor">
                                       <SpatialOrTemporalPositionList gml:id="WA9QcmKL">
                                          <coordinateList></coordinateList>
                                       </SpatialOrTemporalPositionList>
                                    </coordAxisValues>
                                    <gridAxesSpanned>latitude</gridAxesSpanned>
                                    <sequenceRule axisOrder="+1">Linear</sequenceRule>
                                 </GridOrdinateDescription>
                              </gridOrdinate>
                              <gridOrdinate>
                                 <GridOrdinateDescription>
                                    <coordAxisLabel>longitude</coordAxisLabel>
                                    <coordAxisValues xlink:href="#XrbNshMS" xlink:show="embed" xlink:arcrole="coordinateList" xlink:role="http://ndg.nerc.ac.uk/fileFormat/csmlStorageDescriptor">
                                       <SpatialOrTemporalPositionList gml:id="DYJyiz5Y">
                                          <coordinateList></coordinateList>
                                       </SpatialOrTemporalPositionList>
                                    </coordAxisValues>
                                    <gridAxesSpanned>longitude</gridAxesSpanned>
                                    <sequenceRule axisOrder="+1">Linear</sequenceRule>
                                 </GridOrdinateDescription>
                              </gridOrdinate>
                           </GridCoordinatesTable>
                        </coordTransformTable>
                     </GridSeriesDomain>
                  </gridSeriesDomain>
                  <gml:rangeSet>
                     <gml:ValueArray gml:id="FBxxkVCM">
                        <gml:valueComponent xlink:href="#JKeUf49r" xlink:show="embed" xlink:arcrole="QuantityList" xlink:role="http://ndg.nerc.ac.uk/fileFormat/csmlStorageDescriptor">
                           <gml:QuantityList uom="m.s-1"></gml:QuantityList>
                        </gml:valueComponent>
                     </gml:ValueArray>
                  </gml:rangeSet>
               </GridSeriesCoverage>
            </value>
            <parameter xlink:href="http://cfconventions.org/standard_names/eastward_wind"></parameter>
         </GridSeriesFeature>
      </featureMember>
      <featureMember>
         <GridSeriesFeature gml:id="northward_wind">
            <gml:description>missing description</gml:description>
            <gml:name>northward_wind</gml:name>
            <gml:boundedBy>
               <gml:EnvelopeWithTimePeriod srsName="WGS84">
                  <gml:lowerCorner>0.0 -89.2586746216</gml:lowerCorner>
                  <gml:upperCorner>360.0 89.2586746216</gml:upperCorner>
                  <gml:beginPosition>2020-01-16T00:00:00.0</gml:beginPosition>
                  <gml:endPosition>2089-12-16T00:00:00.0</gml:endPosition>
               </gml:EnvelopeWithTimePeriod>
            </gml:boundedBy>
            <value>
               <GridSeriesCoverage gml:id="OLXJ9aFT">
                  <gridSeriesDomain>
                     <GridSeriesDomain srsName="ndg:crs:lonlatt" uomLabels="degree_east degree_north days_since_2011-01-01" gml:id="YebEY2Xu" axisLabels="longitude latitude time" dimension="3" srsDimension="3">
                        <limits>
                           <gml:GridEnvelope>
                              <gml:low>0 0 0</gml:low>
                              <gml:high>0 0 0</gml:high>
                           </gml:GridEnvelope>
                        </limits>
                        <axisLabels>time latitude longitude</axisLabels>
                        <coordTransformTable>
                           <GridCoordinatesTable>
                              <gridOrdinate>
                                 <GridOrdinateDescription>
                                    <coordAxisLabel>time</coordAxisLabel>
                                    <coordAxisValues>
                                       <SpatialOrTemporalPositionList gml:id="Ec2mynin">
                                          <timePositionList frame="ndg:standard">2020-01-16T00:00:00.0 2020-02-16T00:00:00.0 2020-03-16T00:00:00.0 2020-04-16T00:00:00.0 2020-05-16T00:00:00.0 2020-06-16T00:00:00.0 2020-07-16T00:00:00.0 2020-08-16T00:00:00.0 2020-09-16T00:00:00.0 2020-10-16T00:00:00.0 2020-11-16T00:00:00.0 2020-12-16T00:00:00.0 2055-01-16T00:00:00.0 2055-02-16T00:00:00.0 2055-03-16T00:00:00.0 2055-04-16T00:00:00.0 2055-05-16T00:00:00.0 2055-06-16T00:00:00.0 2055-07-16T00:00:00.0 2055-08-16T00:00:00.0 2055-09-16T00:00:00.0 2055-10-16T00:00:00.0 2055-11-16T00:00:00.0 2055-12-16T00:00:00.0 2089-01-16T00:00:00.0 2089-02-16T00:00:00.0 2089-03-16T00:00:00.0 2089-04-16T00:00:00.0 2089-05-16T00:00:00.0 2089-06-16T00:00:00.0 2089-07-16T00:00:00.0 2089-08-16T00:00:00.0 2089-09-16T00:00:00.0 2089-10-16T00:00:00.0 2089-11-16T00:00:00.0 2089-12-16T00:00:00.0</timePositionList>
                                       </SpatialOrTemporalPositionList>
                                    </coordAxisValues>
                                    <gridAxesSpanned>time</gridAxesSpanned>
                                    <sequenceRule axisOrder="+1">Linear</sequenceRule>
                                 </GridOrdinateDescription>
                              </gridOrdinate>
                              <gridOrdinate>
                                 <GridOrdinateDescription>
                                    <coordAxisLabel>latitude</coordAxisLabel>
                                    <coordAxisValues xlink:href="#FMXpHmG4" xlink:show="embed" xlink:arcrole="coordinateList" xlink:role="http://ndg.nerc.ac.uk/fileFormat/csmlStorageDescriptor">
                                       <SpatialOrTemporalPositionList gml:id="Wnh8epYz">
                                          <coordinateList></coordinateList>
                                       </SpatialOrTemporalPositionList>
                                    </coordAxisValues>
                                    <gridAxesSpanned>latitude</gridAxesSpanned>
                                    <sequenceRule axisOrder="+1">Linear</sequenceRule>
                                 </GridOrdinateDescription>
                              </gridOrdinate>
                              <gridOrdinate>
                                 <GridOrdinateDescription>
                                    <coordAxisLabel>longitude</coordAxisLabel>
                                    <coordAxisValues xlink:href="#V92nAVbO" xlink:show="embed" xlink:arcrole="coordinateList" xlink:role="http://ndg.nerc.ac.uk/fileFormat/csmlStorageDescriptor">
                                       <SpatialOrTemporalPositionList gml:id="XhBFQBfm">
                                          <coordinateList></coordinateList>
                                       </SpatialOrTemporalPositionList>
                                    </coordAxisValues>
                                    <gridAxesSpanned>longitude</gridAxesSpanned>
                                    <sequenceRule axisOrder="+1">Linear</sequenceRule>
                                 </GridOrdinateDescription>
                              </gridOrdinate>
                           </GridCoordinatesTable>
                        </coordTransformTable>
                     </GridSeriesDomain>
                  </gridSeriesDomain>
                  <gml:rangeSet>
                     <gml:ValueArray gml:id="RW7I8Npz">
                        <gml:valueComponent xlink:href="#QRWVMvr7" xlink:show="embed" xlink:arcrole="QuantityList" xlink:role="http://ndg.nerc.ac.uk/fileFormat/csmlStorageDescriptor">
                           <gml:QuantityList uom="m.s-1"></gml:QuantityList>
                        </gml:valueComponent>
                     </gml:ValueArray>
                  </gml:rangeSet>
               </GridSeriesCoverage>
            </value>
            <parameter xlink:href="http://cfconventions.org/standard_names/northward_wind"></parameter>
         </GridSeriesFeature>
      </featureMember>
   </CSMLFeatureCollection>
   <CSMLStorageDescriptor>
      <descriptor>
         <NetCDFExtract id="S9cLQdT9">
            <arraySize>64</arraySize>
            <fileName>/badc/ipcc-ddc/data/netcdf/ar4_v2/huss/CNCM3_COMMIT_1_huss_2011-2030.nc</fileName>
            <variableName>latitude</variableName>
         </NetCDFExtract>
      </descriptor>
      <descriptor>
         <NetCDFExtract id="RGuJXsRL">
            <arraySize>2</arraySize>
            <fileName>/badc/ipcc-ddc/data/netcdf/ar4_v2/huss/CNCM3_COMMIT_1_huss_2011-2030.nc</fileName>
            <variableName>bounds</variableName>
         </NetCDFExtract>
      </descriptor>
      <descriptor>
         <NetCDFExtract id="I2JNv3Y0">
            <arraySize>128</arraySize>
            <fileName>/badc/ipcc-ddc/data/netcdf/ar4_v2/huss/CNCM3_COMMIT_1_huss_2011-2030.nc</fileName>
            <variableName>longitude</variableName>
         </NetCDFExtract>
      </descriptor>
      <descriptor>
         <NetCDFExtract id="SnjaDMxK">
            <arraySize>12</arraySize>
            <fileName>/badc/ipcc-ddc/data/netcdf/ar4_v2/huss/CNCM3_COMMIT_1_huss_2011-2030.nc</fileName>
            <variableName>time</variableName>
         </NetCDFExtract>
      </descriptor>
      <descriptor>
         <NetCDFExtract id="GqS5X2D2">
            <arraySize>64</arraySize>
            <fileName>/badc/ipcc-ddc/data/netcdf/ar4_v2/pr/CNCM3_COMMIT_1_pr_2011-2030.nc</fileName>
            <variableName>latitude</variableName>
         </NetCDFExtract>
      </descriptor>
      <descriptor>
         <NetCDFExtract id="O7OcaLyq">
            <arraySize>2</arraySize>
            <fileName>/badc/ipcc-ddc/data/netcdf/ar4_v2/pr/CNCM3_COMMIT_1_pr_2011-2030.nc</fileName>
            <variableName>bounds</variableName>
         </NetCDFExtract>
      </descriptor>
      <descriptor>
         <NetCDFExtract id="CNVxrtio">
            <arraySize>128</arraySize>
            <fileName>/badc/ipcc-ddc/data/netcdf/ar4_v2/pr/CNCM3_COMMIT_1_pr_2011-2030.nc</fileName>
            <variableName>longitude</variableName>
         </NetCDFExtract>
      </descriptor>
      <descriptor>
         <NetCDFExtract id="Hf2oeE7n">
            <arraySize>12</arraySize>
            <fileName>/badc/ipcc-ddc/data/netcdf/ar4_v2/pr/CNCM3_COMMIT_1_pr_2011-2030.nc</fileName>
            <variableName>time</variableName>
         </NetCDFExtract>
      </descriptor>
      <descriptor>
         <NetCDFExtract id="UJvdfLl3">
            <arraySize>64</arraySize>
            <fileName>/badc/ipcc-ddc/data/netcdf/ar4_v2/psl/CNCM3_COMMIT_1_psl_2011-2030.nc</fileName>
            <variableName>latitude</variableName>
         </NetCDFExtract>
      </descriptor>
      <descriptor>
         <NetCDFExtract id="KddGWEQL">
            <arraySize>2</arraySize>
            <fileName>/badc/ipcc-ddc/data/netcdf/ar4_v2/psl/CNCM3_COMMIT_1_psl_2011-2030.nc</fileName>
            <variableName>bounds</variableName>
         </NetCDFExtract>
      </descriptor>
      <descriptor>
         <NetCDFExtract id="JB4FlMaJ">
            <arraySize>128</arraySize>
            <fileName>/badc/ipcc-ddc/data/netcdf/ar4_v2/psl/CNCM3_COMMIT_1_psl_2011-2030.nc</fileName>
            <variableName>longitude</variableName>
         </NetCDFExtract>
      </descriptor>
      <descriptor>
         <NetCDFExtract id="KgQmem9n">
            <arraySize>12</arraySize>
            <fileName>/badc/ipcc-ddc/data/netcdf/ar4_v2/psl/CNCM3_COMMIT_1_psl_2011-2030.nc</fileName>
            <variableName>time</variableName>
         </NetCDFExtract>
      </descriptor>
      <descriptor>
         <NetCDFExtract id="OGoJvFbT">
            <arraySize>64</arraySize>
            <fileName>/badc/ipcc-ddc/data/netcdf/ar4_v2/rsds/CNCM3_COMMIT_1_rsds_2011-2030.nc</fileName>
            <variableName>latitude</variableName>
         </NetCDFExtract>
      </descriptor>
      <descriptor>
         <NetCDFExtract id="BMwBqV8T">
            <arraySize>2</arraySize>
            <fileName>/badc/ipcc-ddc/data/netcdf/ar4_v2/rsds/CNCM3_COMMIT_1_rsds_2011-2030.nc</fileName>
            <variableName>bounds</variableName>
         </NetCDFExtract>
      </descriptor>
      <descriptor>
         <NetCDFExtract id="HO1DAHNK">
            <arraySize>128</arraySize>
            <fileName>/badc/ipcc-ddc/data/netcdf/ar4_v2/rsds/CNCM3_COMMIT_1_rsds_2011-2030.nc</fileName>
            <variableName>longitude</variableName>
         </NetCDFExtract>
      </descriptor>
      <descriptor>
         <NetCDFExtract id="SzioFb1L">
            <arraySize>12</arraySize>
            <fileName>/badc/ipcc-ddc/data/netcdf/ar4_v2/rsds/CNCM3_COMMIT_1_rsds_2011-2030.nc</fileName>
            <variableName>time</variableName>
         </NetCDFExtract>
      </descriptor>
      <descriptor>
         <NetCDFExtract id="VkBTKMi5">
            <arraySize>64</arraySize>
            <fileName>/badc/ipcc-ddc/data/netcdf/ar4_v2/tas/CNCM3_COMMIT_1_tas_2011-2030.nc</fileName>
            <variableName>latitude</variableName>
         </NetCDFExtract>
      </descriptor>
      <descriptor>
         <NetCDFExtract id="R4a94DFa">
            <arraySize>2</arraySize>
            <fileName>/badc/ipcc-ddc/data/netcdf/ar4_v2/tas/CNCM3_COMMIT_1_tas_2011-2030.nc</fileName>
            <variableName>bounds</variableName>
         </NetCDFExtract>
      </descriptor>
      <descriptor>
         <NetCDFExtract id="HmNCg9D4">
            <arraySize>128</arraySize>
            <fileName>/badc/ipcc-ddc/data/netcdf/ar4_v2/tas/CNCM3_COMMIT_1_tas_2011-2030.nc</fileName>
            <variableName>longitude</variableName>
         </NetCDFExtract>
      </descriptor>
      <descriptor>
         <NetCDFExtract id="L6q6tC40">
            <arraySize>12</arraySize>
            <fileName>/badc/ipcc-ddc/data/netcdf/ar4_v2/tas/CNCM3_COMMIT_1_tas_2011-2030.nc</fileName>
            <variableName>time</variableName>
         </NetCDFExtract>
      </descriptor>
      <descriptor>
         <NetCDFExtract id="S6gtx16j">
            <arraySize>64</arraySize>
            <fileName>/badc/ipcc-ddc/data/netcdf/ar4_v2/uas/CNCM3_COMMIT_1_uas_2011-2030.nc</fileName>
            <variableName>latitude</variableName>
         </NetCDFExtract>
      </descriptor>
      <descriptor>
         <NetCDFExtract id="T6VDndkN">
            <arraySize>2</arraySize>
            <fileName>/badc/ipcc-ddc/data/netcdf/ar4_v2/uas/CNCM3_COMMIT_1_uas_2011-2030.nc</fileName>
            <variableName>bounds</variableName>
         </NetCDFExtract>
      </descriptor>
      <descriptor>
         <NetCDFExtract id="XrbNshMS">
            <arraySize>128</arraySize>
            <fileName>/badc/ipcc-ddc/data/netcdf/ar4_v2/uas/CNCM3_COMMIT_1_uas_2011-2030.nc</fileName>
            <variableName>longitude</variableName>
         </NetCDFExtract>
      </descriptor>
      <descriptor>
         <NetCDFExtract id="EDWEfNY7">
            <arraySize>12</arraySize>
            <fileName>/badc/ipcc-ddc/data/netcdf/ar4_v2/uas/CNCM3_COMMIT_1_uas_2011-2030.nc</fileName>
            <variableName>time</variableName>
         </NetCDFExtract>
      </descriptor>
      <descriptor>
         <NetCDFExtract id="FMXpHmG4">
            <arraySize>64</arraySize>
            <fileName>/badc/ipcc-ddc/data/netcdf/ar4_v2/vas/CNCM3_COMMIT_1_vas_2011-2030.nc</fileName>
            <variableName>latitude</variableName>
         </NetCDFExtract>
      </descriptor>
      <descriptor>
         <NetCDFExtract id="Fzp0ssS6">
            <arraySize>2</arraySize>
            <fileName>/badc/ipcc-ddc/data/netcdf/ar4_v2/vas/CNCM3_COMMIT_1_vas_2011-2030.nc</fileName>
            <variableName>bounds</variableName>
         </NetCDFExtract>
      </descriptor>
      <descriptor>
         <NetCDFExtract id="V92nAVbO">
            <arraySize>128</arraySize>
            <fileName>/badc/ipcc-ddc/data/netcdf/ar4_v2/vas/CNCM3_COMMIT_1_vas_2011-2030.nc</fileName>
            <variableName>longitude</variableName>
         </NetCDFExtract>
      </descriptor>
      <descriptor>
         <NetCDFExtract id="ZmoojSgD">
            <arraySize>12</arraySize>
            <fileName>/badc/ipcc-ddc/data/netcdf/ar4_v2/vas/CNCM3_COMMIT_1_vas_2011-2030.nc</fileName>
            <variableName>time</variableName>
         </NetCDFExtract>
      </descriptor>
      <descriptor>
         <AggregatedArray id="Liy6uwZ2">
            <arraySize>98304</arraySize>
            <uom>1</uom>
            <aggType>new</aggType>
            <aggIndex>1</aggIndex>
            <component>
               <NetCDFExtract>
                  <arraySize>12  64  128</arraySize>
                  <fileList>
                     <FileList id="BsPsEs7P">
                        <fileNames>/badc/ipcc-ddc/data/netcdf/ar4_v2/huss/CNCM3_COMMIT_1_huss_2011-2030.nc /badc/ipcc-ddc/data/netcdf/ar4_v2/huss/CNCM3_COMMIT_1_huss_2046-2065.nc /badc/ipcc-ddc/data/netcdf/ar4_v2/huss/CNCM3_COMMIT_1_huss_2080-2099.nc</fileNames>
                     </FileList>
                  </fileList>
                  <variableName>specific_humidity</variableName>
               </NetCDFExtract>
            </component>
         </AggregatedArray>
      </descriptor>
      <descriptor>
         <AggregatedArray id="KvzLJn7N">
            <arraySize>98304</arraySize>
            <uom>kg.m-2.s-1</uom>
            <aggType>new</aggType>
            <aggIndex>1</aggIndex>
            <component>
               <NetCDFExtract>
                  <arraySize>12  64  128</arraySize>
                  <fileList>
                     <FileList id="WhSHq4pi">
                        <fileNames>/badc/ipcc-ddc/data/netcdf/ar4_v2/pr/CNCM3_COMMIT_1_pr_2011-2030.nc /badc/ipcc-ddc/data/netcdf/ar4_v2/pr/CNCM3_COMMIT_1_pr_2046-2065.nc /badc/ipcc-ddc/data/netcdf/ar4_v2/pr/CNCM3_COMMIT_1_pr_2080-2099.nc</fileNames>
                     </FileList>
                  </fileList>
                  <variableName>precipitation_flux</variableName>
               </NetCDFExtract>
            </component>
         </AggregatedArray>
      </descriptor>
      <descriptor>
         <AggregatedArray id="PfyqNlCp">
            <arraySize>98304</arraySize>
            <uom>Pa</uom>
            <aggType>new</aggType>
            <aggIndex>1</aggIndex>
            <component>
               <NetCDFExtract>
                  <arraySize>12  64  128</arraySize>
                  <fileList>
                     <FileList id="V1GcwLUr">
                        <fileNames>/badc/ipcc-ddc/data/netcdf/ar4_v2/psl/CNCM3_COMMIT_1_psl_2011-2030.nc /badc/ipcc-ddc/data/netcdf/ar4_v2/psl/CNCM3_COMMIT_1_psl_2046-2065.nc /badc/ipcc-ddc/data/netcdf/ar4_v2/psl/CNCM3_COMMIT_1_psl_2080-2099.nc</fileNames>
                     </FileList>
                  </fileList>
                  <variableName>air_pressure_at_sea_level</variableName>
               </NetCDFExtract>
            </component>
         </AggregatedArray>
      </descriptor>
      <descriptor>
         <AggregatedArray id="TR7Ybhbq">
            <arraySize>98304</arraySize>
            <uom>W.m-2</uom>
            <aggType>new</aggType>
            <aggIndex>1</aggIndex>
            <component>
               <NetCDFExtract>
                  <arraySize>12  64  128</arraySize>
                  <fileList>
                     <FileList id="KvHOvkB9">
                        <fileNames>/badc/ipcc-ddc/data/netcdf/ar4_v2/rsds/CNCM3_COMMIT_1_rsds_2011-2030.nc /badc/ipcc-ddc/data/netcdf/ar4_v2/rsds/CNCM3_COMMIT_1_rsds_2046-2065.nc /badc/ipcc-ddc/data/netcdf/ar4_v2/rsds/CNCM3_COMMIT_1_rsds_2080-2099.nc</fileNames>
                     </FileList>
                  </fileList>
                  <variableName>surface_downwelling_shortwave_flux_in_air</variableName>
               </NetCDFExtract>
            </component>
         </AggregatedArray>
      </descriptor>
      <descriptor>
         <AggregatedArray id="WbYvupCW">
            <arraySize>98304</arraySize>
            <uom>K</uom>
            <aggType>new</aggType>
            <aggIndex>1</aggIndex>
            <component>
               <NetCDFExtract>
                  <arraySize>12  64  128</arraySize>
                  <fileList>
                     <FileList id="EGLSPuVM">
                        <fileNames>/badc/ipcc-ddc/data/netcdf/ar4_v2/tas/CNCM3_COMMIT_1_tas_2011-2030.nc /badc/ipcc-ddc/data/netcdf/ar4_v2/tas/CNCM3_COMMIT_1_tas_2046-2065.nc /badc/ipcc-ddc/data/netcdf/ar4_v2/tas/CNCM3_COMMIT_1_tas_2080-2099.nc</fileNames>
                     </FileList>
                  </fileList>
                  <variableName>air_temperature</variableName>
               </NetCDFExtract>
            </component>
         </AggregatedArray>
      </descriptor>
      <descriptor>
         <AggregatedArray id="JKeUf49r">
            <arraySize>98304</arraySize>
            <uom>m.s-1</uom>
            <aggType>new</aggType>
            <aggIndex>1</aggIndex>
            <component>
               <NetCDFExtract>
                  <arraySize>12  64  128</arraySize>
                  <fileList>
                     <FileList id="EUCMaNQ0">
                        <fileNames>/badc/ipcc-ddc/data/netcdf/ar4_v2/uas/CNCM3_COMMIT_1_uas_2011-2030.nc /badc/ipcc-ddc/data/netcdf/ar4_v2/uas/CNCM3_COMMIT_1_uas_2046-2065.nc /badc/ipcc-ddc/data/netcdf/ar4_v2/uas/CNCM3_COMMIT_1_uas_2080-2099.nc</fileNames>
                     </FileList>
                  </fileList>
                  <variableName>eastward_wind</variableName>
               </NetCDFExtract>
            </component>
         </AggregatedArray>
      </descriptor>
      <descriptor>
         <AggregatedArray id="QRWVMvr7">
            <arraySize>98304</arraySize>
            <uom>m.s-1</uom>
            <aggType>new</aggType>
            <aggIndex>1</aggIndex>
            <component>
               <NetCDFExtract>
                  <arraySize>12  64  128</arraySize>
                  <fileList>
                     <FileList id="AUDSgbpr">
                        <fileNames>/badc/ipcc-ddc/data/netcdf/ar4_v2/vas/CNCM3_COMMIT_1_vas_2011-2030.nc /badc/ipcc-ddc/data/netcdf/ar4_v2/vas/CNCM3_COMMIT_1_vas_2046-2065.nc /badc/ipcc-ddc/data/netcdf/ar4_v2/vas/CNCM3_COMMIT_1_vas_2080-2099.nc</fileNames>
                     </FileList>
                  </fileList>
                  <variableName>northward_wind</variableName>
               </NetCDFExtract>
            </component>
         </AggregatedArray>
      </descriptor>
   </CSMLStorageDescriptor>
</Dataset>