<?xml version="1.0" encoding="UTF-8"?><Dataset xmlns="http://ndg.nerc.ac.uk/csml"  xmlns:gml="http://www.opengis.net/gml" xmlns:om="http://www.opengis.net/om" xmlns:swe="http://www.opengis.net/swe"  xmlns:xsi="http://www.w3.org/2001/XMLSchema-instance" xmlns:moles="http://ndg.nerc.ac.uk/moles"  xmlns:xlink="http://www.w3.org/1999/xlink" xsi:schemaLocation="http://ndg.nerc.ac.uk/csml/ schemas/csmlDataset.xsd" id="ar4_HADGEM_PICTL_clim_30">
   <name>Scenario: PICTL - Model: HADGEM - 30 year mean climatology</name>
   <AccessControlPolicy>
      <dgSecurityCondition>
         <moles:effect>allow</moles:effect>
         <moles:simpleCondition>
            <moles:dgAttributeAuthority>http://aa.ceda.rl.ac.uk/</moles:dgAttributeAuthority>
            <moles:attrauthRole>badc</moles:attrauthRole>
         </moles:simpleCondition>
      </dgSecurityCondition>
   </AccessControlPolicy>
   <CSMLFeatureCollection gml:id="ASxaJs7J">
      <gml:metaDataProperty></gml:metaDataProperty>
      <gml:boundedBy>
         <gml:EnvelopeWithTimePeriod srsName="WGS84">
            <gml:lowerCorner>0.0 -90.0</gml:lowerCorner>
            <gml:upperCorner>360.000518888 90.0</gml:upperCorner>
            <gml:beginPosition>1874-01-16T00:00:00.0</gml:beginPosition>
            <gml:endPosition>1943-12-16T00:00:00.0</gml:endPosition>
         </gml:EnvelopeWithTimePeriod>
      </gml:boundedBy>
      <featureMember>
         <GridSeriesFeature gml:id="precipitation_flux">
            <gml:description>missing description</gml:description>
            <gml:name>precipitation_flux</gml:name>
            <gml:boundedBy>
               <gml:EnvelopeWithTimePeriod srsName="WGS84">
                  <gml:lowerCorner>0.0 -90.0</gml:lowerCorner>
                  <gml:upperCorner>360.0 90.0</gml:upperCorner>
                  <gml:beginPosition>1874-01-16T00:00:00.0</gml:beginPosition>
                  <gml:endPosition>1943-12-16T00:00:00.0</gml:endPosition>
               </gml:EnvelopeWithTimePeriod>
            </gml:boundedBy>
            <value>
               <GridSeriesCoverage gml:id="EIIETV1x">
                  <gridSeriesDomain>
                     <GridSeriesDomain srsName="ndg:crs:lonlatt" uomLabels="degree_east degree_north days_since_1860-01-01" gml:id="XNV3YX4r" axisLabels="longitude latitude time" dimension="3" srsDimension="3">
                        <limits>
                           <gml:GridEnvelope>
                              <gml:low>0 0 0</gml:low>
                              <gml:high>0 0 0</gml:high>
                           </gml:GridEnvelope>
                        </limits>
                        <axisLabels>time latitude longitude</axisLabels>
                        <coordTransformTable>
                           <GridCoordinatesTable>
                              <gridOrdinate>
                                 <GridOrdinateDescription>
                                    <coordAxisLabel>time</coordAxisLabel>
                                    <coordAxisValues>
                                       <SpatialOrTemporalPositionList gml:id="OUwFLRYm">
                                          <timePositionList frame="ndg:standard">1874-01-16T00:00:00.0 1874-02-16T00:00:00.0 1874-03-16T00:00:00.0 1874-04-16T00:00:00.0 1874-05-16T00:00:00.0 1874-06-16T00:00:00.0 1874-07-16T00:00:00.0 1874-08-16T00:00:00.0 1874-09-16T00:00:00.0 1874-10-16T00:00:00.0 1874-11-16T00:00:00.0 1874-12-16T00:00:00.0 1883-01-16T00:00:00.0 1883-02-16T00:00:00.0 1883-03-16T00:00:00.0 1883-04-16T00:00:00.0 1883-05-16T00:00:00.0 1883-06-16T00:00:00.0 1883-07-16T00:00:00.0 1883-08-16T00:00:00.0 1883-09-16T00:00:00.0 1883-10-16T00:00:00.0 1883-11-16T00:00:00.0 1883-12-16T00:00:00.0 1904-01-16T00:00:00.0 1904-02-16T00:00:00.0 1904-03-16T00:00:00.0 1904-04-16T00:00:00.0 1904-05-16T00:00:00.0 1904-06-16T00:00:00.0 1904-07-16T00:00:00.0 1904-08-16T00:00:00.0 1904-09-16T00:00:00.0 1904-10-16T00:00:00.0 1904-11-16T00:00:00.0 1904-12-16T00:00:00.0 1913-01-16T00:00:00.0 1913-02-16T00:00:00.0 1913-03-16T00:00:00.0 1913-04-16T00:00:00.0 1913-05-16T00:00:00.0 1913-06-16T00:00:00.0 1913-07-16T00:00:00.0 1913-08-16T00:00:00.0 1913-09-16T00:00:00.0 1913-10-16T00:00:00.0 1913-11-16T00:00:00.0 1913-12-16T00:00:00.0 1934-01-16T00:00:00.0 1934-02-16T00:00:00.0 1934-03-16T00:00:00.0 1934-04-16T00:00:00.0 1934-05-16T00:00:00.0 1934-06-16T00:00:00.0 1934-07-16T00:00:00.0 1934-08-16T00:00:00.0 1934-09-16T00:00:00.0 1934-10-16T00:00:00.0 1934-11-16T00:00:00.0 1934-12-16T00:00:00.0 1943-01-16T00:00:00.0 1943-02-16T00:00:00.0 1943-03-16T00:00:00.0 1943-04-16T00:00:00.0 1943-05-16T00:00:00.0 1943-06-16T00:00:00.0 1943-07-16T00:00:00.0 1943-08-16T00:00:00.0 1943-09-16T00:00:00.0 1943-10-16T00:00:00.0 1943-11-16T00:00:00.0 1943-12-16T00:00:00.0</timePositionList>
                                       </SpatialOrTemporalPositionList>
                                    </coordAxisValues>
                                    <gridAxesSpanned>time</gridAxesSpanned>
                                    <sequenceRule axisOrder="+1">Linear</sequenceRule>
                                 </GridOrdinateDescription>
                              </gridOrdinate>
                              <gridOrdinate>
                                 <GridOrdinateDescription>
                                    <coordAxisLabel>latitude</coordAxisLabel>
                                    <coordAxisValues xlink:href="#Doj2Q7Ip" xlink:show="embed" xlink:arcrole="coordinateList" xlink:role="http://ndg.nerc.ac.uk/fileFormat/csmlStorageDescriptor">
                                       <SpatialOrTemporalPositionList gml:id="SWqDBtnI">
                                          <coordinateList></coordinateList>
                                       </SpatialOrTemporalPositionList>
                                    </coordAxisValues>
                                    <gridAxesSpanned>latitude</gridAxesSpanned>
                                    <sequenceRule axisOrder="+1">Linear</sequenceRule>
                                 </GridOrdinateDescription>
                              </gridOrdinate>
                              <gridOrdinate>
                                 <GridOrdinateDescription>
                                    <coordAxisLabel>longitude</coordAxisLabel>
                                    <coordAxisValues xlink:href="#Qed3W2tc" xlink:show="embed" xlink:arcrole="coordinateList" xlink:role="http://ndg.nerc.ac.uk/fileFormat/csmlStorageDescriptor">
                                       <SpatialOrTemporalPositionList gml:id="MAsYkMHk">
                                          <coordinateList></coordinateList>
                                       </SpatialOrTemporalPositionList>
                                    </coordAxisValues>
                                    <gridAxesSpanned>longitude</gridAxesSpanned>
                                    <sequenceRule axisOrder="+1">Linear</sequenceRule>
                                 </GridOrdinateDescription>
                              </gridOrdinate>
                           </GridCoordinatesTable>
                        </coordTransformTable>
                     </GridSeriesDomain>
                  </gridSeriesDomain>
                  <gml:rangeSet>
                     <gml:ValueArray gml:id="HhnfjQwx">
                        <gml:valueComponent xlink:href="#E5NxurC9" xlink:show="embed" xlink:arcrole="QuantityList" xlink:role="http://ndg.nerc.ac.uk/fileFormat/csmlStorageDescriptor">
                           <gml:QuantityList uom="kg.m-2.s-1"></gml:QuantityList>
                        </gml:valueComponent>
                     </gml:ValueArray>
                  </gml:rangeSet>
               </GridSeriesCoverage>
            </value>
            <parameter xlink:href="http://cfconventions.org/standard_names/precipitation_flux"></parameter>
         </GridSeriesFeature>
      </featureMember>
      <featureMember>
         <GridSeriesFeature gml:id="air_pressure_at_sea_level">
            <gml:description>missing description</gml:description>
            <gml:name>air_pressure_at_sea_level</gml:name>
            <gml:boundedBy>
               <gml:EnvelopeWithTimePeriod srsName="WGS84">
                  <gml:lowerCorner>0.0 -90.0</gml:lowerCorner>
                  <gml:upperCorner>360.0 90.0</gml:upperCorner>
                  <gml:beginPosition>1874-01-16T00:00:00.0</gml:beginPosition>
                  <gml:endPosition>1943-12-16T00:00:00.0</gml:endPosition>
               </gml:EnvelopeWithTimePeriod>
            </gml:boundedBy>
            <value>
               <GridSeriesCoverage gml:id="O5fsctAG">
                  <gridSeriesDomain>
                     <GridSeriesDomain srsName="ndg:crs:lonlatt" uomLabels="degree_east degree_north days_since_1860-01-01" gml:id="EOMeba9X" axisLabels="longitude latitude time" dimension="3" srsDimension="3">
                        <limits>
                           <gml:GridEnvelope>
                              <gml:low>0 0 0</gml:low>
                              <gml:high>0 0 0</gml:high>
                           </gml:GridEnvelope>
                        </limits>
                        <axisLabels>time latitude longitude</axisLabels>
                        <coordTransformTable>
                           <GridCoordinatesTable>
                              <gridOrdinate>
                                 <GridOrdinateDescription>
                                    <coordAxisLabel>time</coordAxisLabel>
                                    <coordAxisValues>
                                       <SpatialOrTemporalPositionList gml:id="Amrf3Uij">
                                          <timePositionList frame="ndg:standard">1874-01-16T00:00:00.0 1874-02-16T00:00:00.0 1874-03-16T00:00:00.0 1874-04-16T00:00:00.0 1874-05-16T00:00:00.0 1874-06-16T00:00:00.0 1874-07-16T00:00:00.0 1874-08-16T00:00:00.0 1874-09-16T00:00:00.0 1874-10-16T00:00:00.0 1874-11-16T00:00:00.0 1874-12-16T00:00:00.0 1883-01-16T00:00:00.0 1883-02-16T00:00:00.0 1883-03-16T00:00:00.0 1883-04-16T00:00:00.0 1883-05-16T00:00:00.0 1883-06-16T00:00:00.0 1883-07-16T00:00:00.0 1883-08-16T00:00:00.0 1883-09-16T00:00:00.0 1883-10-16T00:00:00.0 1883-11-16T00:00:00.0 1883-12-16T00:00:00.0 1904-01-16T00:00:00.0 1904-02-16T00:00:00.0 1904-03-16T00:00:00.0 1904-04-16T00:00:00.0 1904-05-16T00:00:00.0 1904-06-16T00:00:00.0 1904-07-16T00:00:00.0 1904-08-16T00:00:00.0 1904-09-16T00:00:00.0 1904-10-16T00:00:00.0 1904-11-16T00:00:00.0 1904-12-16T00:00:00.0 1913-01-16T00:00:00.0 1913-02-16T00:00:00.0 1913-03-16T00:00:00.0 1913-04-16T00:00:00.0 1913-05-16T00:00:00.0 1913-06-16T00:00:00.0 1913-07-16T00:00:00.0 1913-08-16T00:00:00.0 1913-09-16T00:00:00.0 1913-10-16T00:00:00.0 1913-11-16T00:00:00.0 1913-12-16T00:00:00.0 1934-01-16T00:00:00.0 1934-02-16T00:00:00.0 1934-03-16T00:00:00.0 1934-04-16T00:00:00.0 1934-05-16T00:00:00.0 1934-06-16T00:00:00.0 1934-07-16T00:00:00.0 1934-08-16T00:00:00.0 1934-09-16T00:00:00.0 1934-10-16T00:00:00.0 1934-11-16T00:00:00.0 1934-12-16T00:00:00.0 1943-01-16T00:00:00.0 1943-02-16T00:00:00.0 1943-03-16T00:00:00.0 1943-04-16T00:00:00.0 1943-05-16T00:00:00.0 1943-06-16T00:00:00.0 1943-07-16T00:00:00.0 1943-08-16T00:00:00.0 1943-09-16T00:00:00.0 1943-10-16T00:00:00.0 1943-11-16T00:00:00.0 1943-12-16T00:00:00.0</timePositionList>
                                       </SpatialOrTemporalPositionList>
                                    </coordAxisValues>
                                    <gridAxesSpanned>time</gridAxesSpanned>
                                    <sequenceRule axisOrder="+1">Linear</sequenceRule>
                                 </GridOrdinateDescription>
                              </gridOrdinate>
                              <gridOrdinate>
                                 <GridOrdinateDescription>
                                    <coordAxisLabel>latitude</coordAxisLabel>
                                    <coordAxisValues xlink:href="#AqTx97Cy" xlink:show="embed" xlink:arcrole="coordinateList" xlink:role="http://ndg.nerc.ac.uk/fileFormat/csmlStorageDescriptor">
                                       <SpatialOrTemporalPositionList gml:id="EDOL8jnr">
                                          <coordinateList></coordinateList>
                                       </SpatialOrTemporalPositionList>
                                    </coordAxisValues>
                                    <gridAxesSpanned>latitude</gridAxesSpanned>
                                    <sequenceRule axisOrder="+1">Linear</sequenceRule>
                                 </GridOrdinateDescription>
                              </gridOrdinate>
                              <gridOrdinate>
                                 <GridOrdinateDescription>
                                    <coordAxisLabel>longitude</coordAxisLabel>
                                    <coordAxisValues xlink:href="#CTuRRKH1" xlink:show="embed" xlink:arcrole="coordinateList" xlink:role="http://ndg.nerc.ac.uk/fileFormat/csmlStorageDescriptor">
                                       <SpatialOrTemporalPositionList gml:id="RNtq2Yty">
                                          <coordinateList></coordinateList>
                                       </SpatialOrTemporalPositionList>
                                    </coordAxisValues>
                                    <gridAxesSpanned>longitude</gridAxesSpanned>
                                    <sequenceRule axisOrder="+1">Linear</sequenceRule>
                                 </GridOrdinateDescription>
                              </gridOrdinate>
                           </GridCoordinatesTable>
                        </coordTransformTable>
                     </GridSeriesDomain>
                  </gridSeriesDomain>
                  <gml:rangeSet>
                     <gml:ValueArray gml:id="KyeQqF4w">
                        <gml:valueComponent xlink:href="#PXERwgig" xlink:show="embed" xlink:arcrole="QuantityList" xlink:role="http://ndg.nerc.ac.uk/fileFormat/csmlStorageDescriptor">
                           <gml:QuantityList uom="Pa"></gml:QuantityList>
                        </gml:valueComponent>
                     </gml:ValueArray>
                  </gml:rangeSet>
               </GridSeriesCoverage>
            </value>
            <parameter xlink:href="http://cfconventions.org/standard_names/air_pressure_at_sea_level"></parameter>
         </GridSeriesFeature>
      </featureMember>
      <featureMember>
         <GridSeriesFeature gml:id="surface_downwelling_shortwave_flux_in_air">
            <gml:description>missing description</gml:description>
            <gml:name>surface_downwelling_shortwave_flux_in_air</gml:name>
            <gml:boundedBy>
               <gml:EnvelopeWithTimePeriod srsName="WGS84">
                  <gml:lowerCorner>0.0 -90.0</gml:lowerCorner>
                  <gml:upperCorner>360.0 90.0</gml:upperCorner>
                  <gml:beginPosition>1874-01-16T00:00:00.0</gml:beginPosition>
                  <gml:endPosition>1943-12-16T00:00:00.0</gml:endPosition>
               </gml:EnvelopeWithTimePeriod>
            </gml:boundedBy>
            <value>
               <GridSeriesCoverage gml:id="LkTzOK6Q">
                  <gridSeriesDomain>
                     <GridSeriesDomain srsName="ndg:crs:lonlatt" uomLabels="degree_east degree_north days_since_1860-01-01" gml:id="SzuLtqN4" axisLabels="longitude latitude time" dimension="3" srsDimension="3">
                        <limits>
                           <gml:GridEnvelope>
                              <gml:low>0 0 0</gml:low>
                              <gml:high>0 0 0</gml:high>
                           </gml:GridEnvelope>
                        </limits>
                        <axisLabels>time latitude longitude</axisLabels>
                        <coordTransformTable>
                           <GridCoordinatesTable>
                              <gridOrdinate>
                                 <GridOrdinateDescription>
                                    <coordAxisLabel>time</coordAxisLabel>
                                    <coordAxisValues>
                                       <SpatialOrTemporalPositionList gml:id="WPaqw4O2">
                                          <timePositionList frame="ndg:standard">1874-01-16T00:00:00.0 1874-02-16T00:00:00.0 1874-03-16T00:00:00.0 1874-04-16T00:00:00.0 1874-05-16T00:00:00.0 1874-06-16T00:00:00.0 1874-07-16T00:00:00.0 1874-08-16T00:00:00.0 1874-09-16T00:00:00.0 1874-10-16T00:00:00.0 1874-11-16T00:00:00.0 1874-12-16T00:00:00.0 1883-01-16T00:00:00.0 1883-02-16T00:00:00.0 1883-03-16T00:00:00.0 1883-04-16T00:00:00.0 1883-05-16T00:00:00.0 1883-06-16T00:00:00.0 1883-07-16T00:00:00.0 1883-08-16T00:00:00.0 1883-09-16T00:00:00.0 1883-10-16T00:00:00.0 1883-11-16T00:00:00.0 1883-12-16T00:00:00.0 1904-01-16T00:00:00.0 1904-02-16T00:00:00.0 1904-03-16T00:00:00.0 1904-04-16T00:00:00.0 1904-05-16T00:00:00.0 1904-06-16T00:00:00.0 1904-07-16T00:00:00.0 1904-08-16T00:00:00.0 1904-09-16T00:00:00.0 1904-10-16T00:00:00.0 1904-11-16T00:00:00.0 1904-12-16T00:00:00.0 1913-01-16T00:00:00.0 1913-02-16T00:00:00.0 1913-03-16T00:00:00.0 1913-04-16T00:00:00.0 1913-05-16T00:00:00.0 1913-06-16T00:00:00.0 1913-07-16T00:00:00.0 1913-08-16T00:00:00.0 1913-09-16T00:00:00.0 1913-10-16T00:00:00.0 1913-11-16T00:00:00.0 1913-12-16T00:00:00.0 1934-01-16T00:00:00.0 1934-02-16T00:00:00.0 1934-03-16T00:00:00.0 1934-04-16T00:00:00.0 1934-05-16T00:00:00.0 1934-06-16T00:00:00.0 1934-07-16T00:00:00.0 1934-08-16T00:00:00.0 1934-09-16T00:00:00.0 1934-10-16T00:00:00.0 1934-11-16T00:00:00.0 1934-12-16T00:00:00.0 1943-01-16T00:00:00.0 1943-02-16T00:00:00.0 1943-03-16T00:00:00.0 1943-04-16T00:00:00.0 1943-05-16T00:00:00.0 1943-06-16T00:00:00.0 1943-07-16T00:00:00.0 1943-08-16T00:00:00.0 1943-09-16T00:00:00.0 1943-10-16T00:00:00.0 1943-11-16T00:00:00.0 1943-12-16T00:00:00.0</timePositionList>
                                       </SpatialOrTemporalPositionList>
                                    </coordAxisValues>
                                    <gridAxesSpanned>time</gridAxesSpanned>
                                    <sequenceRule axisOrder="+1">Linear</sequenceRule>
                                 </GridOrdinateDescription>
                              </gridOrdinate>
                              <gridOrdinate>
                                 <GridOrdinateDescription>
                                    <coordAxisLabel>latitude</coordAxisLabel>
                                    <coordAxisValues xlink:href="#FjPVJeSv" xlink:show="embed" xlink:arcrole="coordinateList" xlink:role="http://ndg.nerc.ac.uk/fileFormat/csmlStorageDescriptor">
                                       <SpatialOrTemporalPositionList gml:id="HrUHkqmQ">
                                          <coordinateList></coordinateList>
                                       </SpatialOrTemporalPositionList>
                                    </coordAxisValues>
                                    <gridAxesSpanned>latitude</gridAxesSpanned>
                                    <sequenceRule axisOrder="+1">Linear</sequenceRule>
                                 </GridOrdinateDescription>
                              </gridOrdinate>
                              <gridOrdinate>
                                 <GridOrdinateDescription>
                                    <coordAxisLabel>longitude</coordAxisLabel>
                                    <coordAxisValues xlink:href="#LNPisECg" xlink:show="embed" xlink:arcrole="coordinateList" xlink:role="http://ndg.nerc.ac.uk/fileFormat/csmlStorageDescriptor">
                                       <SpatialOrTemporalPositionList gml:id="DD7bnJ3C">
                                          <coordinateList></coordinateList>
                                       </SpatialOrTemporalPositionList>
                                    </coordAxisValues>
                                    <gridAxesSpanned>longitude</gridAxesSpanned>
                                    <sequenceRule axisOrder="+1">Linear</sequenceRule>
                                 </GridOrdinateDescription>
                              </gridOrdinate>
                           </GridCoordinatesTable>
                        </coordTransformTable>
                     </GridSeriesDomain>
                  </gridSeriesDomain>
                  <gml:rangeSet>
                     <gml:ValueArray gml:id="KYlNI7ih">
                        <gml:valueComponent xlink:href="#AfgiYpfm" xlink:show="embed" xlink:arcrole="QuantityList" xlink:role="http://ndg.nerc.ac.uk/fileFormat/csmlStorageDescriptor">
                           <gml:QuantityList uom="W.m-2"></gml:QuantityList>
                        </gml:valueComponent>
                     </gml:ValueArray>
                  </gml:rangeSet>
               </GridSeriesCoverage>
            </value>
            <parameter xlink:href="http://cfconventions.org/standard_names/surface_downwelling_shortwave_flux_in_air"></parameter>
         </GridSeriesFeature>
      </featureMember>
      <featureMember>
         <GridSeriesFeature gml:id="air_temperature">
            <gml:description>missing description</gml:description>
            <gml:name>air_temperature</gml:name>
            <gml:boundedBy>
               <gml:EnvelopeWithTimePeriod srsName="WGS84">
                  <gml:lowerCorner>0.0 -90.0</gml:lowerCorner>
                  <gml:upperCorner>360.0 90.0</gml:upperCorner>
                  <gml:beginPosition>1874-01-16T00:00:00.0</gml:beginPosition>
                  <gml:endPosition>1943-12-16T00:00:00.0</gml:endPosition>
               </gml:EnvelopeWithTimePeriod>
            </gml:boundedBy>
            <value>
               <GridSeriesCoverage gml:id="OITzg4Sj">
                  <gridSeriesDomain>
                     <GridSeriesDomain srsName="ndg:crs:lonlatt" uomLabels="degree_east degree_north days_since_1860-01-01" gml:id="BUdBveP8" axisLabels="longitude latitude time" dimension="3" srsDimension="3">
                        <limits>
                           <gml:GridEnvelope>
                              <gml:low>0 0 0</gml:low>
                              <gml:high>0 0 0</gml:high>
                           </gml:GridEnvelope>
                        </limits>
                        <axisLabels>time latitude longitude</axisLabels>
                        <coordTransformTable>
                           <GridCoordinatesTable>
                              <gridOrdinate>
                                 <GridOrdinateDescription>
                                    <coordAxisLabel>time</coordAxisLabel>
                                    <coordAxisValues>
                                       <SpatialOrTemporalPositionList gml:id="WSHAHDPZ">
                                          <timePositionList frame="ndg:standard">1874-01-16T00:00:00.0 1874-02-16T00:00:00.0 1874-03-16T00:00:00.0 1874-04-16T00:00:00.0 1874-05-16T00:00:00.0 1874-06-16T00:00:00.0 1874-07-16T00:00:00.0 1874-08-16T00:00:00.0 1874-09-16T00:00:00.0 1874-10-16T00:00:00.0 1874-11-16T00:00:00.0 1874-12-16T00:00:00.0 1883-01-16T00:00:00.0 1883-02-16T00:00:00.0 1883-03-16T00:00:00.0 1883-04-16T00:00:00.0 1883-05-16T00:00:00.0 1883-06-16T00:00:00.0 1883-07-16T00:00:00.0 1883-08-16T00:00:00.0 1883-09-16T00:00:00.0 1883-10-16T00:00:00.0 1883-11-16T00:00:00.0 1883-12-16T00:00:00.0 1904-01-16T00:00:00.0 1904-02-16T00:00:00.0 1904-03-16T00:00:00.0 1904-04-16T00:00:00.0 1904-05-16T00:00:00.0 1904-06-16T00:00:00.0 1904-07-16T00:00:00.0 1904-08-16T00:00:00.0 1904-09-16T00:00:00.0 1904-10-16T00:00:00.0 1904-11-16T00:00:00.0 1904-12-16T00:00:00.0 1913-01-16T00:00:00.0 1913-02-16T00:00:00.0 1913-03-16T00:00:00.0 1913-04-16T00:00:00.0 1913-05-16T00:00:00.0 1913-06-16T00:00:00.0 1913-07-16T00:00:00.0 1913-08-16T00:00:00.0 1913-09-16T00:00:00.0 1913-10-16T00:00:00.0 1913-11-16T00:00:00.0 1913-12-16T00:00:00.0 1934-01-16T00:00:00.0 1934-02-16T00:00:00.0 1934-03-16T00:00:00.0 1934-04-16T00:00:00.0 1934-05-16T00:00:00.0 1934-06-16T00:00:00.0 1934-07-16T00:00:00.0 1934-08-16T00:00:00.0 1934-09-16T00:00:00.0 1934-10-16T00:00:00.0 1934-11-16T00:00:00.0 1934-12-16T00:00:00.0 1943-01-16T00:00:00.0 1943-02-16T00:00:00.0 1943-03-16T00:00:00.0 1943-04-16T00:00:00.0 1943-05-16T00:00:00.0 1943-06-16T00:00:00.0 1943-07-16T00:00:00.0 1943-08-16T00:00:00.0 1943-09-16T00:00:00.0 1943-10-16T00:00:00.0 1943-11-16T00:00:00.0 1943-12-16T00:00:00.0</timePositionList>
                                       </SpatialOrTemporalPositionList>
                                    </coordAxisValues>
                                    <gridAxesSpanned>time</gridAxesSpanned>
                                    <sequenceRule axisOrder="+1">Linear</sequenceRule>
                                 </GridOrdinateDescription>
                              </gridOrdinate>
                              <gridOrdinate>
                                 <GridOrdinateDescription>
                                    <coordAxisLabel>latitude</coordAxisLabel>
                                    <coordAxisValues xlink:href="#VnGls1Xj" xlink:show="embed" xlink:arcrole="coordinateList" xlink:role="http://ndg.nerc.ac.uk/fileFormat/csmlStorageDescriptor">
                                       <SpatialOrTemporalPositionList gml:id="FBIuJ77P">
                                          <coordinateList></coordinateList>
                                       </SpatialOrTemporalPositionList>
                                    </coordAxisValues>
                                    <gridAxesSpanned>latitude</gridAxesSpanned>
                                    <sequenceRule axisOrder="+1">Linear</sequenceRule>
                                 </GridOrdinateDescription>
                              </gridOrdinate>
                              <gridOrdinate>
                                 <GridOrdinateDescription>
                                    <coordAxisLabel>longitude</coordAxisLabel>
                                    <coordAxisValues xlink:href="#U9Mgr64I" xlink:show="embed" xlink:arcrole="coordinateList" xlink:role="http://ndg.nerc.ac.uk/fileFormat/csmlStorageDescriptor">
                                       <SpatialOrTemporalPositionList gml:id="IBWpSyFU">
                                          <coordinateList></coordinateList>
                                       </SpatialOrTemporalPositionList>
                                    </coordAxisValues>
                                    <gridAxesSpanned>longitude</gridAxesSpanned>
                                    <sequenceRule axisOrder="+1">Linear</sequenceRule>
                                 </GridOrdinateDescription>
                              </gridOrdinate>
                           </GridCoordinatesTable>
                        </coordTransformTable>
                     </GridSeriesDomain>
                  </gridSeriesDomain>
                  <gml:rangeSet>
                     <gml:ValueArray gml:id="UwN7eaCq">
                        <gml:valueComponent xlink:href="#Y7fIMrtP" xlink:show="embed" xlink:arcrole="QuantityList" xlink:role="http://ndg.nerc.ac.uk/fileFormat/csmlStorageDescriptor">
                           <gml:QuantityList uom="K"></gml:QuantityList>
                        </gml:valueComponent>
                     </gml:ValueArray>
                  </gml:rangeSet>
               </GridSeriesCoverage>
            </value>
            <parameter xlink:href="http://cfconventions.org/standard_names/air_temperature"></parameter>
         </GridSeriesFeature>
      </featureMember>
      <featureMember>
         <GridSeriesFeature gml:id="eastward_wind">
            <gml:description>missing description</gml:description>
            <gml:name>eastward_wind</gml:name>
            <gml:boundedBy>
               <gml:EnvelopeWithTimePeriod srsName="WGS84">
                  <gml:lowerCorner>0.000499933958054 -90.0</gml:lowerCorner>
                  <gml:upperCorner>360.000518888 90.0</gml:upperCorner>
                  <gml:beginPosition>1874-01-16T00:00:00.0</gml:beginPosition>
                  <gml:endPosition>1943-12-16T00:00:00.0</gml:endPosition>
               </gml:EnvelopeWithTimePeriod>
            </gml:boundedBy>
            <value>
               <GridSeriesCoverage gml:id="UGa6la9b">
                  <gridSeriesDomain>
                     <GridSeriesDomain srsName="ndg:crs:lonlatt" uomLabels="degree_east degree_north days_since_1860-01-01" gml:id="YEseW34l" axisLabels="longitude latitude time" dimension="3" srsDimension="3">
                        <limits>
                           <gml:GridEnvelope>
                              <gml:low>0 0 0</gml:low>
                              <gml:high>0 0 0</gml:high>
                           </gml:GridEnvelope>
                        </limits>
                        <axisLabels>time latitude longitude</axisLabels>
                        <coordTransformTable>
                           <GridCoordinatesTable>
                              <gridOrdinate>
                                 <GridOrdinateDescription>
                                    <coordAxisLabel>time</coordAxisLabel>
                                    <coordAxisValues>
                                       <SpatialOrTemporalPositionList gml:id="Sk19gymg">
                                          <timePositionList frame="ndg:standard">1874-01-16T00:00:00.0 1874-02-16T00:00:00.0 1874-03-16T00:00:00.0 1874-04-16T00:00:00.0 1874-05-16T00:00:00.0 1874-06-16T00:00:00.0 1874-07-16T00:00:00.0 1874-08-16T00:00:00.0 1874-09-16T00:00:00.0 1874-10-16T00:00:00.0 1874-11-16T00:00:00.0 1874-12-16T00:00:00.0 1883-01-16T00:00:00.0 1883-02-16T00:00:00.0 1883-03-16T00:00:00.0 1883-04-16T00:00:00.0 1883-05-16T00:00:00.0 1883-06-16T00:00:00.0 1883-07-16T00:00:00.0 1883-08-16T00:00:00.0 1883-09-16T00:00:00.0 1883-10-16T00:00:00.0 1883-11-16T00:00:00.0 1883-12-16T00:00:00.0 1904-01-16T00:00:00.0 1904-02-16T00:00:00.0 1904-03-16T00:00:00.0 1904-04-16T00:00:00.0 1904-05-16T00:00:00.0 1904-06-16T00:00:00.0 1904-07-16T00:00:00.0 1904-08-16T00:00:00.0 1904-09-16T00:00:00.0 1904-10-16T00:00:00.0 1904-11-16T00:00:00.0 1904-12-16T00:00:00.0 1913-01-16T00:00:00.0 1913-02-16T00:00:00.0 1913-03-16T00:00:00.0 1913-04-16T00:00:00.0 1913-05-16T00:00:00.0 1913-06-16T00:00:00.0 1913-07-16T00:00:00.0 1913-08-16T00:00:00.0 1913-09-16T00:00:00.0 1913-10-16T00:00:00.0 1913-11-16T00:00:00.0 1913-12-16T00:00:00.0 1934-01-16T00:00:00.0 1934-02-16T00:00:00.0 1934-03-16T00:00:00.0 1934-04-16T00:00:00.0 1934-05-16T00:00:00.0 1934-06-16T00:00:00.0 1934-07-16T00:00:00.0 1934-08-16T00:00:00.0 1934-09-16T00:00:00.0 1934-10-16T00:00:00.0 1934-11-16T00:00:00.0 1934-12-16T00:00:00.0 1943-01-16T00:00:00.0 1943-02-16T00:00:00.0 1943-03-16T00:00:00.0 1943-04-16T00:00:00.0 1943-05-16T00:00:00.0 1943-06-16T00:00:00.0 1943-07-16T00:00:00.0 1943-08-16T00:00:00.0 1943-09-16T00:00:00.0 1943-10-16T00:00:00.0 1943-11-16T00:00:00.0 1943-12-16T00:00:00.0</timePositionList>
                                       </SpatialOrTemporalPositionList>
                                    </coordAxisValues>
                                    <gridAxesSpanned>time</gridAxesSpanned>
                                    <sequenceRule axisOrder="+1">Linear</sequenceRule>
                                 </GridOrdinateDescription>
                              </gridOrdinate>
                              <gridOrdinate>
                                 <GridOrdinateDescription>
                                    <coordAxisLabel>latitude</coordAxisLabel>
                                    <coordAxisValues xlink:href="#VijYNfPY" xlink:show="embed" xlink:arcrole="coordinateList" xlink:role="http://ndg.nerc.ac.uk/fileFormat/csmlStorageDescriptor">
                                       <SpatialOrTemporalPositionList gml:id="K0URbFqd">
                                          <coordinateList></coordinateList>
                                       </SpatialOrTemporalPositionList>
                                    </coordAxisValues>
                                    <gridAxesSpanned>latitude</gridAxesSpanned>
                                    <sequenceRule axisOrder="+1">Linear</sequenceRule>
                                 </GridOrdinateDescription>
                              </gridOrdinate>
                              <gridOrdinate>
                                 <GridOrdinateDescription>
                                    <coordAxisLabel>longitude</coordAxisLabel>
                                    <coordAxisValues xlink:href="#BYc7CTU4" xlink:show="embed" xlink:arcrole="coordinateList" xlink:role="http://ndg.nerc.ac.uk/fileFormat/csmlStorageDescriptor">
                                       <SpatialOrTemporalPositionList gml:id="HaP4hufw">
                                          <coordinateList></coordinateList>
                                       </SpatialOrTemporalPositionList>
                                    </coordAxisValues>
                                    <gridAxesSpanned>longitude</gridAxesSpanned>
                                    <sequenceRule axisOrder="+1">Linear</sequenceRule>
                                 </GridOrdinateDescription>
                              </gridOrdinate>
                           </GridCoordinatesTable>
                        </coordTransformTable>
                     </GridSeriesDomain>
                  </gridSeriesDomain>
                  <gml:rangeSet>
                     <gml:ValueArray gml:id="S6PdtREt">
                        <gml:valueComponent xlink:href="#T9WqcDaY" xlink:show="embed" xlink:arcrole="QuantityList" xlink:role="http://ndg.nerc.ac.uk/fileFormat/csmlStorageDescriptor">
                           <gml:QuantityList uom="m.s-1"></gml:QuantityList>
                        </gml:valueComponent>
                     </gml:ValueArray>
                  </gml:rangeSet>
               </GridSeriesCoverage>
            </value>
            <parameter xlink:href="http://cfconventions.org/standard_names/eastward_wind"></parameter>
         </GridSeriesFeature>
      </featureMember>
      <featureMember>
         <GridSeriesFeature gml:id="northward_wind">
            <gml:description>missing description</gml:description>
            <gml:name>northward_wind</gml:name>
            <gml:boundedBy>
               <gml:EnvelopeWithTimePeriod srsName="WGS84">
                  <gml:lowerCorner>0.000499933958054 -90.0</gml:lowerCorner>
                  <gml:upperCorner>360.000518888 90.0</gml:upperCorner>
                  <gml:beginPosition>1874-01-16T00:00:00.0</gml:beginPosition>
                  <gml:endPosition>1943-12-16T00:00:00.0</gml:endPosition>
               </gml:EnvelopeWithTimePeriod>
            </gml:boundedBy>
            <value>
               <GridSeriesCoverage gml:id="LlUcI8gh">
                  <gridSeriesDomain>
                     <GridSeriesDomain srsName="ndg:crs:lonlatt" uomLabels="degree_east degree_north days_since_1860-01-01" gml:id="V4tBypIM" axisLabels="longitude latitude time" dimension="3" srsDimension="3">
                        <limits>
                           <gml:GridEnvelope>
                              <gml:low>0 0 0</gml:low>
                              <gml:high>0 0 0</gml:high>
                           </gml:GridEnvelope>
                        </limits>
                        <axisLabels>time latitude longitude</axisLabels>
                        <coordTransformTable>
                           <GridCoordinatesTable>
                              <gridOrdinate>
                                 <GridOrdinateDescription>
                                    <coordAxisLabel>time</coordAxisLabel>
                                    <coordAxisValues>
                                       <SpatialOrTemporalPositionList gml:id="NfauHVaR">
                                          <timePositionList frame="ndg:standard">1874-01-16T00:00:00.0 1874-02-16T00:00:00.0 1874-03-16T00:00:00.0 1874-04-16T00:00:00.0 1874-05-16T00:00:00.0 1874-06-16T00:00:00.0 1874-07-16T00:00:00.0 1874-08-16T00:00:00.0 1874-09-16T00:00:00.0 1874-10-16T00:00:00.0 1874-11-16T00:00:00.0 1874-12-16T00:00:00.0 1883-01-16T00:00:00.0 1883-02-16T00:00:00.0 1883-03-16T00:00:00.0 1883-04-16T00:00:00.0 1883-05-16T00:00:00.0 1883-06-16T00:00:00.0 1883-07-16T00:00:00.0 1883-08-16T00:00:00.0 1883-09-16T00:00:00.0 1883-10-16T00:00:00.0 1883-11-16T00:00:00.0 1883-12-16T00:00:00.0 1904-01-16T00:00:00.0 1904-02-16T00:00:00.0 1904-03-16T00:00:00.0 1904-04-16T00:00:00.0 1904-05-16T00:00:00.0 1904-06-16T00:00:00.0 1904-07-16T00:00:00.0 1904-08-16T00:00:00.0 1904-09-16T00:00:00.0 1904-10-16T00:00:00.0 1904-11-16T00:00:00.0 1904-12-16T00:00:00.0 1913-01-16T00:00:00.0 1913-02-16T00:00:00.0 1913-03-16T00:00:00.0 1913-04-16T00:00:00.0 1913-05-16T00:00:00.0 1913-06-16T00:00:00.0 1913-07-16T00:00:00.0 1913-08-16T00:00:00.0 1913-09-16T00:00:00.0 1913-10-16T00:00:00.0 1913-11-16T00:00:00.0 1913-12-16T00:00:00.0 1934-01-16T00:00:00.0 1934-02-16T00:00:00.0 1934-03-16T00:00:00.0 1934-04-16T00:00:00.0 1934-05-16T00:00:00.0 1934-06-16T00:00:00.0 1934-07-16T00:00:00.0 1934-08-16T00:00:00.0 1934-09-16T00:00:00.0 1934-10-16T00:00:00.0 1934-11-16T00:00:00.0 1934-12-16T00:00:00.0 1943-01-16T00:00:00.0 1943-02-16T00:00:00.0 1943-03-16T00:00:00.0 1943-04-16T00:00:00.0 1943-05-16T00:00:00.0 1943-06-16T00:00:00.0 1943-07-16T00:00:00.0 1943-08-16T00:00:00.0 1943-09-16T00:00:00.0 1943-10-16T00:00:00.0 1943-11-16T00:00:00.0 1943-12-16T00:00:00.0</timePositionList>
                                       </SpatialOrTemporalPositionList>
                                    </coordAxisValues>
                                    <gridAxesSpanned>time</gridAxesSpanned>
                                    <sequenceRule axisOrder="+1">Linear</sequenceRule>
                                 </GridOrdinateDescription>
                              </gridOrdinate>
                              <gridOrdinate>
                                 <GridOrdinateDescription>
                                    <coordAxisLabel>latitude</coordAxisLabel>
                                    <coordAxisValues xlink:href="#Pj48JxD6" xlink:show="embed" xlink:arcrole="coordinateList" xlink:role="http://ndg.nerc.ac.uk/fileFormat/csmlStorageDescriptor">
                                       <SpatialOrTemporalPositionList gml:id="VAM6pS1q">
                                          <coordinateList></coordinateList>
                                       </SpatialOrTemporalPositionList>
                                    </coordAxisValues>
                                    <gridAxesSpanned>latitude</gridAxesSpanned>
                                    <sequenceRule axisOrder="+1">Linear</sequenceRule>
                                 </GridOrdinateDescription>
                              </gridOrdinate>
                              <gridOrdinate>
                                 <GridOrdinateDescription>
                                    <coordAxisLabel>longitude</coordAxisLabel>
                                    <coordAxisValues xlink:href="#Y8QkSpyC" xlink:show="embed" xlink:arcrole="coordinateList" xlink:role="http://ndg.nerc.ac.uk/fileFormat/csmlStorageDescriptor">
                                       <SpatialOrTemporalPositionList gml:id="XXly6ZcZ">
                                          <coordinateList></coordinateList>
                                       </SpatialOrTemporalPositionList>
                                    </coordAxisValues>
                                    <gridAxesSpanned>longitude</gridAxesSpanned>
                                    <sequenceRule axisOrder="+1">Linear</sequenceRule>
                                 </GridOrdinateDescription>
                              </gridOrdinate>
                           </GridCoordinatesTable>
                        </coordTransformTable>
                     </GridSeriesDomain>
                  </gridSeriesDomain>
                  <gml:rangeSet>
                     <gml:ValueArray gml:id="SH3nJdQO">
                        <gml:valueComponent xlink:href="#TF6ZLr1I" xlink:show="embed" xlink:arcrole="QuantityList" xlink:role="http://ndg.nerc.ac.uk/fileFormat/csmlStorageDescriptor">
                           <gml:QuantityList uom="m.s-1"></gml:QuantityList>
                        </gml:valueComponent>
                     </gml:ValueArray>
                  </gml:rangeSet>
               </GridSeriesCoverage>
            </value>
            <parameter xlink:href="http://cfconventions.org/standard_names/northward_wind"></parameter>
         </GridSeriesFeature>
      </featureMember>
   </CSMLFeatureCollection>
   <CSMLStorageDescriptor>
      <descriptor>
         <NetCDFExtract id="Doj2Q7Ip">
            <arraySize>145</arraySize>
            <fileName>/badc/ipcc-ddc/data/netcdf/ar4_v2/pr/HADGEM_PICTL_1_pr_o0001-0030.nc</fileName>
            <variableName>latitude</variableName>
         </NetCDFExtract>
      </descriptor>
      <descriptor>
         <NetCDFExtract id="DNXBERJZ">
            <arraySize>2</arraySize>
            <fileName>/badc/ipcc-ddc/data/netcdf/ar4_v2/pr/HADGEM_PICTL_1_pr_o0001-0030.nc</fileName>
            <variableName>bounds</variableName>
         </NetCDFExtract>
      </descriptor>
      <descriptor>
         <NetCDFExtract id="Qed3W2tc">
            <arraySize>192</arraySize>
            <fileName>/badc/ipcc-ddc/data/netcdf/ar4_v2/pr/HADGEM_PICTL_1_pr_o0001-0030.nc</fileName>
            <variableName>longitude</variableName>
         </NetCDFExtract>
      </descriptor>
      <descriptor>
         <NetCDFExtract id="GHCR4shS">
            <arraySize>12</arraySize>
            <fileName>/badc/ipcc-ddc/data/netcdf/ar4_v2/pr/HADGEM_PICTL_1_pr_o0001-0030.nc</fileName>
            <variableName>time</variableName>
         </NetCDFExtract>
      </descriptor>
      <descriptor>
         <NetCDFExtract id="AqTx97Cy">
            <arraySize>145</arraySize>
            <fileName>/badc/ipcc-ddc/data/netcdf/ar4_v2/psl/HADGEM_PICTL_1_psl_o0001-0030.nc</fileName>
            <variableName>latitude</variableName>
         </NetCDFExtract>
      </descriptor>
      <descriptor>
         <NetCDFExtract id="Y8opFcQw">
            <arraySize>2</arraySize>
            <fileName>/badc/ipcc-ddc/data/netcdf/ar4_v2/psl/HADGEM_PICTL_1_psl_o0001-0030.nc</fileName>
            <variableName>bounds</variableName>
         </NetCDFExtract>
      </descriptor>
      <descriptor>
         <NetCDFExtract id="CTuRRKH1">
            <arraySize>192</arraySize>
            <fileName>/badc/ipcc-ddc/data/netcdf/ar4_v2/psl/HADGEM_PICTL_1_psl_o0001-0030.nc</fileName>
            <variableName>longitude</variableName>
         </NetCDFExtract>
      </descriptor>
      <descriptor>
         <NetCDFExtract id="UeGwRV5O">
            <arraySize>12</arraySize>
            <fileName>/badc/ipcc-ddc/data/netcdf/ar4_v2/psl/HADGEM_PICTL_1_psl_o0001-0030.nc</fileName>
            <variableName>time</variableName>
         </NetCDFExtract>
      </descriptor>
      <descriptor>
         <NetCDFExtract id="FjPVJeSv">
            <arraySize>145</arraySize>
            <fileName>/badc/ipcc-ddc/data/netcdf/ar4_v2/rsds/HADGEM_PICTL_1_rsds_o0001-0030.nc</fileName>
            <variableName>latitude</variableName>
         </NetCDFExtract>
      </descriptor>
      <descriptor>
         <NetCDFExtract id="JwkwW4Sv">
            <arraySize>2</arraySize>
            <fileName>/badc/ipcc-ddc/data/netcdf/ar4_v2/rsds/HADGEM_PICTL_1_rsds_o0001-0030.nc</fileName>
            <variableName>bounds</variableName>
         </NetCDFExtract>
      </descriptor>
      <descriptor>
         <NetCDFExtract id="LNPisECg">
            <arraySize>192</arraySize>
            <fileName>/badc/ipcc-ddc/data/netcdf/ar4_v2/rsds/HADGEM_PICTL_1_rsds_o0001-0030.nc</fileName>
            <variableName>longitude</variableName>
         </NetCDFExtract>
      </descriptor>
      <descriptor>
         <NetCDFExtract id="CGhTljic">
            <arraySize>12</arraySize>
            <fileName>/badc/ipcc-ddc/data/netcdf/ar4_v2/rsds/HADGEM_PICTL_1_rsds_o0001-0030.nc</fileName>
            <variableName>time</variableName>
         </NetCDFExtract>
      </descriptor>
      <descriptor>
         <NetCDFExtract id="VnGls1Xj">
            <arraySize>145</arraySize>
            <fileName>/badc/ipcc-ddc/data/netcdf/ar4_v2/tas/HADGEM_PICTL_1_tas_o0001-0030.nc</fileName>
            <variableName>latitude</variableName>
         </NetCDFExtract>
      </descriptor>
      <descriptor>
         <NetCDFExtract id="NPvhofBp">
            <arraySize>2</arraySize>
            <fileName>/badc/ipcc-ddc/data/netcdf/ar4_v2/tas/HADGEM_PICTL_1_tas_o0001-0030.nc</fileName>
            <variableName>bounds</variableName>
         </NetCDFExtract>
      </descriptor>
      <descriptor>
         <NetCDFExtract id="U9Mgr64I">
            <arraySize>192</arraySize>
            <fileName>/badc/ipcc-ddc/data/netcdf/ar4_v2/tas/HADGEM_PICTL_1_tas_o0001-0030.nc</fileName>
            <variableName>longitude</variableName>
         </NetCDFExtract>
      </descriptor>
      <descriptor>
         <NetCDFExtract id="IVZB2J9j">
            <arraySize>12</arraySize>
            <fileName>/badc/ipcc-ddc/data/netcdf/ar4_v2/tas/HADGEM_PICTL_1_tas_o0001-0030.nc</fileName>
            <variableName>time</variableName>
         </NetCDFExtract>
      </descriptor>
      <descriptor>
         <NetCDFExtract id="VijYNfPY">
            <arraySize>144</arraySize>
            <fileName>/badc/ipcc-ddc/data/netcdf/ar4_v2/uas/HADGEM_PICTL_1_uas_o0001-0030.nc</fileName>
            <variableName>latitude</variableName>
         </NetCDFExtract>
      </descriptor>
      <descriptor>
         <NetCDFExtract id="GkhxgHjg">
            <arraySize>2</arraySize>
            <fileName>/badc/ipcc-ddc/data/netcdf/ar4_v2/uas/HADGEM_PICTL_1_uas_o0001-0030.nc</fileName>
            <variableName>bounds</variableName>
         </NetCDFExtract>
      </descriptor>
      <descriptor>
         <NetCDFExtract id="BYc7CTU4">
            <arraySize>192</arraySize>
            <fileName>/badc/ipcc-ddc/data/netcdf/ar4_v2/uas/HADGEM_PICTL_1_uas_o0001-0030.nc</fileName>
            <variableName>longitude</variableName>
         </NetCDFExtract>
      </descriptor>
      <descriptor>
         <NetCDFExtract id="RNWJsqP4">
            <arraySize>12</arraySize>
            <fileName>/badc/ipcc-ddc/data/netcdf/ar4_v2/uas/HADGEM_PICTL_1_uas_o0001-0030.nc</fileName>
            <variableName>time</variableName>
         </NetCDFExtract>
      </descriptor>
      <descriptor>
         <NetCDFExtract id="Pj48JxD6">
            <arraySize>144</arraySize>
            <fileName>/badc/ipcc-ddc/data/netcdf/ar4_v2/vas/HADGEM_PICTL_1_vas_o0001-0030.nc</fileName>
            <variableName>latitude</variableName>
         </NetCDFExtract>
      </descriptor>
      <descriptor>
         <NetCDFExtract id="IpcvtCUx">
            <arraySize>2</arraySize>
            <fileName>/badc/ipcc-ddc/data/netcdf/ar4_v2/vas/HADGEM_PICTL_1_vas_o0001-0030.nc</fileName>
            <variableName>bounds</variableName>
         </NetCDFExtract>
      </descriptor>
      <descriptor>
         <NetCDFExtract id="Y8QkSpyC">
            <arraySize>192</arraySize>
            <fileName>/badc/ipcc-ddc/data/netcdf/ar4_v2/vas/HADGEM_PICTL_1_vas_o0001-0030.nc</fileName>
            <variableName>longitude</variableName>
         </NetCDFExtract>
      </descriptor>
      <descriptor>
         <NetCDFExtract id="TmNtG3P5">
            <arraySize>12</arraySize>
            <fileName>/badc/ipcc-ddc/data/netcdf/ar4_v2/vas/HADGEM_PICTL_1_vas_o0001-0030.nc</fileName>
            <variableName>time</variableName>
         </NetCDFExtract>
      </descriptor>
      <descriptor>
         <AggregatedArray id="E5NxurC9">
            <arraySize>334080</arraySize>
            <uom>kg.m-2.s-1</uom>
            <aggType>new</aggType>
            <aggIndex>1</aggIndex>
            <component>
               <NetCDFExtract>
                  <arraySize>12  145  192</arraySize>
                  <fileList>
                     <FileList id="Q4pRISvL">
                        <fileNames>/badc/ipcc-ddc/data/netcdf/ar4_v2/pr/HADGEM_PICTL_1_pr_o0001-0030.nc /badc/ipcc-ddc/data/netcdf/ar4_v2/pr/HADGEM_PICTL_1_pr_o0010-0039.nc /badc/ipcc-ddc/data/netcdf/ar4_v2/pr/HADGEM_PICTL_1_pr_o0031-0060.nc /badc/ipcc-ddc/data/netcdf/ar4_v2/pr/HADGEM_PICTL_1_pr_o0040-0069.nc /badc/ipcc-ddc/data/netcdf/ar4_v2/pr/HADGEM_PICTL_1_pr_o0061-0090.nc /badc/ipcc-ddc/data/netcdf/ar4_v2/pr/HADGEM_PICTL_1_pr_o0070-0099.nc</fileNames>
                     </FileList>
                  </fileList>
                  <variableName>precipitation_flux</variableName>
               </NetCDFExtract>
            </component>
         </AggregatedArray>
      </descriptor>
      <descriptor>
         <AggregatedArray id="PXERwgig">
            <arraySize>334080</arraySize>
            <uom>Pa</uom>
            <aggType>new</aggType>
            <aggIndex>1</aggIndex>
            <component>
               <NetCDFExtract>
                  <arraySize>12  145  192</arraySize>
                  <fileList>
                     <FileList id="AMRyY6JS">
                        <fileNames>/badc/ipcc-ddc/data/netcdf/ar4_v2/psl/HADGEM_PICTL_1_psl_o0001-0030.nc /badc/ipcc-ddc/data/netcdf/ar4_v2/psl/HADGEM_PICTL_1_psl_o0010-0039.nc /badc/ipcc-ddc/data/netcdf/ar4_v2/psl/HADGEM_PICTL_1_psl_o0031-0060.nc /badc/ipcc-ddc/data/netcdf/ar4_v2/psl/HADGEM_PICTL_1_psl_o0040-0069.nc /badc/ipcc-ddc/data/netcdf/ar4_v2/psl/HADGEM_PICTL_1_psl_o0061-0090.nc /badc/ipcc-ddc/data/netcdf/ar4_v2/psl/HADGEM_PICTL_1_psl_o0070-0099.nc</fileNames>
                     </FileList>
                  </fileList>
                  <variableName>air_pressure_at_sea_level</variableName>
               </NetCDFExtract>
            </component>
         </AggregatedArray>
      </descriptor>
      <descriptor>
         <AggregatedArray id="AfgiYpfm">
            <arraySize>334080</arraySize>
            <uom>W.m-2</uom>
            <aggType>new</aggType>
            <aggIndex>1</aggIndex>
            <component>
               <NetCDFExtract>
                  <arraySize>12  145  192</arraySize>
                  <fileList>
                     <FileList id="DJWQ4D7R">
                        <fileNames>/badc/ipcc-ddc/data/netcdf/ar4_v2/rsds/HADGEM_PICTL_1_rsds_o0001-0030.nc /badc/ipcc-ddc/data/netcdf/ar4_v2/rsds/HADGEM_PICTL_1_rsds_o0010-0039.nc /badc/ipcc-ddc/data/netcdf/ar4_v2/rsds/HADGEM_PICTL_1_rsds_o0031-0060.nc /badc/ipcc-ddc/data/netcdf/ar4_v2/rsds/HADGEM_PICTL_1_rsds_o0040-0069.nc /badc/ipcc-ddc/data/netcdf/ar4_v2/rsds/HADGEM_PICTL_1_rsds_o0061-0090.nc /badc/ipcc-ddc/data/netcdf/ar4_v2/rsds/HADGEM_PICTL_1_rsds_o0070-0099.nc</fileNames>
                     </FileList>
                  </fileList>
                  <variableName>surface_downwelling_shortwave_flux_in_air</variableName>
               </NetCDFExtract>
            </component>
         </AggregatedArray>
      </descriptor>
      <descriptor>
         <AggregatedArray id="Y7fIMrtP">
            <arraySize>334080</arraySize>
            <uom>K</uom>
            <aggType>new</aggType>
            <aggIndex>1</aggIndex>
            <component>
               <NetCDFExtract>
                  <arraySize>12  145  192</arraySize>
                  <fileList>
                     <FileList id="RIAL2dhX">
                        <fileNames>/badc/ipcc-ddc/data/netcdf/ar4_v2/tas/HADGEM_PICTL_1_tas_o0001-0030.nc /badc/ipcc-ddc/data/netcdf/ar4_v2/tas/HADGEM_PICTL_1_tas_o0010-0039.nc /badc/ipcc-ddc/data/netcdf/ar4_v2/tas/HADGEM_PICTL_1_tas_o0031-0060.nc /badc/ipcc-ddc/data/netcdf/ar4_v2/tas/HADGEM_PICTL_1_tas_o0040-0069.nc /badc/ipcc-ddc/data/netcdf/ar4_v2/tas/HADGEM_PICTL_1_tas_o0061-0090.nc /badc/ipcc-ddc/data/netcdf/ar4_v2/tas/HADGEM_PICTL_1_tas_o0070-0099.nc</fileNames>
                     </FileList>
                  </fileList>
                  <variableName>air_temperature</variableName>
               </NetCDFExtract>
            </component>
         </AggregatedArray>
      </descriptor>
      <descriptor>
         <AggregatedArray id="T9WqcDaY">
            <arraySize>331776</arraySize>
            <uom>m.s-1</uom>
            <aggType>new</aggType>
            <aggIndex>1</aggIndex>
            <component>
               <NetCDFExtract>
                  <arraySize>12  144  192</arraySize>
                  <fileList>
                     <FileList id="DZMRqFab">
                        <fileNames>/badc/ipcc-ddc/data/netcdf/ar4_v2/uas/HADGEM_PICTL_1_uas_o0001-0030.nc /badc/ipcc-ddc/data/netcdf/ar4_v2/uas/HADGEM_PICTL_1_uas_o0010-0039.nc /badc/ipcc-ddc/data/netcdf/ar4_v2/uas/HADGEM_PICTL_1_uas_o0031-0060.nc /badc/ipcc-ddc/data/netcdf/ar4_v2/uas/HADGEM_PICTL_1_uas_o0040-0069.nc /badc/ipcc-ddc/data/netcdf/ar4_v2/uas/HADGEM_PICTL_1_uas_o0061-0090.nc /badc/ipcc-ddc/data/netcdf/ar4_v2/uas/HADGEM_PICTL_1_uas_o0070-0099.nc</fileNames>
                     </FileList>
                  </fileList>
                  <variableName>eastward_wind</variableName>
               </NetCDFExtract>
            </component>
         </AggregatedArray>
      </descriptor>
      <descriptor>
         <AggregatedArray id="TF6ZLr1I">
            <arraySize>331776</arraySize>
            <uom>m.s-1</uom>
            <aggType>new</aggType>
            <aggIndex>1</aggIndex>
            <component>
               <NetCDFExtract>
                  <arraySize>12  144  192</arraySize>
                  <fileList>
                     <FileList id="QnehzE4L">
                        <fileNames>/badc/ipcc-ddc/data/netcdf/ar4_v2/vas/HADGEM_PICTL_1_vas_o0001-0030.nc /badc/ipcc-ddc/data/netcdf/ar4_v2/vas/HADGEM_PICTL_1_vas_o0010-0039.nc /badc/ipcc-ddc/data/netcdf/ar4_v2/vas/HADGEM_PICTL_1_vas_o0031-0060.nc /badc/ipcc-ddc/data/netcdf/ar4_v2/vas/HADGEM_PICTL_1_vas_o0040-0069.nc /badc/ipcc-ddc/data/netcdf/ar4_v2/vas/HADGEM_PICTL_1_vas_o0061-0090.nc /badc/ipcc-ddc/data/netcdf/ar4_v2/vas/HADGEM_PICTL_1_vas_o0070-0099.nc</fileNames>
                     </FileList>
                  </fileList>
                  <variableName>northward_wind</variableName>
               </NetCDFExtract>
            </component>
         </AggregatedArray>
      </descriptor>
   </CSMLStorageDescriptor>
</Dataset>