<?xml version="1.0" encoding="UTF-8"?><Dataset xmlns="http://ndg.nerc.ac.uk/csml"  xmlns:gml="http://www.opengis.net/gml" xmlns:om="http://www.opengis.net/om" xmlns:swe="http://www.opengis.net/swe"  xmlns:xsi="http://www.w3.org/2001/XMLSchema-instance" xmlns:moles="http://ndg.nerc.ac.uk/moles"  xmlns:xlink="http://www.w3.org/1999/xlink" xsi:schemaLocation="http://ndg.nerc.ac.uk/csml/ schemas/csmlDataset.xsd" id="ar4_MIHR_PICTL_clim_20">
   <name>Scenario: PICTL - Model: MIHR - 20 year mean climatology</name>
   <AccessControlPolicy>
      <dgSecurityCondition>
         <moles:effect>allow</moles:effect>
         <moles:simpleCondition>
            <moles:dgAttributeAuthority>http://aa.ceda.rl.ac.uk/</moles:dgAttributeAuthority>
            <moles:attrauthRole>badc</moles:attrauthRole>
         </moles:simpleCondition>
      </dgSecurityCondition>
   </AccessControlPolicy>
   <CSMLFeatureCollection gml:id="AjlTZlUU">
      <gml:metaDataProperty></gml:metaDataProperty>
      <gml:boundedBy>
         <gml:EnvelopeWithTimePeriod srsName="WGS84">
            <gml:lowerCorner>0.0 -89.7026481628</gml:lowerCorner>
            <gml:upperCorner>360.0 89.7026481628</gml:upperCorner>
            <gml:beginPosition>21-01-16T00:00:00.0</gml:beginPosition>
            <gml:endPosition>90-12-16T00:00:00.0</gml:endPosition>
         </gml:EnvelopeWithTimePeriod>
      </gml:boundedBy>
      <featureMember>
         <GridSeriesFeature gml:id="specific_humidity">
            <gml:description>missing description</gml:description>
            <gml:name>specific_humidity</gml:name>
            <gml:boundedBy>
               <gml:EnvelopeWithTimePeriod srsName="WGS84">
                  <gml:lowerCorner>0.0 -89.7026481628</gml:lowerCorner>
                  <gml:upperCorner>360.0 89.7026481628</gml:upperCorner>
                  <gml:beginPosition>21-01-16T00:00:00.0</gml:beginPosition>
                  <gml:endPosition>90-12-16T00:00:00.0</gml:endPosition>
               </gml:EnvelopeWithTimePeriod>
            </gml:boundedBy>
            <value>
               <GridSeriesCoverage gml:id="W84jPj8Z">
                  <gridSeriesDomain>
                     <GridSeriesDomain srsName="ndg:crs:lonlatt" uomLabels="degree_east degree_north days_since_0012-01-01" gml:id="SNdx1Q4v" axisLabels="longitude latitude time" dimension="3" srsDimension="3">
                        <limits>
                           <gml:GridEnvelope>
                              <gml:low>0 0 0</gml:low>
                              <gml:high>0 0 0</gml:high>
                           </gml:GridEnvelope>
                        </limits>
                        <axisLabels>time latitude longitude</axisLabels>
                        <coordTransformTable>
                           <GridCoordinatesTable>
                              <gridOrdinate>
                                 <GridOrdinateDescription>
                                    <coordAxisLabel>time</coordAxisLabel>
                                    <coordAxisValues>
                                       <SpatialOrTemporalPositionList gml:id="ILzd0o2j">
                                          <timePositionList frame="ndg:standard">21-01-16T00:00:00.0 21-02-16T00:00:00.0 21-03-16T00:00:00.0 21-04-16T00:00:00.0 21-05-16T00:00:00.0 21-06-16T00:00:00.0 21-07-16T00:00:00.0 21-08-16T00:00:00.0 21-09-16T00:00:00.0 21-10-16T00:00:00.0 21-11-16T00:00:00.0 21-12-16T00:00:00.0 56-01-16T00:00:00.0 56-02-16T00:00:00.0 56-03-16T00:00:00.0 56-04-16T00:00:00.0 56-05-16T00:00:00.0 56-06-16T00:00:00.0 56-07-16T00:00:00.0 56-08-16T00:00:00.0 56-09-16T00:00:00.0 56-10-16T00:00:00.0 56-11-16T00:00:00.0 56-12-16T00:00:00.0 90-01-16T00:00:00.0 90-02-16T00:00:00.0 90-03-16T00:00:00.0 90-04-16T00:00:00.0 90-05-16T00:00:00.0 90-06-16T00:00:00.0 90-07-16T00:00:00.0 90-08-16T00:00:00.0 90-09-16T00:00:00.0 90-10-16T00:00:00.0 90-11-16T00:00:00.0 90-12-16T00:00:00.0</timePositionList>
                                       </SpatialOrTemporalPositionList>
                                    </coordAxisValues>
                                    <gridAxesSpanned>time</gridAxesSpanned>
                                    <sequenceRule axisOrder="+1">Linear</sequenceRule>
                                 </GridOrdinateDescription>
                              </gridOrdinate>
                              <gridOrdinate>
                                 <GridOrdinateDescription>
                                    <coordAxisLabel>latitude</coordAxisLabel>
                                    <coordAxisValues xlink:href="#EfbDm1DY" xlink:show="embed" xlink:arcrole="coordinateList" xlink:role="http://ndg.nerc.ac.uk/fileFormat/csmlStorageDescriptor">
                                       <SpatialOrTemporalPositionList gml:id="G1j2EKX9">
                                          <coordinateList></coordinateList>
                                       </SpatialOrTemporalPositionList>
                                    </coordAxisValues>
                                    <gridAxesSpanned>latitude</gridAxesSpanned>
                                    <sequenceRule axisOrder="+1">Linear</sequenceRule>
                                 </GridOrdinateDescription>
                              </gridOrdinate>
                              <gridOrdinate>
                                 <GridOrdinateDescription>
                                    <coordAxisLabel>longitude</coordAxisLabel>
                                    <coordAxisValues xlink:href="#FMxbBwba" xlink:show="embed" xlink:arcrole="coordinateList" xlink:role="http://ndg.nerc.ac.uk/fileFormat/csmlStorageDescriptor">
                                       <SpatialOrTemporalPositionList gml:id="ZCA7aFNY">
                                          <coordinateList></coordinateList>
                                       </SpatialOrTemporalPositionList>
                                    </coordAxisValues>
                                    <gridAxesSpanned>longitude</gridAxesSpanned>
                                    <sequenceRule axisOrder="+1">Linear</sequenceRule>
                                 </GridOrdinateDescription>
                              </gridOrdinate>
                           </GridCoordinatesTable>
                        </coordTransformTable>
                     </GridSeriesDomain>
                  </gridSeriesDomain>
                  <gml:rangeSet>
                     <gml:ValueArray gml:id="WYD0rpum">
                        <gml:valueComponent xlink:href="#Uodmfj65" xlink:show="embed" xlink:arcrole="QuantityList" xlink:role="http://ndg.nerc.ac.uk/fileFormat/csmlStorageDescriptor">
                           <gml:QuantityList uom="1"></gml:QuantityList>
                        </gml:valueComponent>
                     </gml:ValueArray>
                  </gml:rangeSet>
               </GridSeriesCoverage>
            </value>
            <parameter xlink:href="http://cfconventions.org/standard_names/specific_humidity"></parameter>
         </GridSeriesFeature>
      </featureMember>
      <featureMember>
         <GridSeriesFeature gml:id="precipitation_flux">
            <gml:description>missing description</gml:description>
            <gml:name>precipitation_flux</gml:name>
            <gml:boundedBy>
               <gml:EnvelopeWithTimePeriod srsName="WGS84">
                  <gml:lowerCorner>0.0 -89.7026481628</gml:lowerCorner>
                  <gml:upperCorner>360.0 89.7026481628</gml:upperCorner>
                  <gml:beginPosition>21-01-16T00:00:00.0</gml:beginPosition>
                  <gml:endPosition>90-12-16T00:00:00.0</gml:endPosition>
               </gml:EnvelopeWithTimePeriod>
            </gml:boundedBy>
            <value>
               <GridSeriesCoverage gml:id="NJVqk7my">
                  <gridSeriesDomain>
                     <GridSeriesDomain srsName="ndg:crs:lonlatt" uomLabels="degree_east degree_north days_since_0012-01-01" gml:id="MQVGgjva" axisLabels="longitude latitude time" dimension="3" srsDimension="3">
                        <limits>
                           <gml:GridEnvelope>
                              <gml:low>0 0 0</gml:low>
                              <gml:high>0 0 0</gml:high>
                           </gml:GridEnvelope>
                        </limits>
                        <axisLabels>time latitude longitude</axisLabels>
                        <coordTransformTable>
                           <GridCoordinatesTable>
                              <gridOrdinate>
                                 <GridOrdinateDescription>
                                    <coordAxisLabel>time</coordAxisLabel>
                                    <coordAxisValues>
                                       <SpatialOrTemporalPositionList gml:id="YQA1XIjs">
                                          <timePositionList frame="ndg:standard">21-01-16T00:00:00.0 21-02-16T00:00:00.0 21-03-16T00:00:00.0 21-04-16T00:00:00.0 21-05-16T00:00:00.0 21-06-16T00:00:00.0 21-07-16T00:00:00.0 21-08-16T00:00:00.0 21-09-16T00:00:00.0 21-10-16T00:00:00.0 21-11-16T00:00:00.0 21-12-16T00:00:00.0 56-01-16T00:00:00.0 56-02-16T00:00:00.0 56-03-16T00:00:00.0 56-04-16T00:00:00.0 56-05-16T00:00:00.0 56-06-16T00:00:00.0 56-07-16T00:00:00.0 56-08-16T00:00:00.0 56-09-16T00:00:00.0 56-10-16T00:00:00.0 56-11-16T00:00:00.0 56-12-16T00:00:00.0 90-01-16T00:00:00.0 90-02-16T00:00:00.0 90-03-16T00:00:00.0 90-04-16T00:00:00.0 90-05-16T00:00:00.0 90-06-16T00:00:00.0 90-07-16T00:00:00.0 90-08-16T00:00:00.0 90-09-16T00:00:00.0 90-10-16T00:00:00.0 90-11-16T00:00:00.0 90-12-16T00:00:00.0</timePositionList>
                                       </SpatialOrTemporalPositionList>
                                    </coordAxisValues>
                                    <gridAxesSpanned>time</gridAxesSpanned>
                                    <sequenceRule axisOrder="+1">Linear</sequenceRule>
                                 </GridOrdinateDescription>
                              </gridOrdinate>
                              <gridOrdinate>
                                 <GridOrdinateDescription>
                                    <coordAxisLabel>latitude</coordAxisLabel>
                                    <coordAxisValues xlink:href="#VuMOAT74" xlink:show="embed" xlink:arcrole="coordinateList" xlink:role="http://ndg.nerc.ac.uk/fileFormat/csmlStorageDescriptor">
                                       <SpatialOrTemporalPositionList gml:id="PCKBuNE1">
                                          <coordinateList></coordinateList>
                                       </SpatialOrTemporalPositionList>
                                    </coordAxisValues>
                                    <gridAxesSpanned>latitude</gridAxesSpanned>
                                    <sequenceRule axisOrder="+1">Linear</sequenceRule>
                                 </GridOrdinateDescription>
                              </gridOrdinate>
                              <gridOrdinate>
                                 <GridOrdinateDescription>
                                    <coordAxisLabel>longitude</coordAxisLabel>
                                    <coordAxisValues xlink:href="#QsVf8hue" xlink:show="embed" xlink:arcrole="coordinateList" xlink:role="http://ndg.nerc.ac.uk/fileFormat/csmlStorageDescriptor">
                                       <SpatialOrTemporalPositionList gml:id="SMOn0ZC6">
                                          <coordinateList></coordinateList>
                                       </SpatialOrTemporalPositionList>
                                    </coordAxisValues>
                                    <gridAxesSpanned>longitude</gridAxesSpanned>
                                    <sequenceRule axisOrder="+1">Linear</sequenceRule>
                                 </GridOrdinateDescription>
                              </gridOrdinate>
                           </GridCoordinatesTable>
                        </coordTransformTable>
                     </GridSeriesDomain>
                  </gridSeriesDomain>
                  <gml:rangeSet>
                     <gml:ValueArray gml:id="WAFg4Rns">
                        <gml:valueComponent xlink:href="#JasyOY9g" xlink:show="embed" xlink:arcrole="QuantityList" xlink:role="http://ndg.nerc.ac.uk/fileFormat/csmlStorageDescriptor">
                           <gml:QuantityList uom="kg.m-2.s-1"></gml:QuantityList>
                        </gml:valueComponent>
                     </gml:ValueArray>
                  </gml:rangeSet>
               </GridSeriesCoverage>
            </value>
            <parameter xlink:href="http://cfconventions.org/standard_names/precipitation_flux"></parameter>
         </GridSeriesFeature>
      </featureMember>
      <featureMember>
         <GridSeriesFeature gml:id="air_pressure_at_sea_level">
            <gml:description>missing description</gml:description>
            <gml:name>air_pressure_at_sea_level</gml:name>
            <gml:boundedBy>
               <gml:EnvelopeWithTimePeriod srsName="WGS84">
                  <gml:lowerCorner>0.0 -89.7026481628</gml:lowerCorner>
                  <gml:upperCorner>360.0 89.7026481628</gml:upperCorner>
                  <gml:beginPosition>21-01-16T00:00:00.0</gml:beginPosition>
                  <gml:endPosition>90-12-16T00:00:00.0</gml:endPosition>
               </gml:EnvelopeWithTimePeriod>
            </gml:boundedBy>
            <value>
               <GridSeriesCoverage gml:id="Hpo2glwl">
                  <gridSeriesDomain>
                     <GridSeriesDomain srsName="ndg:crs:lonlatt" uomLabels="degree_east degree_north days_since_0012-01-01" gml:id="AbXlwCjY" axisLabels="longitude latitude time" dimension="3" srsDimension="3">
                        <limits>
                           <gml:GridEnvelope>
                              <gml:low>0 0 0</gml:low>
                              <gml:high>0 0 0</gml:high>
                           </gml:GridEnvelope>
                        </limits>
                        <axisLabels>time latitude longitude</axisLabels>
                        <coordTransformTable>
                           <GridCoordinatesTable>
                              <gridOrdinate>
                                 <GridOrdinateDescription>
                                    <coordAxisLabel>time</coordAxisLabel>
                                    <coordAxisValues>
                                       <SpatialOrTemporalPositionList gml:id="U7Du495N">
                                          <timePositionList frame="ndg:standard">21-01-16T00:00:00.0 21-02-16T00:00:00.0 21-03-16T00:00:00.0 21-04-16T00:00:00.0 21-05-16T00:00:00.0 21-06-16T00:00:00.0 21-07-16T00:00:00.0 21-08-16T00:00:00.0 21-09-16T00:00:00.0 21-10-16T00:00:00.0 21-11-16T00:00:00.0 21-12-16T00:00:00.0 56-01-16T00:00:00.0 56-02-16T00:00:00.0 56-03-16T00:00:00.0 56-04-16T00:00:00.0 56-05-16T00:00:00.0 56-06-16T00:00:00.0 56-07-16T00:00:00.0 56-08-16T00:00:00.0 56-09-16T00:00:00.0 56-10-16T00:00:00.0 56-11-16T00:00:00.0 56-12-16T00:00:00.0 90-01-16T00:00:00.0 90-02-16T00:00:00.0 90-03-16T00:00:00.0 90-04-16T00:00:00.0 90-05-16T00:00:00.0 90-06-16T00:00:00.0 90-07-16T00:00:00.0 90-08-16T00:00:00.0 90-09-16T00:00:00.0 90-10-16T00:00:00.0 90-11-16T00:00:00.0 90-12-16T00:00:00.0</timePositionList>
                                       </SpatialOrTemporalPositionList>
                                    </coordAxisValues>
                                    <gridAxesSpanned>time</gridAxesSpanned>
                                    <sequenceRule axisOrder="+1">Linear</sequenceRule>
                                 </GridOrdinateDescription>
                              </gridOrdinate>
                              <gridOrdinate>
                                 <GridOrdinateDescription>
                                    <coordAxisLabel>latitude</coordAxisLabel>
                                    <coordAxisValues xlink:href="#Tw2F0hIf" xlink:show="embed" xlink:arcrole="coordinateList" xlink:role="http://ndg.nerc.ac.uk/fileFormat/csmlStorageDescriptor">
                                       <SpatialOrTemporalPositionList gml:id="UKw31VVe">
                                          <coordinateList></coordinateList>
                                       </SpatialOrTemporalPositionList>
                                    </coordAxisValues>
                                    <gridAxesSpanned>latitude</gridAxesSpanned>
                                    <sequenceRule axisOrder="+1">Linear</sequenceRule>
                                 </GridOrdinateDescription>
                              </gridOrdinate>
                              <gridOrdinate>
                                 <GridOrdinateDescription>
                                    <coordAxisLabel>longitude</coordAxisLabel>
                                    <coordAxisValues xlink:href="#UyoGBd1Z" xlink:show="embed" xlink:arcrole="coordinateList" xlink:role="http://ndg.nerc.ac.uk/fileFormat/csmlStorageDescriptor">
                                       <SpatialOrTemporalPositionList gml:id="I7I6KaWk">
                                          <coordinateList></coordinateList>
                                       </SpatialOrTemporalPositionList>
                                    </coordAxisValues>
                                    <gridAxesSpanned>longitude</gridAxesSpanned>
                                    <sequenceRule axisOrder="+1">Linear</sequenceRule>
                                 </GridOrdinateDescription>
                              </gridOrdinate>
                           </GridCoordinatesTable>
                        </coordTransformTable>
                     </GridSeriesDomain>
                  </gridSeriesDomain>
                  <gml:rangeSet>
                     <gml:ValueArray gml:id="YzXkweYU">
                        <gml:valueComponent xlink:href="#EpPF8ATv" xlink:show="embed" xlink:arcrole="QuantityList" xlink:role="http://ndg.nerc.ac.uk/fileFormat/csmlStorageDescriptor">
                           <gml:QuantityList uom="Pa"></gml:QuantityList>
                        </gml:valueComponent>
                     </gml:ValueArray>
                  </gml:rangeSet>
               </GridSeriesCoverage>
            </value>
            <parameter xlink:href="http://cfconventions.org/standard_names/air_pressure_at_sea_level"></parameter>
         </GridSeriesFeature>
      </featureMember>
      <featureMember>
         <GridSeriesFeature gml:id="surface_downwelling_shortwave_flux_in_air">
            <gml:description>missing description</gml:description>
            <gml:name>surface_downwelling_shortwave_flux_in_air</gml:name>
            <gml:boundedBy>
               <gml:EnvelopeWithTimePeriod srsName="WGS84">
                  <gml:lowerCorner>0.0 -89.7026481628</gml:lowerCorner>
                  <gml:upperCorner>360.0 89.7026481628</gml:upperCorner>
                  <gml:beginPosition>21-01-16T00:00:00.0</gml:beginPosition>
                  <gml:endPosition>90-12-16T00:00:00.0</gml:endPosition>
               </gml:EnvelopeWithTimePeriod>
            </gml:boundedBy>
            <value>
               <GridSeriesCoverage gml:id="WbCHMj8v">
                  <gridSeriesDomain>
                     <GridSeriesDomain srsName="ndg:crs:lonlatt" uomLabels="degree_east degree_north days_since_0012-01-01" gml:id="E0aJQqA5" axisLabels="longitude latitude time" dimension="3" srsDimension="3">
                        <limits>
                           <gml:GridEnvelope>
                              <gml:low>0 0 0</gml:low>
                              <gml:high>0 0 0</gml:high>
                           </gml:GridEnvelope>
                        </limits>
                        <axisLabels>time latitude longitude</axisLabels>
                        <coordTransformTable>
                           <GridCoordinatesTable>
                              <gridOrdinate>
                                 <GridOrdinateDescription>
                                    <coordAxisLabel>time</coordAxisLabel>
                                    <coordAxisValues>
                                       <SpatialOrTemporalPositionList gml:id="MNkW1RTn">
                                          <timePositionList frame="ndg:standard">21-01-16T00:00:00.0 21-02-16T00:00:00.0 21-03-16T00:00:00.0 21-04-16T00:00:00.0 21-05-16T00:00:00.0 21-06-16T00:00:00.0 21-07-16T00:00:00.0 21-08-16T00:00:00.0 21-09-16T00:00:00.0 21-10-16T00:00:00.0 21-11-16T00:00:00.0 21-12-16T00:00:00.0 56-01-16T00:00:00.0 56-02-16T00:00:00.0 56-03-16T00:00:00.0 56-04-16T00:00:00.0 56-05-16T00:00:00.0 56-06-16T00:00:00.0 56-07-16T00:00:00.0 56-08-16T00:00:00.0 56-09-16T00:00:00.0 56-10-16T00:00:00.0 56-11-16T00:00:00.0 56-12-16T00:00:00.0 90-01-16T00:00:00.0 90-02-16T00:00:00.0 90-03-16T00:00:00.0 90-04-16T00:00:00.0 90-05-16T00:00:00.0 90-06-16T00:00:00.0 90-07-16T00:00:00.0 90-08-16T00:00:00.0 90-09-16T00:00:00.0 90-10-16T00:00:00.0 90-11-16T00:00:00.0 90-12-16T00:00:00.0</timePositionList>
                                       </SpatialOrTemporalPositionList>
                                    </coordAxisValues>
                                    <gridAxesSpanned>time</gridAxesSpanned>
                                    <sequenceRule axisOrder="+1">Linear</sequenceRule>
                                 </GridOrdinateDescription>
                              </gridOrdinate>
                              <gridOrdinate>
                                 <GridOrdinateDescription>
                                    <coordAxisLabel>latitude</coordAxisLabel>
                                    <coordAxisValues xlink:href="#U3CwQQ3O" xlink:show="embed" xlink:arcrole="coordinateList" xlink:role="http://ndg.nerc.ac.uk/fileFormat/csmlStorageDescriptor">
                                       <SpatialOrTemporalPositionList gml:id="X92ZWjzD">
                                          <coordinateList></coordinateList>
                                       </SpatialOrTemporalPositionList>
                                    </coordAxisValues>
                                    <gridAxesSpanned>latitude</gridAxesSpanned>
                                    <sequenceRule axisOrder="+1">Linear</sequenceRule>
                                 </GridOrdinateDescription>
                              </gridOrdinate>
                              <gridOrdinate>
                                 <GridOrdinateDescription>
                                    <coordAxisLabel>longitude</coordAxisLabel>
                                    <coordAxisValues xlink:href="#SHrqixjI" xlink:show="embed" xlink:arcrole="coordinateList" xlink:role="http://ndg.nerc.ac.uk/fileFormat/csmlStorageDescriptor">
                                       <SpatialOrTemporalPositionList gml:id="RUwJYRrz">
                                          <coordinateList></coordinateList>
                                       </SpatialOrTemporalPositionList>
                                    </coordAxisValues>
                                    <gridAxesSpanned>longitude</gridAxesSpanned>
                                    <sequenceRule axisOrder="+1">Linear</sequenceRule>
                                 </GridOrdinateDescription>
                              </gridOrdinate>
                           </GridCoordinatesTable>
                        </coordTransformTable>
                     </GridSeriesDomain>
                  </gridSeriesDomain>
                  <gml:rangeSet>
                     <gml:ValueArray gml:id="IY42qSZR">
                        <gml:valueComponent xlink:href="#DW3dSIzU" xlink:show="embed" xlink:arcrole="QuantityList" xlink:role="http://ndg.nerc.ac.uk/fileFormat/csmlStorageDescriptor">
                           <gml:QuantityList uom="W.m-2"></gml:QuantityList>
                        </gml:valueComponent>
                     </gml:ValueArray>
                  </gml:rangeSet>
               </GridSeriesCoverage>
            </value>
            <parameter xlink:href="http://cfconventions.org/standard_names/surface_downwelling_shortwave_flux_in_air"></parameter>
         </GridSeriesFeature>
      </featureMember>
      <featureMember>
         <GridSeriesFeature gml:id="air_temperature">
            <gml:description>missing description</gml:description>
            <gml:name>air_temperature</gml:name>
            <gml:boundedBy>
               <gml:EnvelopeWithTimePeriod srsName="WGS84">
                  <gml:lowerCorner>0.0 -89.7026481628</gml:lowerCorner>
                  <gml:upperCorner>360.0 89.7026481628</gml:upperCorner>
                  <gml:beginPosition>21-01-16T00:00:00.0</gml:beginPosition>
                  <gml:endPosition>90-12-16T00:00:00.0</gml:endPosition>
               </gml:EnvelopeWithTimePeriod>
            </gml:boundedBy>
            <value>
               <GridSeriesCoverage gml:id="AcyCNTfb">
                  <gridSeriesDomain>
                     <GridSeriesDomain srsName="ndg:crs:lonlatt" uomLabels="degree_east degree_north days_since_0012-01-01" gml:id="ByZxz8WG" axisLabels="longitude latitude time" dimension="3" srsDimension="3">
                        <limits>
                           <gml:GridEnvelope>
                              <gml:low>0 0 0</gml:low>
                              <gml:high>0 0 0</gml:high>
                           </gml:GridEnvelope>
                        </limits>
                        <axisLabels>time latitude longitude</axisLabels>
                        <coordTransformTable>
                           <GridCoordinatesTable>
                              <gridOrdinate>
                                 <GridOrdinateDescription>
                                    <coordAxisLabel>time</coordAxisLabel>
                                    <coordAxisValues>
                                       <SpatialOrTemporalPositionList gml:id="NPCw6zM3">
                                          <timePositionList frame="ndg:standard">21-01-16T00:00:00.0 21-02-16T00:00:00.0 21-03-16T00:00:00.0 21-04-16T00:00:00.0 21-05-16T00:00:00.0 21-06-16T00:00:00.0 21-07-16T00:00:00.0 21-08-16T00:00:00.0 21-09-16T00:00:00.0 21-10-16T00:00:00.0 21-11-16T00:00:00.0 21-12-16T00:00:00.0 56-01-16T00:00:00.0 56-02-16T00:00:00.0 56-03-16T00:00:00.0 56-04-16T00:00:00.0 56-05-16T00:00:00.0 56-06-16T00:00:00.0 56-07-16T00:00:00.0 56-08-16T00:00:00.0 56-09-16T00:00:00.0 56-10-16T00:00:00.0 56-11-16T00:00:00.0 56-12-16T00:00:00.0 90-01-16T00:00:00.0 90-02-16T00:00:00.0 90-03-16T00:00:00.0 90-04-16T00:00:00.0 90-05-16T00:00:00.0 90-06-16T00:00:00.0 90-07-16T00:00:00.0 90-08-16T00:00:00.0 90-09-16T00:00:00.0 90-10-16T00:00:00.0 90-11-16T00:00:00.0 90-12-16T00:00:00.0</timePositionList>
                                       </SpatialOrTemporalPositionList>
                                    </coordAxisValues>
                                    <gridAxesSpanned>time</gridAxesSpanned>
                                    <sequenceRule axisOrder="+1">Linear</sequenceRule>
                                 </GridOrdinateDescription>
                              </gridOrdinate>
                              <gridOrdinate>
                                 <GridOrdinateDescription>
                                    <coordAxisLabel>latitude</coordAxisLabel>
                                    <coordAxisValues xlink:href="#M7N0h6NK" xlink:show="embed" xlink:arcrole="coordinateList" xlink:role="http://ndg.nerc.ac.uk/fileFormat/csmlStorageDescriptor">
                                       <SpatialOrTemporalPositionList gml:id="Mq1Xhtb7">
                                          <coordinateList></coordinateList>
                                       </SpatialOrTemporalPositionList>
                                    </coordAxisValues>
                                    <gridAxesSpanned>latitude</gridAxesSpanned>
                                    <sequenceRule axisOrder="+1">Linear</sequenceRule>
                                 </GridOrdinateDescription>
                              </gridOrdinate>
                              <gridOrdinate>
                                 <GridOrdinateDescription>
                                    <coordAxisLabel>longitude</coordAxisLabel>
                                    <coordAxisValues xlink:href="#RqmkfoYC" xlink:show="embed" xlink:arcrole="coordinateList" xlink:role="http://ndg.nerc.ac.uk/fileFormat/csmlStorageDescriptor">
                                       <SpatialOrTemporalPositionList gml:id="PyuZYW1F">
                                          <coordinateList></coordinateList>
                                       </SpatialOrTemporalPositionList>
                                    </coordAxisValues>
                                    <gridAxesSpanned>longitude</gridAxesSpanned>
                                    <sequenceRule axisOrder="+1">Linear</sequenceRule>
                                 </GridOrdinateDescription>
                              </gridOrdinate>
                           </GridCoordinatesTable>
                        </coordTransformTable>
                     </GridSeriesDomain>
                  </gridSeriesDomain>
                  <gml:rangeSet>
                     <gml:ValueArray gml:id="Q8RRM418">
                        <gml:valueComponent xlink:href="#VmSJ8Vl1" xlink:show="embed" xlink:arcrole="QuantityList" xlink:role="http://ndg.nerc.ac.uk/fileFormat/csmlStorageDescriptor">
                           <gml:QuantityList uom="K"></gml:QuantityList>
                        </gml:valueComponent>
                     </gml:ValueArray>
                  </gml:rangeSet>
               </GridSeriesCoverage>
            </value>
            <parameter xlink:href="http://cfconventions.org/standard_names/air_temperature"></parameter>
         </GridSeriesFeature>
      </featureMember>
      <featureMember>
         <GridSeriesFeature gml:id="air_temperature_daily_max">
            <gml:description>missing description</gml:description>
            <gml:name>air_temperature_daily_max</gml:name>
            <gml:boundedBy>
               <gml:EnvelopeWithTimePeriod srsName="WGS84">
                  <gml:lowerCorner>0.0 -89.7026481628</gml:lowerCorner>
                  <gml:upperCorner>360.0 89.7026481628</gml:upperCorner>
                  <gml:beginPosition>21-01-16T00:00:00.0</gml:beginPosition>
                  <gml:endPosition>90-12-16T00:00:00.0</gml:endPosition>
               </gml:EnvelopeWithTimePeriod>
            </gml:boundedBy>
            <value>
               <GridSeriesCoverage gml:id="Nwj2FExh">
                  <gridSeriesDomain>
                     <GridSeriesDomain srsName="ndg:crs:lonlatt" uomLabels="degree_east degree_north days_since_0012-01-01" gml:id="AGXURlZc" axisLabels="longitude latitude time" dimension="3" srsDimension="3">
                        <limits>
                           <gml:GridEnvelope>
                              <gml:low>0 0 0</gml:low>
                              <gml:high>0 0 0</gml:high>
                           </gml:GridEnvelope>
                        </limits>
                        <axisLabels>time latitude longitude</axisLabels>
                        <coordTransformTable>
                           <GridCoordinatesTable>
                              <gridOrdinate>
                                 <GridOrdinateDescription>
                                    <coordAxisLabel>time</coordAxisLabel>
                                    <coordAxisValues>
                                       <SpatialOrTemporalPositionList gml:id="ISOxttLr">
                                          <timePositionList frame="ndg:standard">21-01-16T00:00:00.0 21-02-16T00:00:00.0 21-03-16T00:00:00.0 21-04-16T00:00:00.0 21-05-16T00:00:00.0 21-06-16T00:00:00.0 21-07-16T00:00:00.0 21-08-16T00:00:00.0 21-09-16T00:00:00.0 21-10-16T00:00:00.0 21-11-16T00:00:00.0 21-12-16T00:00:00.0 56-01-16T00:00:00.0 56-02-16T00:00:00.0 56-03-16T00:00:00.0 56-04-16T00:00:00.0 56-05-16T00:00:00.0 56-06-16T00:00:00.0 56-07-16T00:00:00.0 56-08-16T00:00:00.0 56-09-16T00:00:00.0 56-10-16T00:00:00.0 56-11-16T00:00:00.0 56-12-16T00:00:00.0 90-01-16T00:00:00.0 90-02-16T00:00:00.0 90-03-16T00:00:00.0 90-04-16T00:00:00.0 90-05-16T00:00:00.0 90-06-16T00:00:00.0 90-07-16T00:00:00.0 90-08-16T00:00:00.0 90-09-16T00:00:00.0 90-10-16T00:00:00.0 90-11-16T00:00:00.0 90-12-16T00:00:00.0</timePositionList>
                                       </SpatialOrTemporalPositionList>
                                    </coordAxisValues>
                                    <gridAxesSpanned>time</gridAxesSpanned>
                                    <sequenceRule axisOrder="+1">Linear</sequenceRule>
                                 </GridOrdinateDescription>
                              </gridOrdinate>
                              <gridOrdinate>
                                 <GridOrdinateDescription>
                                    <coordAxisLabel>latitude</coordAxisLabel>
                                    <coordAxisValues xlink:href="#ZMPeaYuZ" xlink:show="embed" xlink:arcrole="coordinateList" xlink:role="http://ndg.nerc.ac.uk/fileFormat/csmlStorageDescriptor">
                                       <SpatialOrTemporalPositionList gml:id="SLxZd4Hi">
                                          <coordinateList></coordinateList>
                                       </SpatialOrTemporalPositionList>
                                    </coordAxisValues>
                                    <gridAxesSpanned>latitude</gridAxesSpanned>
                                    <sequenceRule axisOrder="+1">Linear</sequenceRule>
                                 </GridOrdinateDescription>
                              </gridOrdinate>
                              <gridOrdinate>
                                 <GridOrdinateDescription>
                                    <coordAxisLabel>longitude</coordAxisLabel>
                                    <coordAxisValues xlink:href="#VHFDaYIp" xlink:show="embed" xlink:arcrole="coordinateList" xlink:role="http://ndg.nerc.ac.uk/fileFormat/csmlStorageDescriptor">
                                       <SpatialOrTemporalPositionList gml:id="N0Rbipe0">
                                          <coordinateList></coordinateList>
                                       </SpatialOrTemporalPositionList>
                                    </coordAxisValues>
                                    <gridAxesSpanned>longitude</gridAxesSpanned>
                                    <sequenceRule axisOrder="+1">Linear</sequenceRule>
                                 </GridOrdinateDescription>
                              </gridOrdinate>
                           </GridCoordinatesTable>
                        </coordTransformTable>
                     </GridSeriesDomain>
                  </gridSeriesDomain>
                  <gml:rangeSet>
                     <gml:ValueArray gml:id="WcYHAaQh">
                        <gml:valueComponent xlink:href="#Xc6qPkxR" xlink:show="embed" xlink:arcrole="QuantityList" xlink:role="http://ndg.nerc.ac.uk/fileFormat/csmlStorageDescriptor">
                           <gml:QuantityList uom="K"></gml:QuantityList>
                        </gml:valueComponent>
                     </gml:ValueArray>
                  </gml:rangeSet>
               </GridSeriesCoverage>
            </value>
            <parameter xlink:href="http://cfconventions.org/standard_names/air_temperature"></parameter>
         </GridSeriesFeature>
      </featureMember>
      <featureMember>
         <GridSeriesFeature gml:id="air_temperature_daily_min">
            <gml:description>missing description</gml:description>
            <gml:name>air_temperature_daily_min</gml:name>
            <gml:boundedBy>
               <gml:EnvelopeWithTimePeriod srsName="WGS84">
                  <gml:lowerCorner>0.0 -89.7026481628</gml:lowerCorner>
                  <gml:upperCorner>360.0 89.7026481628</gml:upperCorner>
                  <gml:beginPosition>21-01-16T00:00:00.0</gml:beginPosition>
                  <gml:endPosition>90-12-16T00:00:00.0</gml:endPosition>
               </gml:EnvelopeWithTimePeriod>
            </gml:boundedBy>
            <value>
               <GridSeriesCoverage gml:id="JCwoSmmN">
                  <gridSeriesDomain>
                     <GridSeriesDomain srsName="ndg:crs:lonlatt" uomLabels="degree_east degree_north days_since_0012-01-01" gml:id="CvDUH9F5" axisLabels="longitude latitude time" dimension="3" srsDimension="3">
                        <limits>
                           <gml:GridEnvelope>
                              <gml:low>0 0 0</gml:low>
                              <gml:high>0 0 0</gml:high>
                           </gml:GridEnvelope>
                        </limits>
                        <axisLabels>time latitude longitude</axisLabels>
                        <coordTransformTable>
                           <GridCoordinatesTable>
                              <gridOrdinate>
                                 <GridOrdinateDescription>
                                    <coordAxisLabel>time</coordAxisLabel>
                                    <coordAxisValues>
                                       <SpatialOrTemporalPositionList gml:id="X13kdArB">
                                          <timePositionList frame="ndg:standard">21-01-16T00:00:00.0 21-02-16T00:00:00.0 21-03-16T00:00:00.0 21-04-16T00:00:00.0 21-05-16T00:00:00.0 21-06-16T00:00:00.0 21-07-16T00:00:00.0 21-08-16T00:00:00.0 21-09-16T00:00:00.0 21-10-16T00:00:00.0 21-11-16T00:00:00.0 21-12-16T00:00:00.0 56-01-16T00:00:00.0 56-02-16T00:00:00.0 56-03-16T00:00:00.0 56-04-16T00:00:00.0 56-05-16T00:00:00.0 56-06-16T00:00:00.0 56-07-16T00:00:00.0 56-08-16T00:00:00.0 56-09-16T00:00:00.0 56-10-16T00:00:00.0 56-11-16T00:00:00.0 56-12-16T00:00:00.0 90-01-16T00:00:00.0 90-02-16T00:00:00.0 90-03-16T00:00:00.0 90-04-16T00:00:00.0 90-05-16T00:00:00.0 90-06-16T00:00:00.0 90-07-16T00:00:00.0 90-08-16T00:00:00.0 90-09-16T00:00:00.0 90-10-16T00:00:00.0 90-11-16T00:00:00.0 90-12-16T00:00:00.0</timePositionList>
                                       </SpatialOrTemporalPositionList>
                                    </coordAxisValues>
                                    <gridAxesSpanned>time</gridAxesSpanned>
                                    <sequenceRule axisOrder="+1">Linear</sequenceRule>
                                 </GridOrdinateDescription>
                              </gridOrdinate>
                              <gridOrdinate>
                                 <GridOrdinateDescription>
                                    <coordAxisLabel>latitude</coordAxisLabel>
                                    <coordAxisValues xlink:href="#Gh5D9lhV" xlink:show="embed" xlink:arcrole="coordinateList" xlink:role="http://ndg.nerc.ac.uk/fileFormat/csmlStorageDescriptor">
                                       <SpatialOrTemporalPositionList gml:id="GA8hTMyh">
                                          <coordinateList></coordinateList>
                                       </SpatialOrTemporalPositionList>
                                    </coordAxisValues>
                                    <gridAxesSpanned>latitude</gridAxesSpanned>
                                    <sequenceRule axisOrder="+1">Linear</sequenceRule>
                                 </GridOrdinateDescription>
                              </gridOrdinate>
                              <gridOrdinate>
                                 <GridOrdinateDescription>
                                    <coordAxisLabel>longitude</coordAxisLabel>
                                    <coordAxisValues xlink:href="#Hcwn9ptn" xlink:show="embed" xlink:arcrole="coordinateList" xlink:role="http://ndg.nerc.ac.uk/fileFormat/csmlStorageDescriptor">
                                       <SpatialOrTemporalPositionList gml:id="Z3awmvFG">
                                          <coordinateList></coordinateList>
                                       </SpatialOrTemporalPositionList>
                                    </coordAxisValues>
                                    <gridAxesSpanned>longitude</gridAxesSpanned>
                                    <sequenceRule axisOrder="+1">Linear</sequenceRule>
                                 </GridOrdinateDescription>
                              </gridOrdinate>
                           </GridCoordinatesTable>
                        </coordTransformTable>
                     </GridSeriesDomain>
                  </gridSeriesDomain>
                  <gml:rangeSet>
                     <gml:ValueArray gml:id="A6u5O7Sj">
                        <gml:valueComponent xlink:href="#C4dGrDnB" xlink:show="embed" xlink:arcrole="QuantityList" xlink:role="http://ndg.nerc.ac.uk/fileFormat/csmlStorageDescriptor">
                           <gml:QuantityList uom="K"></gml:QuantityList>
                        </gml:valueComponent>
                     </gml:ValueArray>
                  </gml:rangeSet>
               </GridSeriesCoverage>
            </value>
            <parameter xlink:href="http://cfconventions.org/standard_names/air_temperature"></parameter>
         </GridSeriesFeature>
      </featureMember>
      <featureMember>
         <GridSeriesFeature gml:id="eastward_wind">
            <gml:description>missing description</gml:description>
            <gml:name>eastward_wind</gml:name>
            <gml:boundedBy>
               <gml:EnvelopeWithTimePeriod srsName="WGS84">
                  <gml:lowerCorner>0.0 -89.7026481628</gml:lowerCorner>
                  <gml:upperCorner>360.0 89.7026481628</gml:upperCorner>
                  <gml:beginPosition>21-01-16T00:00:00.0</gml:beginPosition>
                  <gml:endPosition>90-12-16T00:00:00.0</gml:endPosition>
               </gml:EnvelopeWithTimePeriod>
            </gml:boundedBy>
            <value>
               <GridSeriesCoverage gml:id="FSTCSM5y">
                  <gridSeriesDomain>
                     <GridSeriesDomain srsName="ndg:crs:lonlatt" uomLabels="degree_east degree_north days_since_0012-01-01" gml:id="MQG5tEcf" axisLabels="longitude latitude time" dimension="3" srsDimension="3">
                        <limits>
                           <gml:GridEnvelope>
                              <gml:low>0 0 0</gml:low>
                              <gml:high>0 0 0</gml:high>
                           </gml:GridEnvelope>
                        </limits>
                        <axisLabels>time latitude longitude</axisLabels>
                        <coordTransformTable>
                           <GridCoordinatesTable>
                              <gridOrdinate>
                                 <GridOrdinateDescription>
                                    <coordAxisLabel>time</coordAxisLabel>
                                    <coordAxisValues>
                                       <SpatialOrTemporalPositionList gml:id="ZH9fwJm3">
                                          <timePositionList frame="ndg:standard">21-01-16T00:00:00.0 21-02-16T00:00:00.0 21-03-16T00:00:00.0 21-04-16T00:00:00.0 21-05-16T00:00:00.0 21-06-16T00:00:00.0 21-07-16T00:00:00.0 21-08-16T00:00:00.0 21-09-16T00:00:00.0 21-10-16T00:00:00.0 21-11-16T00:00:00.0 21-12-16T00:00:00.0 56-01-16T00:00:00.0 56-02-16T00:00:00.0 56-03-16T00:00:00.0 56-04-16T00:00:00.0 56-05-16T00:00:00.0 56-06-16T00:00:00.0 56-07-16T00:00:00.0 56-08-16T00:00:00.0 56-09-16T00:00:00.0 56-10-16T00:00:00.0 56-11-16T00:00:00.0 56-12-16T00:00:00.0 90-01-16T00:00:00.0 90-02-16T00:00:00.0 90-03-16T00:00:00.0 90-04-16T00:00:00.0 90-05-16T00:00:00.0 90-06-16T00:00:00.0 90-07-16T00:00:00.0 90-08-16T00:00:00.0 90-09-16T00:00:00.0 90-10-16T00:00:00.0 90-11-16T00:00:00.0 90-12-16T00:00:00.0</timePositionList>
                                       </SpatialOrTemporalPositionList>
                                    </coordAxisValues>
                                    <gridAxesSpanned>time</gridAxesSpanned>
                                    <sequenceRule axisOrder="+1">Linear</sequenceRule>
                                 </GridOrdinateDescription>
                              </gridOrdinate>
                              <gridOrdinate>
                                 <GridOrdinateDescription>
                                    <coordAxisLabel>latitude</coordAxisLabel>
                                    <coordAxisValues xlink:href="#Ty2Dckbd" xlink:show="embed" xlink:arcrole="coordinateList" xlink:role="http://ndg.nerc.ac.uk/fileFormat/csmlStorageDescriptor">
                                       <SpatialOrTemporalPositionList gml:id="RqKgvnjG">
                                          <coordinateList></coordinateList>
                                       </SpatialOrTemporalPositionList>
                                    </coordAxisValues>
                                    <gridAxesSpanned>latitude</gridAxesSpanned>
                                    <sequenceRule axisOrder="+1">Linear</sequenceRule>
                                 </GridOrdinateDescription>
                              </gridOrdinate>
                              <gridOrdinate>
                                 <GridOrdinateDescription>
                                    <coordAxisLabel>longitude</coordAxisLabel>
                                    <coordAxisValues xlink:href="#TUU6f80Y" xlink:show="embed" xlink:arcrole="coordinateList" xlink:role="http://ndg.nerc.ac.uk/fileFormat/csmlStorageDescriptor">
                                       <SpatialOrTemporalPositionList gml:id="QSiLWOYF">
                                          <coordinateList></coordinateList>
                                       </SpatialOrTemporalPositionList>
                                    </coordAxisValues>
                                    <gridAxesSpanned>longitude</gridAxesSpanned>
                                    <sequenceRule axisOrder="+1">Linear</sequenceRule>
                                 </GridOrdinateDescription>
                              </gridOrdinate>
                           </GridCoordinatesTable>
                        </coordTransformTable>
                     </GridSeriesDomain>
                  </gridSeriesDomain>
                  <gml:rangeSet>
                     <gml:ValueArray gml:id="TUxCTKL2">
                        <gml:valueComponent xlink:href="#XgyGuAUm" xlink:show="embed" xlink:arcrole="QuantityList" xlink:role="http://ndg.nerc.ac.uk/fileFormat/csmlStorageDescriptor">
                           <gml:QuantityList uom="m.s-1"></gml:QuantityList>
                        </gml:valueComponent>
                     </gml:ValueArray>
                  </gml:rangeSet>
               </GridSeriesCoverage>
            </value>
            <parameter xlink:href="http://cfconventions.org/standard_names/eastward_wind"></parameter>
         </GridSeriesFeature>
      </featureMember>
      <featureMember>
         <GridSeriesFeature gml:id="northward_wind">
            <gml:description>missing description</gml:description>
            <gml:name>northward_wind</gml:name>
            <gml:boundedBy>
               <gml:EnvelopeWithTimePeriod srsName="WGS84">
                  <gml:lowerCorner>0.0 -89.7026481628</gml:lowerCorner>
                  <gml:upperCorner>360.0 89.7026481628</gml:upperCorner>
                  <gml:beginPosition>21-01-16T00:00:00.0</gml:beginPosition>
                  <gml:endPosition>90-12-16T00:00:00.0</gml:endPosition>
               </gml:EnvelopeWithTimePeriod>
            </gml:boundedBy>
            <value>
               <GridSeriesCoverage gml:id="R7Bc9iyU">
                  <gridSeriesDomain>
                     <GridSeriesDomain srsName="ndg:crs:lonlatt" uomLabels="degree_east degree_north days_since_0012-01-01" gml:id="TEo7AAr2" axisLabels="longitude latitude time" dimension="3" srsDimension="3">
                        <limits>
                           <gml:GridEnvelope>
                              <gml:low>0 0 0</gml:low>
                              <gml:high>0 0 0</gml:high>
                           </gml:GridEnvelope>
                        </limits>
                        <axisLabels>time latitude longitude</axisLabels>
                        <coordTransformTable>
                           <GridCoordinatesTable>
                              <gridOrdinate>
                                 <GridOrdinateDescription>
                                    <coordAxisLabel>time</coordAxisLabel>
                                    <coordAxisValues>
                                       <SpatialOrTemporalPositionList gml:id="MKn3huf5">
                                          <timePositionList frame="ndg:standard">21-01-16T00:00:00.0 21-02-16T00:00:00.0 21-03-16T00:00:00.0 21-04-16T00:00:00.0 21-05-16T00:00:00.0 21-06-16T00:00:00.0 21-07-16T00:00:00.0 21-08-16T00:00:00.0 21-09-16T00:00:00.0 21-10-16T00:00:00.0 21-11-16T00:00:00.0 21-12-16T00:00:00.0 56-01-16T00:00:00.0 56-02-16T00:00:00.0 56-03-16T00:00:00.0 56-04-16T00:00:00.0 56-05-16T00:00:00.0 56-06-16T00:00:00.0 56-07-16T00:00:00.0 56-08-16T00:00:00.0 56-09-16T00:00:00.0 56-10-16T00:00:00.0 56-11-16T00:00:00.0 56-12-16T00:00:00.0 90-01-16T00:00:00.0 90-02-16T00:00:00.0 90-03-16T00:00:00.0 90-04-16T00:00:00.0 90-05-16T00:00:00.0 90-06-16T00:00:00.0 90-07-16T00:00:00.0 90-08-16T00:00:00.0 90-09-16T00:00:00.0 90-10-16T00:00:00.0 90-11-16T00:00:00.0 90-12-16T00:00:00.0</timePositionList>
                                       </SpatialOrTemporalPositionList>
                                    </coordAxisValues>
                                    <gridAxesSpanned>time</gridAxesSpanned>
                                    <sequenceRule axisOrder="+1">Linear</sequenceRule>
                                 </GridOrdinateDescription>
                              </gridOrdinate>
                              <gridOrdinate>
                                 <GridOrdinateDescription>
                                    <coordAxisLabel>latitude</coordAxisLabel>
                                    <coordAxisValues xlink:href="#PhGUDy4s" xlink:show="embed" xlink:arcrole="coordinateList" xlink:role="http://ndg.nerc.ac.uk/fileFormat/csmlStorageDescriptor">
                                       <SpatialOrTemporalPositionList gml:id="P9f3bUec">
                                          <coordinateList></coordinateList>
                                       </SpatialOrTemporalPositionList>
                                    </coordAxisValues>
                                    <gridAxesSpanned>latitude</gridAxesSpanned>
                                    <sequenceRule axisOrder="+1">Linear</sequenceRule>
                                 </GridOrdinateDescription>
                              </gridOrdinate>
                              <gridOrdinate>
                                 <GridOrdinateDescription>
                                    <coordAxisLabel>longitude</coordAxisLabel>
                                    <coordAxisValues xlink:href="#SJtIsyAG" xlink:show="embed" xlink:arcrole="coordinateList" xlink:role="http://ndg.nerc.ac.uk/fileFormat/csmlStorageDescriptor">
                                       <SpatialOrTemporalPositionList gml:id="VQIcp5sA">
                                          <coordinateList></coordinateList>
                                       </SpatialOrTemporalPositionList>
                                    </coordAxisValues>
                                    <gridAxesSpanned>longitude</gridAxesSpanned>
                                    <sequenceRule axisOrder="+1">Linear</sequenceRule>
                                 </GridOrdinateDescription>
                              </gridOrdinate>
                           </GridCoordinatesTable>
                        </coordTransformTable>
                     </GridSeriesDomain>
                  </gridSeriesDomain>
                  <gml:rangeSet>
                     <gml:ValueArray gml:id="Tg38mlx6">
                        <gml:valueComponent xlink:href="#SwLlSky6" xlink:show="embed" xlink:arcrole="QuantityList" xlink:role="http://ndg.nerc.ac.uk/fileFormat/csmlStorageDescriptor">
                           <gml:QuantityList uom="m.s-1"></gml:QuantityList>
                        </gml:valueComponent>
                     </gml:ValueArray>
                  </gml:rangeSet>
               </GridSeriesCoverage>
            </value>
            <parameter xlink:href="http://cfconventions.org/standard_names/northward_wind"></parameter>
         </GridSeriesFeature>
      </featureMember>
   </CSMLFeatureCollection>
   <CSMLStorageDescriptor>
      <descriptor>
         <NetCDFExtract id="EfbDm1DY">
            <arraySize>160</arraySize>
            <fileName>/badc/ipcc-ddc/data/netcdf/ar4_v2/huss/MIHR_PICTL_1_huss_o0011-0030.nc</fileName>
            <variableName>latitude</variableName>
         </NetCDFExtract>
      </descriptor>
      <descriptor>
         <NetCDFExtract id="YR2GHIbp">
            <arraySize>2</arraySize>
            <fileName>/badc/ipcc-ddc/data/netcdf/ar4_v2/huss/MIHR_PICTL_1_huss_o0011-0030.nc</fileName>
            <variableName>bounds</variableName>
         </NetCDFExtract>
      </descriptor>
      <descriptor>
         <NetCDFExtract id="FMxbBwba">
            <arraySize>320</arraySize>
            <fileName>/badc/ipcc-ddc/data/netcdf/ar4_v2/huss/MIHR_PICTL_1_huss_o0011-0030.nc</fileName>
            <variableName>longitude</variableName>
         </NetCDFExtract>
      </descriptor>
      <descriptor>
         <NetCDFExtract id="GnwFAvKg">
            <arraySize>12</arraySize>
            <fileName>/badc/ipcc-ddc/data/netcdf/ar4_v2/huss/MIHR_PICTL_1_huss_o0011-0030.nc</fileName>
            <variableName>time</variableName>
         </NetCDFExtract>
      </descriptor>
      <descriptor>
         <NetCDFExtract id="VuMOAT74">
            <arraySize>160</arraySize>
            <fileName>/badc/ipcc-ddc/data/netcdf/ar4_v2/pr/MIHR_PICTL_1_pr_o0011-0030.nc</fileName>
            <variableName>latitude</variableName>
         </NetCDFExtract>
      </descriptor>
      <descriptor>
         <NetCDFExtract id="PoT0M4Vc">
            <arraySize>2</arraySize>
            <fileName>/badc/ipcc-ddc/data/netcdf/ar4_v2/pr/MIHR_PICTL_1_pr_o0011-0030.nc</fileName>
            <variableName>bounds</variableName>
         </NetCDFExtract>
      </descriptor>
      <descriptor>
         <NetCDFExtract id="QsVf8hue">
            <arraySize>320</arraySize>
            <fileName>/badc/ipcc-ddc/data/netcdf/ar4_v2/pr/MIHR_PICTL_1_pr_o0011-0030.nc</fileName>
            <variableName>longitude</variableName>
         </NetCDFExtract>
      </descriptor>
      <descriptor>
         <NetCDFExtract id="QCb2ZifF">
            <arraySize>12</arraySize>
            <fileName>/badc/ipcc-ddc/data/netcdf/ar4_v2/pr/MIHR_PICTL_1_pr_o0011-0030.nc</fileName>
            <variableName>time</variableName>
         </NetCDFExtract>
      </descriptor>
      <descriptor>
         <NetCDFExtract id="Tw2F0hIf">
            <arraySize>160</arraySize>
            <fileName>/badc/ipcc-ddc/data/netcdf/ar4_v2/psl/MIHR_PICTL_1_psl_o0011-0030.nc</fileName>
            <variableName>latitude</variableName>
         </NetCDFExtract>
      </descriptor>
      <descriptor>
         <NetCDFExtract id="EQCLCqMB">
            <arraySize>2</arraySize>
            <fileName>/badc/ipcc-ddc/data/netcdf/ar4_v2/psl/MIHR_PICTL_1_psl_o0011-0030.nc</fileName>
            <variableName>bounds</variableName>
         </NetCDFExtract>
      </descriptor>
      <descriptor>
         <NetCDFExtract id="UyoGBd1Z">
            <arraySize>320</arraySize>
            <fileName>/badc/ipcc-ddc/data/netcdf/ar4_v2/psl/MIHR_PICTL_1_psl_o0011-0030.nc</fileName>
            <variableName>longitude</variableName>
         </NetCDFExtract>
      </descriptor>
      <descriptor>
         <NetCDFExtract id="F3ypS37A">
            <arraySize>12</arraySize>
            <fileName>/badc/ipcc-ddc/data/netcdf/ar4_v2/psl/MIHR_PICTL_1_psl_o0011-0030.nc</fileName>
            <variableName>time</variableName>
         </NetCDFExtract>
      </descriptor>
      <descriptor>
         <NetCDFExtract id="U3CwQQ3O">
            <arraySize>160</arraySize>
            <fileName>/badc/ipcc-ddc/data/netcdf/ar4_v2/rsds/MIHR_PICTL_1_rsds_o0011-0030.nc</fileName>
            <variableName>latitude</variableName>
         </NetCDFExtract>
      </descriptor>
      <descriptor>
         <NetCDFExtract id="EhDk8rpL">
            <arraySize>2</arraySize>
            <fileName>/badc/ipcc-ddc/data/netcdf/ar4_v2/rsds/MIHR_PICTL_1_rsds_o0011-0030.nc</fileName>
            <variableName>bounds</variableName>
         </NetCDFExtract>
      </descriptor>
      <descriptor>
         <NetCDFExtract id="SHrqixjI">
            <arraySize>320</arraySize>
            <fileName>/badc/ipcc-ddc/data/netcdf/ar4_v2/rsds/MIHR_PICTL_1_rsds_o0011-0030.nc</fileName>
            <variableName>longitude</variableName>
         </NetCDFExtract>
      </descriptor>
      <descriptor>
         <NetCDFExtract id="HsnaNWaB">
            <arraySize>12</arraySize>
            <fileName>/badc/ipcc-ddc/data/netcdf/ar4_v2/rsds/MIHR_PICTL_1_rsds_o0011-0030.nc</fileName>
            <variableName>time</variableName>
         </NetCDFExtract>
      </descriptor>
      <descriptor>
         <NetCDFExtract id="M7N0h6NK">
            <arraySize>160</arraySize>
            <fileName>/badc/ipcc-ddc/data/netcdf/ar4_v2/tas/MIHR_PICTL_1_tas_o0011-0030.nc</fileName>
            <variableName>latitude</variableName>
         </NetCDFExtract>
      </descriptor>
      <descriptor>
         <NetCDFExtract id="LrkVEQ42">
            <arraySize>2</arraySize>
            <fileName>/badc/ipcc-ddc/data/netcdf/ar4_v2/tas/MIHR_PICTL_1_tas_o0011-0030.nc</fileName>
            <variableName>bounds</variableName>
         </NetCDFExtract>
      </descriptor>
      <descriptor>
         <NetCDFExtract id="RqmkfoYC">
            <arraySize>320</arraySize>
            <fileName>/badc/ipcc-ddc/data/netcdf/ar4_v2/tas/MIHR_PICTL_1_tas_o0011-0030.nc</fileName>
            <variableName>longitude</variableName>
         </NetCDFExtract>
      </descriptor>
      <descriptor>
         <NetCDFExtract id="QSjyMsoi">
            <arraySize>12</arraySize>
            <fileName>/badc/ipcc-ddc/data/netcdf/ar4_v2/tas/MIHR_PICTL_1_tas_o0011-0030.nc</fileName>
            <variableName>time</variableName>
         </NetCDFExtract>
      </descriptor>
      <descriptor>
         <NetCDFExtract id="ZMPeaYuZ">
            <arraySize>160</arraySize>
            <fileName>/badc/ipcc-ddc/data/netcdf/ar4_v2/tasmax/MIHR_PICTL_1_tasmax_o0011-0030.nc</fileName>
            <variableName>latitude</variableName>
         </NetCDFExtract>
      </descriptor>
      <descriptor>
         <NetCDFExtract id="QrtDhrel">
            <arraySize>2</arraySize>
            <fileName>/badc/ipcc-ddc/data/netcdf/ar4_v2/tasmax/MIHR_PICTL_1_tasmax_o0011-0030.nc</fileName>
            <variableName>bounds</variableName>
         </NetCDFExtract>
      </descriptor>
      <descriptor>
         <NetCDFExtract id="VHFDaYIp">
            <arraySize>320</arraySize>
            <fileName>/badc/ipcc-ddc/data/netcdf/ar4_v2/tasmax/MIHR_PICTL_1_tasmax_o0011-0030.nc</fileName>
            <variableName>longitude</variableName>
         </NetCDFExtract>
      </descriptor>
      <descriptor>
         <NetCDFExtract id="QyLbpzuD">
            <arraySize>12</arraySize>
            <fileName>/badc/ipcc-ddc/data/netcdf/ar4_v2/tasmax/MIHR_PICTL_1_tasmax_o0011-0030.nc</fileName>
            <variableName>time</variableName>
         </NetCDFExtract>
      </descriptor>
      <descriptor>
         <NetCDFExtract id="Gh5D9lhV">
            <arraySize>160</arraySize>
            <fileName>/badc/ipcc-ddc/data/netcdf/ar4_v2/tasmin/MIHR_PICTL_1_tasmin_o0011-0030.nc</fileName>
            <variableName>latitude</variableName>
         </NetCDFExtract>
      </descriptor>
      <descriptor>
         <NetCDFExtract id="FZc3sw4Q">
            <arraySize>2</arraySize>
            <fileName>/badc/ipcc-ddc/data/netcdf/ar4_v2/tasmin/MIHR_PICTL_1_tasmin_o0011-0030.nc</fileName>
            <variableName>bounds</variableName>
         </NetCDFExtract>
      </descriptor>
      <descriptor>
         <NetCDFExtract id="Hcwn9ptn">
            <arraySize>320</arraySize>
            <fileName>/badc/ipcc-ddc/data/netcdf/ar4_v2/tasmin/MIHR_PICTL_1_tasmin_o0011-0030.nc</fileName>
            <variableName>longitude</variableName>
         </NetCDFExtract>
      </descriptor>
      <descriptor>
         <NetCDFExtract id="ZJ6Agsm9">
            <arraySize>12</arraySize>
            <fileName>/badc/ipcc-ddc/data/netcdf/ar4_v2/tasmin/MIHR_PICTL_1_tasmin_o0011-0030.nc</fileName>
            <variableName>time</variableName>
         </NetCDFExtract>
      </descriptor>
      <descriptor>
         <NetCDFExtract id="Ty2Dckbd">
            <arraySize>160</arraySize>
            <fileName>/badc/ipcc-ddc/data/netcdf/ar4_v2/uas/MIHR_PICTL_1_uas_o0011-0030.nc</fileName>
            <variableName>latitude</variableName>
         </NetCDFExtract>
      </descriptor>
      <descriptor>
         <NetCDFExtract id="JEqITC09">
            <arraySize>2</arraySize>
            <fileName>/badc/ipcc-ddc/data/netcdf/ar4_v2/uas/MIHR_PICTL_1_uas_o0011-0030.nc</fileName>
            <variableName>bounds</variableName>
         </NetCDFExtract>
      </descriptor>
      <descriptor>
         <NetCDFExtract id="TUU6f80Y">
            <arraySize>320</arraySize>
            <fileName>/badc/ipcc-ddc/data/netcdf/ar4_v2/uas/MIHR_PICTL_1_uas_o0011-0030.nc</fileName>
            <variableName>longitude</variableName>
         </NetCDFExtract>
      </descriptor>
      <descriptor>
         <NetCDFExtract id="DCUprBN9">
            <arraySize>12</arraySize>
            <fileName>/badc/ipcc-ddc/data/netcdf/ar4_v2/uas/MIHR_PICTL_1_uas_o0011-0030.nc</fileName>
            <variableName>time</variableName>
         </NetCDFExtract>
      </descriptor>
      <descriptor>
         <NetCDFExtract id="PhGUDy4s">
            <arraySize>160</arraySize>
            <fileName>/badc/ipcc-ddc/data/netcdf/ar4_v2/vas/MIHR_PICTL_1_vas_o0011-0030.nc</fileName>
            <variableName>latitude</variableName>
         </NetCDFExtract>
      </descriptor>
      <descriptor>
         <NetCDFExtract id="QbgOpMzG">
            <arraySize>2</arraySize>
            <fileName>/badc/ipcc-ddc/data/netcdf/ar4_v2/vas/MIHR_PICTL_1_vas_o0011-0030.nc</fileName>
            <variableName>bounds</variableName>
         </NetCDFExtract>
      </descriptor>
      <descriptor>
         <NetCDFExtract id="SJtIsyAG">
            <arraySize>320</arraySize>
            <fileName>/badc/ipcc-ddc/data/netcdf/ar4_v2/vas/MIHR_PICTL_1_vas_o0011-0030.nc</fileName>
            <variableName>longitude</variableName>
         </NetCDFExtract>
      </descriptor>
      <descriptor>
         <NetCDFExtract id="PQe0pJsQ">
            <arraySize>12</arraySize>
            <fileName>/badc/ipcc-ddc/data/netcdf/ar4_v2/vas/MIHR_PICTL_1_vas_o0011-0030.nc</fileName>
            <variableName>time</variableName>
         </NetCDFExtract>
      </descriptor>
      <descriptor>
         <AggregatedArray id="Uodmfj65">
            <arraySize>614400</arraySize>
            <uom>1</uom>
            <aggType>new</aggType>
            <aggIndex>1</aggIndex>
            <component>
               <NetCDFExtract>
                  <arraySize>12  160  320</arraySize>
                  <fileList>
                     <FileList id="DluFWFTn">
                        <fileNames>/badc/ipcc-ddc/data/netcdf/ar4_v2/huss/MIHR_PICTL_1_huss_o0011-0030.nc /badc/ipcc-ddc/data/netcdf/ar4_v2/huss/MIHR_PICTL_1_huss_o0046-0065.nc /badc/ipcc-ddc/data/netcdf/ar4_v2/huss/MIHR_PICTL_1_huss_o0080-0099.nc</fileNames>
                     </FileList>
                  </fileList>
                  <variableName>specific_humidity</variableName>
               </NetCDFExtract>
            </component>
         </AggregatedArray>
      </descriptor>
      <descriptor>
         <AggregatedArray id="JasyOY9g">
            <arraySize>614400</arraySize>
            <uom>kg.m-2.s-1</uom>
            <aggType>new</aggType>
            <aggIndex>1</aggIndex>
            <component>
               <NetCDFExtract>
                  <arraySize>12  160  320</arraySize>
                  <fileList>
                     <FileList id="BqiYjuR7">
                        <fileNames>/badc/ipcc-ddc/data/netcdf/ar4_v2/pr/MIHR_PICTL_1_pr_o0011-0030.nc /badc/ipcc-ddc/data/netcdf/ar4_v2/pr/MIHR_PICTL_1_pr_o0046-0065.nc /badc/ipcc-ddc/data/netcdf/ar4_v2/pr/MIHR_PICTL_1_pr_o0080-0099.nc</fileNames>
                     </FileList>
                  </fileList>
                  <variableName>precipitation_flux</variableName>
               </NetCDFExtract>
            </component>
         </AggregatedArray>
      </descriptor>
      <descriptor>
         <AggregatedArray id="EpPF8ATv">
            <arraySize>614400</arraySize>
            <uom>Pa</uom>
            <aggType>new</aggType>
            <aggIndex>1</aggIndex>
            <component>
               <NetCDFExtract>
                  <arraySize>12  160  320</arraySize>
                  <fileList>
                     <FileList id="NAigTkAr">
                        <fileNames>/badc/ipcc-ddc/data/netcdf/ar4_v2/psl/MIHR_PICTL_1_psl_o0011-0030.nc /badc/ipcc-ddc/data/netcdf/ar4_v2/psl/MIHR_PICTL_1_psl_o0046-0065.nc /badc/ipcc-ddc/data/netcdf/ar4_v2/psl/MIHR_PICTL_1_psl_o0080-0099.nc</fileNames>
                     </FileList>
                  </fileList>
                  <variableName>air_pressure_at_sea_level</variableName>
               </NetCDFExtract>
            </component>
         </AggregatedArray>
      </descriptor>
      <descriptor>
         <AggregatedArray id="DW3dSIzU">
            <arraySize>614400</arraySize>
            <uom>W.m-2</uom>
            <aggType>new</aggType>
            <aggIndex>1</aggIndex>
            <component>
               <NetCDFExtract>
                  <arraySize>12  160  320</arraySize>
                  <fileList>
                     <FileList id="RX07lMVk">
                        <fileNames>/badc/ipcc-ddc/data/netcdf/ar4_v2/rsds/MIHR_PICTL_1_rsds_o0011-0030.nc /badc/ipcc-ddc/data/netcdf/ar4_v2/rsds/MIHR_PICTL_1_rsds_o0046-0065.nc /badc/ipcc-ddc/data/netcdf/ar4_v2/rsds/MIHR_PICTL_1_rsds_o0080-0099.nc</fileNames>
                     </FileList>
                  </fileList>
                  <variableName>surface_downwelling_shortwave_flux_in_air</variableName>
               </NetCDFExtract>
            </component>
         </AggregatedArray>
      </descriptor>
      <descriptor>
         <AggregatedArray id="VmSJ8Vl1">
            <arraySize>614400</arraySize>
            <uom>K</uom>
            <aggType>new</aggType>
            <aggIndex>1</aggIndex>
            <component>
               <NetCDFExtract>
                  <arraySize>12  160  320</arraySize>
                  <fileList>
                     <FileList id="R2FsLpoQ">
                        <fileNames>/badc/ipcc-ddc/data/netcdf/ar4_v2/tas/MIHR_PICTL_1_tas_o0011-0030.nc /badc/ipcc-ddc/data/netcdf/ar4_v2/tas/MIHR_PICTL_1_tas_o0046-0065.nc /badc/ipcc-ddc/data/netcdf/ar4_v2/tas/MIHR_PICTL_1_tas_o0080-0099.nc</fileNames>
                     </FileList>
                  </fileList>
                  <variableName>air_temperature</variableName>
               </NetCDFExtract>
            </component>
         </AggregatedArray>
      </descriptor>
      <descriptor>
         <AggregatedArray id="Xc6qPkxR">
            <arraySize>614400</arraySize>
            <uom>K</uom>
            <aggType>new</aggType>
            <aggIndex>1</aggIndex>
            <component>
               <NetCDFExtract>
                  <arraySize>12  160  320</arraySize>
                  <fileList>
                     <FileList id="SbTm5kcw">
                        <fileNames>/badc/ipcc-ddc/data/netcdf/ar4_v2/tasmax/MIHR_PICTL_1_tasmax_o0011-0030.nc /badc/ipcc-ddc/data/netcdf/ar4_v2/tasmax/MIHR_PICTL_1_tasmax_o0046-0065.nc /badc/ipcc-ddc/data/netcdf/ar4_v2/tasmax/MIHR_PICTL_1_tasmax_o0080-0099.nc</fileNames>
                     </FileList>
                  </fileList>
                  <variableName>air_temperature_daily_max</variableName>
               </NetCDFExtract>
            </component>
         </AggregatedArray>
      </descriptor>
      <descriptor>
         <AggregatedArray id="C4dGrDnB">
            <arraySize>614400</arraySize>
            <uom>K</uom>
            <aggType>new</aggType>
            <aggIndex>1</aggIndex>
            <component>
               <NetCDFExtract>
                  <arraySize>12  160  320</arraySize>
                  <fileList>
                     <FileList id="WQSGKrDX">
                        <fileNames>/badc/ipcc-ddc/data/netcdf/ar4_v2/tasmin/MIHR_PICTL_1_tasmin_o0011-0030.nc /badc/ipcc-ddc/data/netcdf/ar4_v2/tasmin/MIHR_PICTL_1_tasmin_o0046-0065.nc /badc/ipcc-ddc/data/netcdf/ar4_v2/tasmin/MIHR_PICTL_1_tasmin_o0080-0099.nc</fileNames>
                     </FileList>
                  </fileList>
                  <variableName>air_temperature_daily_min</variableName>
               </NetCDFExtract>
            </component>
         </AggregatedArray>
      </descriptor>
      <descriptor>
         <AggregatedArray id="XgyGuAUm">
            <arraySize>614400</arraySize>
            <uom>m.s-1</uom>
            <aggType>new</aggType>
            <aggIndex>1</aggIndex>
            <component>
               <NetCDFExtract>
                  <arraySize>12  160  320</arraySize>
                  <fileList>
                     <FileList id="A34uCDuF">
                        <fileNames>/badc/ipcc-ddc/data/netcdf/ar4_v2/uas/MIHR_PICTL_1_uas_o0011-0030.nc /badc/ipcc-ddc/data/netcdf/ar4_v2/uas/MIHR_PICTL_1_uas_o0046-0065.nc /badc/ipcc-ddc/data/netcdf/ar4_v2/uas/MIHR_PICTL_1_uas_o0080-0099.nc</fileNames>
                     </FileList>
                  </fileList>
                  <variableName>eastward_wind</variableName>
               </NetCDFExtract>
            </component>
         </AggregatedArray>
      </descriptor>
      <descriptor>
         <AggregatedArray id="SwLlSky6">
            <arraySize>614400</arraySize>
            <uom>m.s-1</uom>
            <aggType>new</aggType>
            <aggIndex>1</aggIndex>
            <component>
               <NetCDFExtract>
                  <arraySize>12  160  320</arraySize>
                  <fileList>
                     <FileList id="CXwghPbz">
                        <fileNames>/badc/ipcc-ddc/data/netcdf/ar4_v2/vas/MIHR_PICTL_1_vas_o0011-0030.nc /badc/ipcc-ddc/data/netcdf/ar4_v2/vas/MIHR_PICTL_1_vas_o0046-0065.nc /badc/ipcc-ddc/data/netcdf/ar4_v2/vas/MIHR_PICTL_1_vas_o0080-0099.nc</fileNames>
                     </FileList>
                  </fileList>
                  <variableName>northward_wind</variableName>
               </NetCDFExtract>
            </component>
         </AggregatedArray>
      </descriptor>
   </CSMLStorageDescriptor>
</Dataset>