<?xml version="1.0" encoding="UTF-8"?><Dataset xmlns="http://ndg.nerc.ac.uk/csml"  xmlns:gml="http://www.opengis.net/gml" xmlns:om="http://www.opengis.net/om" xmlns:swe="http://www.opengis.net/swe"  xmlns:xsi="http://www.w3.org/2001/XMLSchema-instance" xmlns:moles="http://ndg.nerc.ac.uk/moles"  xmlns:xlink="http://www.w3.org/1999/xlink" xsi:schemaLocation="http://ndg.nerc.ac.uk/csml/ schemas/csmlDataset.xsd" id="ar4_GFCM21_1PTO4X_change_30">
   <name>Scenario: 1PTO4X - Model: GFCM21 - 30 year mean anomaly</name>
   <AccessControlPolicy>
      <dgSecurityCondition>
         <moles:effect>allow</moles:effect>
         <moles:simpleCondition>
            <moles:dgAttributeAuthority>http://aa.ceda.rl.ac.uk/</moles:dgAttributeAuthority>
            <moles:attrauthRole>badc</moles:attrauthRole>
         </moles:simpleCondition>
      </dgSecurityCondition>
   </AccessControlPolicy>
   <CSMLFeatureCollection gml:id="JBradxGe">
      <gml:metaDataProperty></gml:metaDataProperty>
      <gml:boundedBy>
         <gml:EnvelopeWithTimePeriod srsName="WGS84">
            <gml:lowerCorner>0.0 -90.0</gml:lowerCorner>
            <gml:upperCorner>360.0 90.0</gml:upperCorner>
            <gml:beginPosition>16-01-16T00:00:00.0</gml:beginPosition>
            <gml:endPosition>85-12-16T00:00:00.0</gml:endPosition>
         </gml:EnvelopeWithTimePeriod>
      </gml:boundedBy>
      <featureMember>
         <GridSeriesFeature gml:id="precipitation_flux_anomaly">
            <gml:description>missing description</gml:description>
            <gml:name>precipitation_flux_anomaly</gml:name>
            <gml:boundedBy>
               <gml:EnvelopeWithTimePeriod srsName="WGS84">
                  <gml:lowerCorner>0.0 -90.0</gml:lowerCorner>
                  <gml:upperCorner>360.0 90.0</gml:upperCorner>
                  <gml:beginPosition>16-01-16T00:00:00.0</gml:beginPosition>
                  <gml:endPosition>85-12-16T00:00:00.0</gml:endPosition>
               </gml:EnvelopeWithTimePeriod>
            </gml:boundedBy>
            <value>
               <GridSeriesCoverage gml:id="VY0gD2m9">
                  <gridSeriesDomain>
                     <GridSeriesDomain srsName="ndg:crs:lonlatt" uomLabels="degree_east degree_north days_since_0002-01-01" gml:id="JyRDAd1g" axisLabels="longitude latitude time" dimension="3" srsDimension="3">
                        <limits>
                           <gml:GridEnvelope>
                              <gml:low>0 0 0</gml:low>
                              <gml:high>0 0 0</gml:high>
                           </gml:GridEnvelope>
                        </limits>
                        <axisLabels>time latitude longitude</axisLabels>
                        <coordTransformTable>
                           <GridCoordinatesTable>
                              <gridOrdinate>
                                 <GridOrdinateDescription>
                                    <coordAxisLabel>time</coordAxisLabel>
                                    <coordAxisValues>
                                       <SpatialOrTemporalPositionList gml:id="GI9hEEhv">
                                          <timePositionList frame="ndg:standard">16-01-16T00:00:00.0 16-02-16T00:00:00.0 16-03-16T00:00:00.0 16-04-16T00:00:00.0 16-05-16T00:00:00.0 16-06-16T00:00:00.0 16-07-16T00:00:00.0 16-08-16T00:00:00.0 16-09-16T00:00:00.0 16-10-16T00:00:00.0 16-11-16T00:00:00.0 16-12-16T00:00:00.0 25-01-16T00:00:00.0 25-02-16T00:00:00.0 25-03-16T00:00:00.0 25-04-16T00:00:00.0 25-05-16T00:00:00.0 25-06-16T00:00:00.0 25-07-16T00:00:00.0 25-08-16T00:00:00.0 25-09-16T00:00:00.0 25-10-16T00:00:00.0 25-11-16T00:00:00.0 25-12-16T00:00:00.0 46-01-16T00:00:00.0 46-02-16T00:00:00.0 46-03-16T00:00:00.0 46-04-16T00:00:00.0 46-05-16T00:00:00.0 46-06-16T00:00:00.0 46-07-16T00:00:00.0 46-08-16T00:00:00.0 46-09-16T00:00:00.0 46-10-16T00:00:00.0 46-11-16T00:00:00.0 46-12-16T00:00:00.0 55-01-16T00:00:00.0 55-02-16T00:00:00.0 55-03-16T00:00:00.0 55-04-16T00:00:00.0 55-05-16T00:00:00.0 55-06-16T00:00:00.0 55-07-16T00:00:00.0 55-08-16T00:00:00.0 55-09-16T00:00:00.0 55-10-16T00:00:00.0 55-11-16T00:00:00.0 55-12-16T00:00:00.0 76-01-16T00:00:00.0 76-02-16T00:00:00.0 76-03-16T00:00:00.0 76-04-16T00:00:00.0 76-05-16T00:00:00.0 76-06-16T00:00:00.0 76-07-16T00:00:00.0 76-08-16T00:00:00.0 76-09-16T00:00:00.0 76-10-16T00:00:00.0 76-11-16T00:00:00.0 76-12-16T00:00:00.0 85-01-16T00:00:00.0 85-02-16T00:00:00.0 85-03-16T00:00:00.0 85-04-16T00:00:00.0 85-05-16T00:00:00.0 85-06-16T00:00:00.0 85-07-16T00:00:00.0 85-08-16T00:00:00.0 85-09-16T00:00:00.0 85-10-16T00:00:00.0 85-11-16T00:00:00.0 85-12-16T00:00:00.0</timePositionList>
                                       </SpatialOrTemporalPositionList>
                                    </coordAxisValues>
                                    <gridAxesSpanned>time</gridAxesSpanned>
                                    <sequenceRule axisOrder="+1">Linear</sequenceRule>
                                 </GridOrdinateDescription>
                              </gridOrdinate>
                              <gridOrdinate>
                                 <GridOrdinateDescription>
                                    <coordAxisLabel>latitude</coordAxisLabel>
                                    <coordAxisValues xlink:href="#RZqOXrUQ" xlink:show="embed" xlink:arcrole="coordinateList" xlink:role="http://ndg.nerc.ac.uk/fileFormat/csmlStorageDescriptor">
                                       <SpatialOrTemporalPositionList gml:id="CZ9LPH7T">
                                          <coordinateList></coordinateList>
                                       </SpatialOrTemporalPositionList>
                                    </coordAxisValues>
                                    <gridAxesSpanned>latitude</gridAxesSpanned>
                                    <sequenceRule axisOrder="+1">Linear</sequenceRule>
                                 </GridOrdinateDescription>
                              </gridOrdinate>
                              <gridOrdinate>
                                 <GridOrdinateDescription>
                                    <coordAxisLabel>longitude</coordAxisLabel>
                                    <coordAxisValues xlink:href="#TBKPEEKO" xlink:show="embed" xlink:arcrole="coordinateList" xlink:role="http://ndg.nerc.ac.uk/fileFormat/csmlStorageDescriptor">
                                       <SpatialOrTemporalPositionList gml:id="RFVzb90j">
                                          <coordinateList></coordinateList>
                                       </SpatialOrTemporalPositionList>
                                    </coordAxisValues>
                                    <gridAxesSpanned>longitude</gridAxesSpanned>
                                    <sequenceRule axisOrder="+1">Linear</sequenceRule>
                                 </GridOrdinateDescription>
                              </gridOrdinate>
                           </GridCoordinatesTable>
                        </coordTransformTable>
                     </GridSeriesDomain>
                  </gridSeriesDomain>
                  <gml:rangeSet>
                     <gml:ValueArray gml:id="Goxv2C2u">
                        <gml:valueComponent xlink:href="#SvOHVimI" xlink:show="embed" xlink:arcrole="QuantityList" xlink:role="http://ndg.nerc.ac.uk/fileFormat/csmlStorageDescriptor">
                           <gml:QuantityList uom="kg.m-2.s-1"></gml:QuantityList>
                        </gml:valueComponent>
                     </gml:ValueArray>
                  </gml:rangeSet>
               </GridSeriesCoverage>
            </value>
            <parameter xlink:href="http://cfconventions.org/standard_names/precipitation_flux_anomaly"></parameter>
         </GridSeriesFeature>
      </featureMember>
      <featureMember>
         <GridSeriesFeature gml:id="air_pressure_at_sea_level_anomaly">
            <gml:description>missing description</gml:description>
            <gml:name>air_pressure_at_sea_level_anomaly</gml:name>
            <gml:boundedBy>
               <gml:EnvelopeWithTimePeriod srsName="WGS84">
                  <gml:lowerCorner>0.0 -90.0</gml:lowerCorner>
                  <gml:upperCorner>360.0 90.0</gml:upperCorner>
                  <gml:beginPosition>16-01-16T00:00:00.0</gml:beginPosition>
                  <gml:endPosition>85-12-16T00:00:00.0</gml:endPosition>
               </gml:EnvelopeWithTimePeriod>
            </gml:boundedBy>
            <value>
               <GridSeriesCoverage gml:id="HiJfWfRm">
                  <gridSeriesDomain>
                     <GridSeriesDomain srsName="ndg:crs:lonlatt" uomLabels="degree_east degree_north days_since_0002-01-01" gml:id="OZ9e3a6I" axisLabels="longitude latitude time" dimension="3" srsDimension="3">
                        <limits>
                           <gml:GridEnvelope>
                              <gml:low>0 0 0</gml:low>
                              <gml:high>0 0 0</gml:high>
                           </gml:GridEnvelope>
                        </limits>
                        <axisLabels>time latitude longitude</axisLabels>
                        <coordTransformTable>
                           <GridCoordinatesTable>
                              <gridOrdinate>
                                 <GridOrdinateDescription>
                                    <coordAxisLabel>time</coordAxisLabel>
                                    <coordAxisValues>
                                       <SpatialOrTemporalPositionList gml:id="ApBNVBQa">
                                          <timePositionList frame="ndg:standard">16-01-16T00:00:00.0 16-02-16T00:00:00.0 16-03-16T00:00:00.0 16-04-16T00:00:00.0 16-05-16T00:00:00.0 16-06-16T00:00:00.0 16-07-16T00:00:00.0 16-08-16T00:00:00.0 16-09-16T00:00:00.0 16-10-16T00:00:00.0 16-11-16T00:00:00.0 16-12-16T00:00:00.0 25-01-16T00:00:00.0 25-02-16T00:00:00.0 25-03-16T00:00:00.0 25-04-16T00:00:00.0 25-05-16T00:00:00.0 25-06-16T00:00:00.0 25-07-16T00:00:00.0 25-08-16T00:00:00.0 25-09-16T00:00:00.0 25-10-16T00:00:00.0 25-11-16T00:00:00.0 25-12-16T00:00:00.0 46-01-16T00:00:00.0 46-02-16T00:00:00.0 46-03-16T00:00:00.0 46-04-16T00:00:00.0 46-05-16T00:00:00.0 46-06-16T00:00:00.0 46-07-16T00:00:00.0 46-08-16T00:00:00.0 46-09-16T00:00:00.0 46-10-16T00:00:00.0 46-11-16T00:00:00.0 46-12-16T00:00:00.0 55-01-16T00:00:00.0 55-02-16T00:00:00.0 55-03-16T00:00:00.0 55-04-16T00:00:00.0 55-05-16T00:00:00.0 55-06-16T00:00:00.0 55-07-16T00:00:00.0 55-08-16T00:00:00.0 55-09-16T00:00:00.0 55-10-16T00:00:00.0 55-11-16T00:00:00.0 55-12-16T00:00:00.0 76-01-16T00:00:00.0 76-02-16T00:00:00.0 76-03-16T00:00:00.0 76-04-16T00:00:00.0 76-05-16T00:00:00.0 76-06-16T00:00:00.0 76-07-16T00:00:00.0 76-08-16T00:00:00.0 76-09-16T00:00:00.0 76-10-16T00:00:00.0 76-11-16T00:00:00.0 76-12-16T00:00:00.0 85-01-16T00:00:00.0 85-02-16T00:00:00.0 85-03-16T00:00:00.0 85-04-16T00:00:00.0 85-05-16T00:00:00.0 85-06-16T00:00:00.0 85-07-16T00:00:00.0 85-08-16T00:00:00.0 85-09-16T00:00:00.0 85-10-16T00:00:00.0 85-11-16T00:00:00.0 85-12-16T00:00:00.0</timePositionList>
                                       </SpatialOrTemporalPositionList>
                                    </coordAxisValues>
                                    <gridAxesSpanned>time</gridAxesSpanned>
                                    <sequenceRule axisOrder="+1">Linear</sequenceRule>
                                 </GridOrdinateDescription>
                              </gridOrdinate>
                              <gridOrdinate>
                                 <GridOrdinateDescription>
                                    <coordAxisLabel>latitude</coordAxisLabel>
                                    <coordAxisValues xlink:href="#AMupbBgA" xlink:show="embed" xlink:arcrole="coordinateList" xlink:role="http://ndg.nerc.ac.uk/fileFormat/csmlStorageDescriptor">
                                       <SpatialOrTemporalPositionList gml:id="Yq82B0pa">
                                          <coordinateList></coordinateList>
                                       </SpatialOrTemporalPositionList>
                                    </coordAxisValues>
                                    <gridAxesSpanned>latitude</gridAxesSpanned>
                                    <sequenceRule axisOrder="+1">Linear</sequenceRule>
                                 </GridOrdinateDescription>
                              </gridOrdinate>
                              <gridOrdinate>
                                 <GridOrdinateDescription>
                                    <coordAxisLabel>longitude</coordAxisLabel>
                                    <coordAxisValues xlink:href="#AdVoxwfd" xlink:show="embed" xlink:arcrole="coordinateList" xlink:role="http://ndg.nerc.ac.uk/fileFormat/csmlStorageDescriptor">
                                       <SpatialOrTemporalPositionList gml:id="APG6BL0d">
                                          <coordinateList></coordinateList>
                                       </SpatialOrTemporalPositionList>
                                    </coordAxisValues>
                                    <gridAxesSpanned>longitude</gridAxesSpanned>
                                    <sequenceRule axisOrder="+1">Linear</sequenceRule>
                                 </GridOrdinateDescription>
                              </gridOrdinate>
                           </GridCoordinatesTable>
                        </coordTransformTable>
                     </GridSeriesDomain>
                  </gridSeriesDomain>
                  <gml:rangeSet>
                     <gml:ValueArray gml:id="UFDqf3io">
                        <gml:valueComponent xlink:href="#OpkovhkD" xlink:show="embed" xlink:arcrole="QuantityList" xlink:role="http://ndg.nerc.ac.uk/fileFormat/csmlStorageDescriptor">
                           <gml:QuantityList uom="Pa"></gml:QuantityList>
                        </gml:valueComponent>
                     </gml:ValueArray>
                  </gml:rangeSet>
               </GridSeriesCoverage>
            </value>
            <parameter xlink:href="http://cfconventions.org/standard_names/air_pressure_at_sea_level_anomaly"></parameter>
         </GridSeriesFeature>
      </featureMember>
      <featureMember>
         <GridSeriesFeature gml:id="surface_downwelling_shortwave_flux_in_air_anomaly">
            <gml:description>missing description</gml:description>
            <gml:name>surface_downwelling_shortwave_flux_in_air_anomaly</gml:name>
            <gml:boundedBy>
               <gml:EnvelopeWithTimePeriod srsName="WGS84">
                  <gml:lowerCorner>0.0 -90.0</gml:lowerCorner>
                  <gml:upperCorner>360.0 90.0</gml:upperCorner>
                  <gml:beginPosition>16-01-16T00:00:00.0</gml:beginPosition>
                  <gml:endPosition>85-12-16T00:00:00.0</gml:endPosition>
               </gml:EnvelopeWithTimePeriod>
            </gml:boundedBy>
            <value>
               <GridSeriesCoverage gml:id="JShSr9yf">
                  <gridSeriesDomain>
                     <GridSeriesDomain srsName="ndg:crs:lonlatt" uomLabels="degree_east degree_north days_since_0002-01-01" gml:id="BxYIXjkK" axisLabels="longitude latitude time" dimension="3" srsDimension="3">
                        <limits>
                           <gml:GridEnvelope>
                              <gml:low>0 0 0</gml:low>
                              <gml:high>0 0 0</gml:high>
                           </gml:GridEnvelope>
                        </limits>
                        <axisLabels>time latitude longitude</axisLabels>
                        <coordTransformTable>
                           <GridCoordinatesTable>
                              <gridOrdinate>
                                 <GridOrdinateDescription>
                                    <coordAxisLabel>time</coordAxisLabel>
                                    <coordAxisValues>
                                       <SpatialOrTemporalPositionList gml:id="Ja36pCnE">
                                          <timePositionList frame="ndg:standard">16-01-16T00:00:00.0 16-02-16T00:00:00.0 16-03-16T00:00:00.0 16-04-16T00:00:00.0 16-05-16T00:00:00.0 16-06-16T00:00:00.0 16-07-16T00:00:00.0 16-08-16T00:00:00.0 16-09-16T00:00:00.0 16-10-16T00:00:00.0 16-11-16T00:00:00.0 16-12-16T00:00:00.0 25-01-16T00:00:00.0 25-02-16T00:00:00.0 25-03-16T00:00:00.0 25-04-16T00:00:00.0 25-05-16T00:00:00.0 25-06-16T00:00:00.0 25-07-16T00:00:00.0 25-08-16T00:00:00.0 25-09-16T00:00:00.0 25-10-16T00:00:00.0 25-11-16T00:00:00.0 25-12-16T00:00:00.0 46-01-16T00:00:00.0 46-02-16T00:00:00.0 46-03-16T00:00:00.0 46-04-16T00:00:00.0 46-05-16T00:00:00.0 46-06-16T00:00:00.0 46-07-16T00:00:00.0 46-08-16T00:00:00.0 46-09-16T00:00:00.0 46-10-16T00:00:00.0 46-11-16T00:00:00.0 46-12-16T00:00:00.0 55-01-16T00:00:00.0 55-02-16T00:00:00.0 55-03-16T00:00:00.0 55-04-16T00:00:00.0 55-05-16T00:00:00.0 55-06-16T00:00:00.0 55-07-16T00:00:00.0 55-08-16T00:00:00.0 55-09-16T00:00:00.0 55-10-16T00:00:00.0 55-11-16T00:00:00.0 55-12-16T00:00:00.0 76-01-16T00:00:00.0 76-02-16T00:00:00.0 76-03-16T00:00:00.0 76-04-16T00:00:00.0 76-05-16T00:00:00.0 76-06-16T00:00:00.0 76-07-16T00:00:00.0 76-08-16T00:00:00.0 76-09-16T00:00:00.0 76-10-16T00:00:00.0 76-11-16T00:00:00.0 76-12-16T00:00:00.0 85-01-16T00:00:00.0 85-02-16T00:00:00.0 85-03-16T00:00:00.0 85-04-16T00:00:00.0 85-05-16T00:00:00.0 85-06-16T00:00:00.0 85-07-16T00:00:00.0 85-08-16T00:00:00.0 85-09-16T00:00:00.0 85-10-16T00:00:00.0 85-11-16T00:00:00.0 85-12-16T00:00:00.0</timePositionList>
                                       </SpatialOrTemporalPositionList>
                                    </coordAxisValues>
                                    <gridAxesSpanned>time</gridAxesSpanned>
                                    <sequenceRule axisOrder="+1">Linear</sequenceRule>
                                 </GridOrdinateDescription>
                              </gridOrdinate>
                              <gridOrdinate>
                                 <GridOrdinateDescription>
                                    <coordAxisLabel>latitude</coordAxisLabel>
                                    <coordAxisValues xlink:href="#APVRN57O" xlink:show="embed" xlink:arcrole="coordinateList" xlink:role="http://ndg.nerc.ac.uk/fileFormat/csmlStorageDescriptor">
                                       <SpatialOrTemporalPositionList gml:id="JhQedd99">
                                          <coordinateList></coordinateList>
                                       </SpatialOrTemporalPositionList>
                                    </coordAxisValues>
                                    <gridAxesSpanned>latitude</gridAxesSpanned>
                                    <sequenceRule axisOrder="+1">Linear</sequenceRule>
                                 </GridOrdinateDescription>
                              </gridOrdinate>
                              <gridOrdinate>
                                 <GridOrdinateDescription>
                                    <coordAxisLabel>longitude</coordAxisLabel>
                                    <coordAxisValues xlink:href="#GVUdihQC" xlink:show="embed" xlink:arcrole="coordinateList" xlink:role="http://ndg.nerc.ac.uk/fileFormat/csmlStorageDescriptor">
                                       <SpatialOrTemporalPositionList gml:id="Z1UCVeAH">
                                          <coordinateList></coordinateList>
                                       </SpatialOrTemporalPositionList>
                                    </coordAxisValues>
                                    <gridAxesSpanned>longitude</gridAxesSpanned>
                                    <sequenceRule axisOrder="+1">Linear</sequenceRule>
                                 </GridOrdinateDescription>
                              </gridOrdinate>
                           </GridCoordinatesTable>
                        </coordTransformTable>
                     </GridSeriesDomain>
                  </gridSeriesDomain>
                  <gml:rangeSet>
                     <gml:ValueArray gml:id="QyBhPslt">
                        <gml:valueComponent xlink:href="#BQkraYrW" xlink:show="embed" xlink:arcrole="QuantityList" xlink:role="http://ndg.nerc.ac.uk/fileFormat/csmlStorageDescriptor">
                           <gml:QuantityList uom="W.m-2"></gml:QuantityList>
                        </gml:valueComponent>
                     </gml:ValueArray>
                  </gml:rangeSet>
               </GridSeriesCoverage>
            </value>
            <parameter xlink:href="http://cfconventions.org/standard_names/surface_downwelling_shortwave_flux_in_air_anomaly"></parameter>
         </GridSeriesFeature>
      </featureMember>
      <featureMember>
         <GridSeriesFeature gml:id="air_temperature_anomaly">
            <gml:description>missing description</gml:description>
            <gml:name>air_temperature_anomaly</gml:name>
            <gml:boundedBy>
               <gml:EnvelopeWithTimePeriod srsName="WGS84">
                  <gml:lowerCorner>0.0 -90.0</gml:lowerCorner>
                  <gml:upperCorner>360.0 90.0</gml:upperCorner>
                  <gml:beginPosition>16-01-16T00:00:00.0</gml:beginPosition>
                  <gml:endPosition>85-12-16T00:00:00.0</gml:endPosition>
               </gml:EnvelopeWithTimePeriod>
            </gml:boundedBy>
            <value>
               <GridSeriesCoverage gml:id="JHqJrvgF">
                  <gridSeriesDomain>
                     <GridSeriesDomain srsName="ndg:crs:lonlatt" uomLabels="degree_east degree_north days_since_0002-01-01" gml:id="LZ0hJSN2" axisLabels="longitude latitude time" dimension="3" srsDimension="3">
                        <limits>
                           <gml:GridEnvelope>
                              <gml:low>0 0 0</gml:low>
                              <gml:high>0 0 0</gml:high>
                           </gml:GridEnvelope>
                        </limits>
                        <axisLabels>time latitude longitude</axisLabels>
                        <coordTransformTable>
                           <GridCoordinatesTable>
                              <gridOrdinate>
                                 <GridOrdinateDescription>
                                    <coordAxisLabel>time</coordAxisLabel>
                                    <coordAxisValues>
                                       <SpatialOrTemporalPositionList gml:id="VP3pM1H9">
                                          <timePositionList frame="ndg:standard">16-01-16T00:00:00.0 16-02-16T00:00:00.0 16-03-16T00:00:00.0 16-04-16T00:00:00.0 16-05-16T00:00:00.0 16-06-16T00:00:00.0 16-07-16T00:00:00.0 16-08-16T00:00:00.0 16-09-16T00:00:00.0 16-10-16T00:00:00.0 16-11-16T00:00:00.0 16-12-16T00:00:00.0 25-01-16T00:00:00.0 25-02-16T00:00:00.0 25-03-16T00:00:00.0 25-04-16T00:00:00.0 25-05-16T00:00:00.0 25-06-16T00:00:00.0 25-07-16T00:00:00.0 25-08-16T00:00:00.0 25-09-16T00:00:00.0 25-10-16T00:00:00.0 25-11-16T00:00:00.0 25-12-16T00:00:00.0 46-01-16T00:00:00.0 46-02-16T00:00:00.0 46-03-16T00:00:00.0 46-04-16T00:00:00.0 46-05-16T00:00:00.0 46-06-16T00:00:00.0 46-07-16T00:00:00.0 46-08-16T00:00:00.0 46-09-16T00:00:00.0 46-10-16T00:00:00.0 46-11-16T00:00:00.0 46-12-16T00:00:00.0 55-01-16T00:00:00.0 55-02-16T00:00:00.0 55-03-16T00:00:00.0 55-04-16T00:00:00.0 55-05-16T00:00:00.0 55-06-16T00:00:00.0 55-07-16T00:00:00.0 55-08-16T00:00:00.0 55-09-16T00:00:00.0 55-10-16T00:00:00.0 55-11-16T00:00:00.0 55-12-16T00:00:00.0 76-01-16T00:00:00.0 76-02-16T00:00:00.0 76-03-16T00:00:00.0 76-04-16T00:00:00.0 76-05-16T00:00:00.0 76-06-16T00:00:00.0 76-07-16T00:00:00.0 76-08-16T00:00:00.0 76-09-16T00:00:00.0 76-10-16T00:00:00.0 76-11-16T00:00:00.0 76-12-16T00:00:00.0 85-01-16T00:00:00.0 85-02-16T00:00:00.0 85-03-16T00:00:00.0 85-04-16T00:00:00.0 85-05-16T00:00:00.0 85-06-16T00:00:00.0 85-07-16T00:00:00.0 85-08-16T00:00:00.0 85-09-16T00:00:00.0 85-10-16T00:00:00.0 85-11-16T00:00:00.0 85-12-16T00:00:00.0</timePositionList>
                                       </SpatialOrTemporalPositionList>
                                    </coordAxisValues>
                                    <gridAxesSpanned>time</gridAxesSpanned>
                                    <sequenceRule axisOrder="+1">Linear</sequenceRule>
                                 </GridOrdinateDescription>
                              </gridOrdinate>
                              <gridOrdinate>
                                 <GridOrdinateDescription>
                                    <coordAxisLabel>latitude</coordAxisLabel>
                                    <coordAxisValues xlink:href="#Xi0RMiZq" xlink:show="embed" xlink:arcrole="coordinateList" xlink:role="http://ndg.nerc.ac.uk/fileFormat/csmlStorageDescriptor">
                                       <SpatialOrTemporalPositionList gml:id="P5a3kb5h">
                                          <coordinateList></coordinateList>
                                       </SpatialOrTemporalPositionList>
                                    </coordAxisValues>
                                    <gridAxesSpanned>latitude</gridAxesSpanned>
                                    <sequenceRule axisOrder="+1">Linear</sequenceRule>
                                 </GridOrdinateDescription>
                              </gridOrdinate>
                              <gridOrdinate>
                                 <GridOrdinateDescription>
                                    <coordAxisLabel>longitude</coordAxisLabel>
                                    <coordAxisValues xlink:href="#KbjHhDye" xlink:show="embed" xlink:arcrole="coordinateList" xlink:role="http://ndg.nerc.ac.uk/fileFormat/csmlStorageDescriptor">
                                       <SpatialOrTemporalPositionList gml:id="PyVy4QV5">
                                          <coordinateList></coordinateList>
                                       </SpatialOrTemporalPositionList>
                                    </coordAxisValues>
                                    <gridAxesSpanned>longitude</gridAxesSpanned>
                                    <sequenceRule axisOrder="+1">Linear</sequenceRule>
                                 </GridOrdinateDescription>
                              </gridOrdinate>
                           </GridCoordinatesTable>
                        </coordTransformTable>
                     </GridSeriesDomain>
                  </gridSeriesDomain>
                  <gml:rangeSet>
                     <gml:ValueArray gml:id="Ho1DbX94">
                        <gml:valueComponent xlink:href="#GAl51Xhg" xlink:show="embed" xlink:arcrole="QuantityList" xlink:role="http://ndg.nerc.ac.uk/fileFormat/csmlStorageDescriptor">
                           <gml:QuantityList uom="K"></gml:QuantityList>
                        </gml:valueComponent>
                     </gml:ValueArray>
                  </gml:rangeSet>
               </GridSeriesCoverage>
            </value>
            <parameter xlink:href="http://cfconventions.org/standard_names/air_temperature_anomaly"></parameter>
         </GridSeriesFeature>
      </featureMember>
      <featureMember>
         <GridSeriesFeature gml:id="eastward_wind_anomaly">
            <gml:description>missing description</gml:description>
            <gml:name>eastward_wind_anomaly</gml:name>
            <gml:boundedBy>
               <gml:EnvelopeWithTimePeriod srsName="WGS84">
                  <gml:lowerCorner>0.0 -90.0</gml:lowerCorner>
                  <gml:upperCorner>360.0 90.0</gml:upperCorner>
                  <gml:beginPosition>16-01-16T00:00:00.0</gml:beginPosition>
                  <gml:endPosition>85-12-16T00:00:00.0</gml:endPosition>
               </gml:EnvelopeWithTimePeriod>
            </gml:boundedBy>
            <value>
               <GridSeriesCoverage gml:id="XlQRAvEP">
                  <gridSeriesDomain>
                     <GridSeriesDomain srsName="ndg:crs:lonlatt" uomLabels="degree_east degree_north days_since_0002-01-01" gml:id="Wbh01rNc" axisLabels="longitude latitude time" dimension="3" srsDimension="3">
                        <limits>
                           <gml:GridEnvelope>
                              <gml:low>0 0 0</gml:low>
                              <gml:high>0 0 0</gml:high>
                           </gml:GridEnvelope>
                        </limits>
                        <axisLabels>time latitude longitude</axisLabels>
                        <coordTransformTable>
                           <GridCoordinatesTable>
                              <gridOrdinate>
                                 <GridOrdinateDescription>
                                    <coordAxisLabel>time</coordAxisLabel>
                                    <coordAxisValues>
                                       <SpatialOrTemporalPositionList gml:id="NTiviEeI">
                                          <timePositionList frame="ndg:standard">16-01-16T00:00:00.0 16-02-16T00:00:00.0 16-03-16T00:00:00.0 16-04-16T00:00:00.0 16-05-16T00:00:00.0 16-06-16T00:00:00.0 16-07-16T00:00:00.0 16-08-16T00:00:00.0 16-09-16T00:00:00.0 16-10-16T00:00:00.0 16-11-16T00:00:00.0 16-12-16T00:00:00.0 25-01-16T00:00:00.0 25-02-16T00:00:00.0 25-03-16T00:00:00.0 25-04-16T00:00:00.0 25-05-16T00:00:00.0 25-06-16T00:00:00.0 25-07-16T00:00:00.0 25-08-16T00:00:00.0 25-09-16T00:00:00.0 25-10-16T00:00:00.0 25-11-16T00:00:00.0 25-12-16T00:00:00.0 46-01-16T00:00:00.0 46-02-16T00:00:00.0 46-03-16T00:00:00.0 46-04-16T00:00:00.0 46-05-16T00:00:00.0 46-06-16T00:00:00.0 46-07-16T00:00:00.0 46-08-16T00:00:00.0 46-09-16T00:00:00.0 46-10-16T00:00:00.0 46-11-16T00:00:00.0 46-12-16T00:00:00.0 55-01-16T00:00:00.0 55-02-16T00:00:00.0 55-03-16T00:00:00.0 55-04-16T00:00:00.0 55-05-16T00:00:00.0 55-06-16T00:00:00.0 55-07-16T00:00:00.0 55-08-16T00:00:00.0 55-09-16T00:00:00.0 55-10-16T00:00:00.0 55-11-16T00:00:00.0 55-12-16T00:00:00.0 76-01-16T00:00:00.0 76-02-16T00:00:00.0 76-03-16T00:00:00.0 76-04-16T00:00:00.0 76-05-16T00:00:00.0 76-06-16T00:00:00.0 76-07-16T00:00:00.0 76-08-16T00:00:00.0 76-09-16T00:00:00.0 76-10-16T00:00:00.0 76-11-16T00:00:00.0 76-12-16T00:00:00.0 85-01-16T00:00:00.0 85-02-16T00:00:00.0 85-03-16T00:00:00.0 85-04-16T00:00:00.0 85-05-16T00:00:00.0 85-06-16T00:00:00.0 85-07-16T00:00:00.0 85-08-16T00:00:00.0 85-09-16T00:00:00.0 85-10-16T00:00:00.0 85-11-16T00:00:00.0 85-12-16T00:00:00.0</timePositionList>
                                       </SpatialOrTemporalPositionList>
                                    </coordAxisValues>
                                    <gridAxesSpanned>time</gridAxesSpanned>
                                    <sequenceRule axisOrder="+1">Linear</sequenceRule>
                                 </GridOrdinateDescription>
                              </gridOrdinate>
                              <gridOrdinate>
                                 <GridOrdinateDescription>
                                    <coordAxisLabel>latitude</coordAxisLabel>
                                    <coordAxisValues xlink:href="#Bs720LQk" xlink:show="embed" xlink:arcrole="coordinateList" xlink:role="http://ndg.nerc.ac.uk/fileFormat/csmlStorageDescriptor">
                                       <SpatialOrTemporalPositionList gml:id="U5dKRUfS">
                                          <coordinateList></coordinateList>
                                       </SpatialOrTemporalPositionList>
                                    </coordAxisValues>
                                    <gridAxesSpanned>latitude</gridAxesSpanned>
                                    <sequenceRule axisOrder="+1">Linear</sequenceRule>
                                 </GridOrdinateDescription>
                              </gridOrdinate>
                              <gridOrdinate>
                                 <GridOrdinateDescription>
                                    <coordAxisLabel>longitude</coordAxisLabel>
                                    <coordAxisValues xlink:href="#NRJbmgFi" xlink:show="embed" xlink:arcrole="coordinateList" xlink:role="http://ndg.nerc.ac.uk/fileFormat/csmlStorageDescriptor">
                                       <SpatialOrTemporalPositionList gml:id="BRqqfOOm">
                                          <coordinateList></coordinateList>
                                       </SpatialOrTemporalPositionList>
                                    </coordAxisValues>
                                    <gridAxesSpanned>longitude</gridAxesSpanned>
                                    <sequenceRule axisOrder="+1">Linear</sequenceRule>
                                 </GridOrdinateDescription>
                              </gridOrdinate>
                           </GridCoordinatesTable>
                        </coordTransformTable>
                     </GridSeriesDomain>
                  </gridSeriesDomain>
                  <gml:rangeSet>
                     <gml:ValueArray gml:id="DgoBn5uE">
                        <gml:valueComponent xlink:href="#W1OffIYE" xlink:show="embed" xlink:arcrole="QuantityList" xlink:role="http://ndg.nerc.ac.uk/fileFormat/csmlStorageDescriptor">
                           <gml:QuantityList uom="m.s-1"></gml:QuantityList>
                        </gml:valueComponent>
                     </gml:ValueArray>
                  </gml:rangeSet>
               </GridSeriesCoverage>
            </value>
            <parameter xlink:href="http://cfconventions.org/standard_names/eastward_wind_anomaly"></parameter>
         </GridSeriesFeature>
      </featureMember>
      <featureMember>
         <GridSeriesFeature gml:id="northward_wind_anomaly">
            <gml:description>missing description</gml:description>
            <gml:name>northward_wind_anomaly</gml:name>
            <gml:boundedBy>
               <gml:EnvelopeWithTimePeriod srsName="WGS84">
                  <gml:lowerCorner>0.0 -90.0</gml:lowerCorner>
                  <gml:upperCorner>360.0 90.0</gml:upperCorner>
                  <gml:beginPosition>16-01-16T00:00:00.0</gml:beginPosition>
                  <gml:endPosition>85-12-16T00:00:00.0</gml:endPosition>
               </gml:EnvelopeWithTimePeriod>
            </gml:boundedBy>
            <value>
               <GridSeriesCoverage gml:id="J6ABQ4t6">
                  <gridSeriesDomain>
                     <GridSeriesDomain srsName="ndg:crs:lonlatt" uomLabels="degree_east degree_north days_since_0002-01-01" gml:id="W7GxXbBR" axisLabels="longitude latitude time" dimension="3" srsDimension="3">
                        <limits>
                           <gml:GridEnvelope>
                              <gml:low>0 0 0</gml:low>
                              <gml:high>0 0 0</gml:high>
                           </gml:GridEnvelope>
                        </limits>
                        <axisLabels>time latitude longitude</axisLabels>
                        <coordTransformTable>
                           <GridCoordinatesTable>
                              <gridOrdinate>
                                 <GridOrdinateDescription>
                                    <coordAxisLabel>time</coordAxisLabel>
                                    <coordAxisValues>
                                       <SpatialOrTemporalPositionList gml:id="EoVt9khg">
                                          <timePositionList frame="ndg:standard">16-01-16T00:00:00.0 16-02-16T00:00:00.0 16-03-16T00:00:00.0 16-04-16T00:00:00.0 16-05-16T00:00:00.0 16-06-16T00:00:00.0 16-07-16T00:00:00.0 16-08-16T00:00:00.0 16-09-16T00:00:00.0 16-10-16T00:00:00.0 16-11-16T00:00:00.0 16-12-16T00:00:00.0 25-01-16T00:00:00.0 25-02-16T00:00:00.0 25-03-16T00:00:00.0 25-04-16T00:00:00.0 25-05-16T00:00:00.0 25-06-16T00:00:00.0 25-07-16T00:00:00.0 25-08-16T00:00:00.0 25-09-16T00:00:00.0 25-10-16T00:00:00.0 25-11-16T00:00:00.0 25-12-16T00:00:00.0 46-01-16T00:00:00.0 46-02-16T00:00:00.0 46-03-16T00:00:00.0 46-04-16T00:00:00.0 46-05-16T00:00:00.0 46-06-16T00:00:00.0 46-07-16T00:00:00.0 46-08-16T00:00:00.0 46-09-16T00:00:00.0 46-10-16T00:00:00.0 46-11-16T00:00:00.0 46-12-16T00:00:00.0 55-01-16T00:00:00.0 55-02-16T00:00:00.0 55-03-16T00:00:00.0 55-04-16T00:00:00.0 55-05-16T00:00:00.0 55-06-16T00:00:00.0 55-07-16T00:00:00.0 55-08-16T00:00:00.0 55-09-16T00:00:00.0 55-10-16T00:00:00.0 55-11-16T00:00:00.0 55-12-16T00:00:00.0 76-01-16T00:00:00.0 76-02-16T00:00:00.0 76-03-16T00:00:00.0 76-04-16T00:00:00.0 76-05-16T00:00:00.0 76-06-16T00:00:00.0 76-07-16T00:00:00.0 76-08-16T00:00:00.0 76-09-16T00:00:00.0 76-10-16T00:00:00.0 76-11-16T00:00:00.0 76-12-16T00:00:00.0 85-01-16T00:00:00.0 85-02-16T00:00:00.0 85-03-16T00:00:00.0 85-04-16T00:00:00.0 85-05-16T00:00:00.0 85-06-16T00:00:00.0 85-07-16T00:00:00.0 85-08-16T00:00:00.0 85-09-16T00:00:00.0 85-10-16T00:00:00.0 85-11-16T00:00:00.0 85-12-16T00:00:00.0</timePositionList>
                                       </SpatialOrTemporalPositionList>
                                    </coordAxisValues>
                                    <gridAxesSpanned>time</gridAxesSpanned>
                                    <sequenceRule axisOrder="+1">Linear</sequenceRule>
                                 </GridOrdinateDescription>
                              </gridOrdinate>
                              <gridOrdinate>
                                 <GridOrdinateDescription>
                                    <coordAxisLabel>latitude</coordAxisLabel>
                                    <coordAxisValues xlink:href="#Z9FBFHtQ" xlink:show="embed" xlink:arcrole="coordinateList" xlink:role="http://ndg.nerc.ac.uk/fileFormat/csmlStorageDescriptor">
                                       <SpatialOrTemporalPositionList gml:id="DlMeNXa5">
                                          <coordinateList></coordinateList>
                                       </SpatialOrTemporalPositionList>
                                    </coordAxisValues>
                                    <gridAxesSpanned>latitude</gridAxesSpanned>
                                    <sequenceRule axisOrder="+1">Linear</sequenceRule>
                                 </GridOrdinateDescription>
                              </gridOrdinate>
                              <gridOrdinate>
                                 <GridOrdinateDescription>
                                    <coordAxisLabel>longitude</coordAxisLabel>
                                    <coordAxisValues xlink:href="#RwcZI0Mm" xlink:show="embed" xlink:arcrole="coordinateList" xlink:role="http://ndg.nerc.ac.uk/fileFormat/csmlStorageDescriptor">
                                       <SpatialOrTemporalPositionList gml:id="Okvhuid7">
                                          <coordinateList></coordinateList>
                                       </SpatialOrTemporalPositionList>
                                    </coordAxisValues>
                                    <gridAxesSpanned>longitude</gridAxesSpanned>
                                    <sequenceRule axisOrder="+1">Linear</sequenceRule>
                                 </GridOrdinateDescription>
                              </gridOrdinate>
                           </GridCoordinatesTable>
                        </coordTransformTable>
                     </GridSeriesDomain>
                  </gridSeriesDomain>
                  <gml:rangeSet>
                     <gml:ValueArray gml:id="UycQCDWp">
                        <gml:valueComponent xlink:href="#MgC2nW8g" xlink:show="embed" xlink:arcrole="QuantityList" xlink:role="http://ndg.nerc.ac.uk/fileFormat/csmlStorageDescriptor">
                           <gml:QuantityList uom="m.s-1"></gml:QuantityList>
                        </gml:valueComponent>
                     </gml:ValueArray>
                  </gml:rangeSet>
               </GridSeriesCoverage>
            </value>
            <parameter xlink:href="http://cfconventions.org/standard_names/northward_wind_anomaly"></parameter>
         </GridSeriesFeature>
      </featureMember>
   </CSMLFeatureCollection>
   <CSMLStorageDescriptor>
      <descriptor>
         <NetCDFExtract id="RZqOXrUQ">
            <arraySize>90</arraySize>
            <fileName>/badc/ipcc-ddc/data/netcdf/ar4_v2/pr/GFCM21_1PTO4X_1_pr-change_o0001-0030.nc</fileName>
            <variableName>latitude</variableName>
         </NetCDFExtract>
      </descriptor>
      <descriptor>
         <NetCDFExtract id="TIDMxzLr">
            <arraySize>2</arraySize>
            <fileName>/badc/ipcc-ddc/data/netcdf/ar4_v2/pr/GFCM21_1PTO4X_1_pr-change_o0001-0030.nc</fileName>
            <variableName>bounds</variableName>
         </NetCDFExtract>
      </descriptor>
      <descriptor>
         <NetCDFExtract id="TBKPEEKO">
            <arraySize>144</arraySize>
            <fileName>/badc/ipcc-ddc/data/netcdf/ar4_v2/pr/GFCM21_1PTO4X_1_pr-change_o0001-0030.nc</fileName>
            <variableName>longitude</variableName>
         </NetCDFExtract>
      </descriptor>
      <descriptor>
         <NetCDFExtract id="EPfAaNq4">
            <arraySize>12</arraySize>
            <fileName>/badc/ipcc-ddc/data/netcdf/ar4_v2/pr/GFCM21_1PTO4X_1_pr-change_o0001-0030.nc</fileName>
            <variableName>time</variableName>
         </NetCDFExtract>
      </descriptor>
      <descriptor>
         <NetCDFExtract id="AMupbBgA">
            <arraySize>90</arraySize>
            <fileName>/badc/ipcc-ddc/data/netcdf/ar4_v2/psl/GFCM21_1PTO4X_1_psl-change_o0001-0030.nc</fileName>
            <variableName>latitude</variableName>
         </NetCDFExtract>
      </descriptor>
      <descriptor>
         <NetCDFExtract id="YdYk0IBz">
            <arraySize>2</arraySize>
            <fileName>/badc/ipcc-ddc/data/netcdf/ar4_v2/psl/GFCM21_1PTO4X_1_psl-change_o0001-0030.nc</fileName>
            <variableName>bounds</variableName>
         </NetCDFExtract>
      </descriptor>
      <descriptor>
         <NetCDFExtract id="AdVoxwfd">
            <arraySize>144</arraySize>
            <fileName>/badc/ipcc-ddc/data/netcdf/ar4_v2/psl/GFCM21_1PTO4X_1_psl-change_o0001-0030.nc</fileName>
            <variableName>longitude</variableName>
         </NetCDFExtract>
      </descriptor>
      <descriptor>
         <NetCDFExtract id="AtpFX57c">
            <arraySize>12</arraySize>
            <fileName>/badc/ipcc-ddc/data/netcdf/ar4_v2/psl/GFCM21_1PTO4X_1_psl-change_o0001-0030.nc</fileName>
            <variableName>time</variableName>
         </NetCDFExtract>
      </descriptor>
      <descriptor>
         <NetCDFExtract id="APVRN57O">
            <arraySize>90</arraySize>
            <fileName>/badc/ipcc-ddc/data/netcdf/ar4_v2/rsds/GFCM21_1PTO4X_1_rsds-change_o0001-0030.nc</fileName>
            <variableName>latitude</variableName>
         </NetCDFExtract>
      </descriptor>
      <descriptor>
         <NetCDFExtract id="BYqUByZR">
            <arraySize>2</arraySize>
            <fileName>/badc/ipcc-ddc/data/netcdf/ar4_v2/rsds/GFCM21_1PTO4X_1_rsds-change_o0001-0030.nc</fileName>
            <variableName>bounds</variableName>
         </NetCDFExtract>
      </descriptor>
      <descriptor>
         <NetCDFExtract id="GVUdihQC">
            <arraySize>144</arraySize>
            <fileName>/badc/ipcc-ddc/data/netcdf/ar4_v2/rsds/GFCM21_1PTO4X_1_rsds-change_o0001-0030.nc</fileName>
            <variableName>longitude</variableName>
         </NetCDFExtract>
      </descriptor>
      <descriptor>
         <NetCDFExtract id="AmfpbjkP">
            <arraySize>12</arraySize>
            <fileName>/badc/ipcc-ddc/data/netcdf/ar4_v2/rsds/GFCM21_1PTO4X_1_rsds-change_o0001-0030.nc</fileName>
            <variableName>time</variableName>
         </NetCDFExtract>
      </descriptor>
      <descriptor>
         <NetCDFExtract id="Xi0RMiZq">
            <arraySize>90</arraySize>
            <fileName>/badc/ipcc-ddc/data/netcdf/ar4_v2/tas/GFCM21_1PTO4X_1_tas-change_o0001-0030.nc</fileName>
            <variableName>latitude</variableName>
         </NetCDFExtract>
      </descriptor>
      <descriptor>
         <NetCDFExtract id="UxDT6tBJ">
            <arraySize>2</arraySize>
            <fileName>/badc/ipcc-ddc/data/netcdf/ar4_v2/tas/GFCM21_1PTO4X_1_tas-change_o0001-0030.nc</fileName>
            <variableName>bounds</variableName>
         </NetCDFExtract>
      </descriptor>
      <descriptor>
         <NetCDFExtract id="KbjHhDye">
            <arraySize>144</arraySize>
            <fileName>/badc/ipcc-ddc/data/netcdf/ar4_v2/tas/GFCM21_1PTO4X_1_tas-change_o0001-0030.nc</fileName>
            <variableName>longitude</variableName>
         </NetCDFExtract>
      </descriptor>
      <descriptor>
         <NetCDFExtract id="Gf3p1S6p">
            <arraySize>12</arraySize>
            <fileName>/badc/ipcc-ddc/data/netcdf/ar4_v2/tas/GFCM21_1PTO4X_1_tas-change_o0001-0030.nc</fileName>
            <variableName>time</variableName>
         </NetCDFExtract>
      </descriptor>
      <descriptor>
         <NetCDFExtract id="Bs720LQk">
            <arraySize>90</arraySize>
            <fileName>/badc/ipcc-ddc/data/netcdf/ar4_v2/uas/GFCM21_1PTO4X_1_uas-change_o0001-0030.nc</fileName>
            <variableName>latitude</variableName>
         </NetCDFExtract>
      </descriptor>
      <descriptor>
         <NetCDFExtract id="P130rWgm">
            <arraySize>2</arraySize>
            <fileName>/badc/ipcc-ddc/data/netcdf/ar4_v2/uas/GFCM21_1PTO4X_1_uas-change_o0001-0030.nc</fileName>
            <variableName>bounds</variableName>
         </NetCDFExtract>
      </descriptor>
      <descriptor>
         <NetCDFExtract id="NRJbmgFi">
            <arraySize>144</arraySize>
            <fileName>/badc/ipcc-ddc/data/netcdf/ar4_v2/uas/GFCM21_1PTO4X_1_uas-change_o0001-0030.nc</fileName>
            <variableName>longitude</variableName>
         </NetCDFExtract>
      </descriptor>
      <descriptor>
         <NetCDFExtract id="KsUPjd81">
            <arraySize>12</arraySize>
            <fileName>/badc/ipcc-ddc/data/netcdf/ar4_v2/uas/GFCM21_1PTO4X_1_uas-change_o0001-0030.nc</fileName>
            <variableName>time</variableName>
         </NetCDFExtract>
      </descriptor>
      <descriptor>
         <NetCDFExtract id="Z9FBFHtQ">
            <arraySize>90</arraySize>
            <fileName>/badc/ipcc-ddc/data/netcdf/ar4_v2/vas/GFCM21_1PTO4X_1_vas-change_o0001-0030.nc</fileName>
            <variableName>latitude</variableName>
         </NetCDFExtract>
      </descriptor>
      <descriptor>
         <NetCDFExtract id="E7gpbuC9">
            <arraySize>2</arraySize>
            <fileName>/badc/ipcc-ddc/data/netcdf/ar4_v2/vas/GFCM21_1PTO4X_1_vas-change_o0001-0030.nc</fileName>
            <variableName>bounds</variableName>
         </NetCDFExtract>
      </descriptor>
      <descriptor>
         <NetCDFExtract id="RwcZI0Mm">
            <arraySize>144</arraySize>
            <fileName>/badc/ipcc-ddc/data/netcdf/ar4_v2/vas/GFCM21_1PTO4X_1_vas-change_o0001-0030.nc</fileName>
            <variableName>longitude</variableName>
         </NetCDFExtract>
      </descriptor>
      <descriptor>
         <NetCDFExtract id="ZiQaUn9Y">
            <arraySize>12</arraySize>
            <fileName>/badc/ipcc-ddc/data/netcdf/ar4_v2/vas/GFCM21_1PTO4X_1_vas-change_o0001-0030.nc</fileName>
            <variableName>time</variableName>
         </NetCDFExtract>
      </descriptor>
      <descriptor>
         <AggregatedArray id="SvOHVimI">
            <arraySize>155520</arraySize>
            <uom>kg.m-2.s-1</uom>
            <aggType>new</aggType>
            <aggIndex>1</aggIndex>
            <component>
               <NetCDFExtract>
                  <arraySize>12  90  144</arraySize>
                  <fileList>
                     <FileList id="Vk2kgEni">
                        <fileNames>/badc/ipcc-ddc/data/netcdf/ar4_v2/pr/GFCM21_1PTO4X_1_pr-change_o0001-0030.nc /badc/ipcc-ddc/data/netcdf/ar4_v2/pr/GFCM21_1PTO4X_1_pr-change_o0010-0039.nc /badc/ipcc-ddc/data/netcdf/ar4_v2/pr/GFCM21_1PTO4X_1_pr-change_o0031-0060.nc /badc/ipcc-ddc/data/netcdf/ar4_v2/pr/GFCM21_1PTO4X_1_pr-change_o0040-0069.nc /badc/ipcc-ddc/data/netcdf/ar4_v2/pr/GFCM21_1PTO4X_1_pr-change_o0061-0090.nc /badc/ipcc-ddc/data/netcdf/ar4_v2/pr/GFCM21_1PTO4X_1_pr-change_o0070-0099.nc</fileNames>
                     </FileList>
                  </fileList>
                  <variableName>precipitation_flux_anomaly</variableName>
               </NetCDFExtract>
            </component>
         </AggregatedArray>
      </descriptor>
      <descriptor>
         <AggregatedArray id="OpkovhkD">
            <arraySize>155520</arraySize>
            <uom>Pa</uom>
            <aggType>new</aggType>
            <aggIndex>1</aggIndex>
            <component>
               <NetCDFExtract>
                  <arraySize>12  90  144</arraySize>
                  <fileList>
                     <FileList id="Ey4TfEQH">
                        <fileNames>/badc/ipcc-ddc/data/netcdf/ar4_v2/psl/GFCM21_1PTO4X_1_psl-change_o0001-0030.nc /badc/ipcc-ddc/data/netcdf/ar4_v2/psl/GFCM21_1PTO4X_1_psl-change_o0010-0039.nc /badc/ipcc-ddc/data/netcdf/ar4_v2/psl/GFCM21_1PTO4X_1_psl-change_o0031-0060.nc /badc/ipcc-ddc/data/netcdf/ar4_v2/psl/GFCM21_1PTO4X_1_psl-change_o0040-0069.nc /badc/ipcc-ddc/data/netcdf/ar4_v2/psl/GFCM21_1PTO4X_1_psl-change_o0061-0090.nc /badc/ipcc-ddc/data/netcdf/ar4_v2/psl/GFCM21_1PTO4X_1_psl-change_o0070-0099.nc</fileNames>
                     </FileList>
                  </fileList>
                  <variableName>air_pressure_at_sea_level_anomaly</variableName>
               </NetCDFExtract>
            </component>
         </AggregatedArray>
      </descriptor>
      <descriptor>
         <AggregatedArray id="BQkraYrW">
            <arraySize>155520</arraySize>
            <uom>W.m-2</uom>
            <aggType>new</aggType>
            <aggIndex>1</aggIndex>
            <component>
               <NetCDFExtract>
                  <arraySize>12  90  144</arraySize>
                  <fileList>
                     <FileList id="K71YzLQG">
                        <fileNames>/badc/ipcc-ddc/data/netcdf/ar4_v2/rsds/GFCM21_1PTO4X_1_rsds-change_o0001-0030.nc /badc/ipcc-ddc/data/netcdf/ar4_v2/rsds/GFCM21_1PTO4X_1_rsds-change_o0010-0039.nc /badc/ipcc-ddc/data/netcdf/ar4_v2/rsds/GFCM21_1PTO4X_1_rsds-change_o0031-0060.nc /badc/ipcc-ddc/data/netcdf/ar4_v2/rsds/GFCM21_1PTO4X_1_rsds-change_o0040-0069.nc /badc/ipcc-ddc/data/netcdf/ar4_v2/rsds/GFCM21_1PTO4X_1_rsds-change_o0061-0090.nc /badc/ipcc-ddc/data/netcdf/ar4_v2/rsds/GFCM21_1PTO4X_1_rsds-change_o0070-0099.nc</fileNames>
                     </FileList>
                  </fileList>
                  <variableName>surface_downwelling_shortwave_flux_in_air_anomaly</variableName>
               </NetCDFExtract>
            </component>
         </AggregatedArray>
      </descriptor>
      <descriptor>
         <AggregatedArray id="GAl51Xhg">
            <arraySize>155520</arraySize>
            <uom>K</uom>
            <aggType>new</aggType>
            <aggIndex>1</aggIndex>
            <component>
               <NetCDFExtract>
                  <arraySize>12  90  144</arraySize>
                  <fileList>
                     <FileList id="XFnbHw8e">
                        <fileNames>/badc/ipcc-ddc/data/netcdf/ar4_v2/tas/GFCM21_1PTO4X_1_tas-change_o0001-0030.nc /badc/ipcc-ddc/data/netcdf/ar4_v2/tas/GFCM21_1PTO4X_1_tas-change_o0010-0039.nc /badc/ipcc-ddc/data/netcdf/ar4_v2/tas/GFCM21_1PTO4X_1_tas-change_o0031-0060.nc /badc/ipcc-ddc/data/netcdf/ar4_v2/tas/GFCM21_1PTO4X_1_tas-change_o0040-0069.nc /badc/ipcc-ddc/data/netcdf/ar4_v2/tas/GFCM21_1PTO4X_1_tas-change_o0061-0090.nc /badc/ipcc-ddc/data/netcdf/ar4_v2/tas/GFCM21_1PTO4X_1_tas-change_o0070-0099.nc</fileNames>
                     </FileList>
                  </fileList>
                  <variableName>air_temperature_anomaly</variableName>
               </NetCDFExtract>
            </component>
         </AggregatedArray>
      </descriptor>
      <descriptor>
         <AggregatedArray id="W1OffIYE">
            <arraySize>155520</arraySize>
            <uom>m.s-1</uom>
            <aggType>new</aggType>
            <aggIndex>1</aggIndex>
            <component>
               <NetCDFExtract>
                  <arraySize>12  90  144</arraySize>
                  <fileList>
                     <FileList id="BrqaDefw">
                        <fileNames>/badc/ipcc-ddc/data/netcdf/ar4_v2/uas/GFCM21_1PTO4X_1_uas-change_o0001-0030.nc /badc/ipcc-ddc/data/netcdf/ar4_v2/uas/GFCM21_1PTO4X_1_uas-change_o0010-0039.nc /badc/ipcc-ddc/data/netcdf/ar4_v2/uas/GFCM21_1PTO4X_1_uas-change_o0031-0060.nc /badc/ipcc-ddc/data/netcdf/ar4_v2/uas/GFCM21_1PTO4X_1_uas-change_o0040-0069.nc /badc/ipcc-ddc/data/netcdf/ar4_v2/uas/GFCM21_1PTO4X_1_uas-change_o0061-0090.nc /badc/ipcc-ddc/data/netcdf/ar4_v2/uas/GFCM21_1PTO4X_1_uas-change_o0070-0099.nc</fileNames>
                     </FileList>
                  </fileList>
                  <variableName>eastward_wind_anomaly</variableName>
               </NetCDFExtract>
            </component>
         </AggregatedArray>
      </descriptor>
      <descriptor>
         <AggregatedArray id="MgC2nW8g">
            <arraySize>155520</arraySize>
            <uom>m.s-1</uom>
            <aggType>new</aggType>
            <aggIndex>1</aggIndex>
            <component>
               <NetCDFExtract>
                  <arraySize>12  90  144</arraySize>
                  <fileList>
                     <FileList id="PpFE225Z">
                        <fileNames>/badc/ipcc-ddc/data/netcdf/ar4_v2/vas/GFCM21_1PTO4X_1_vas-change_o0001-0030.nc /badc/ipcc-ddc/data/netcdf/ar4_v2/vas/GFCM21_1PTO4X_1_vas-change_o0010-0039.nc /badc/ipcc-ddc/data/netcdf/ar4_v2/vas/GFCM21_1PTO4X_1_vas-change_o0031-0060.nc /badc/ipcc-ddc/data/netcdf/ar4_v2/vas/GFCM21_1PTO4X_1_vas-change_o0040-0069.nc /badc/ipcc-ddc/data/netcdf/ar4_v2/vas/GFCM21_1PTO4X_1_vas-change_o0061-0090.nc /badc/ipcc-ddc/data/netcdf/ar4_v2/vas/GFCM21_1PTO4X_1_vas-change_o0070-0099.nc</fileNames>
                     </FileList>
                  </fileList>
                  <variableName>northward_wind_anomaly</variableName>
               </NetCDFExtract>
            </component>
         </AggregatedArray>
      </descriptor>
   </CSMLStorageDescriptor>
</Dataset>