<?xml version="1.0" encoding="UTF-8"?><Dataset xmlns="http://ndg.nerc.ac.uk/csml"  xmlns:gml="http://www.opengis.net/gml" xmlns:om="http://www.opengis.net/om" xmlns:swe="http://www.opengis.net/swe"  xmlns:xsi="http://www.w3.org/2001/XMLSchema-instance" xmlns:moles="http://ndg.nerc.ac.uk/moles"  xmlns:xlink="http://www.w3.org/1999/xlink" xsi:schemaLocation="http://ndg.nerc.ac.uk/csml/ schemas/csmlDataset.xsd" id="ar4_GIEH_1PTO2X_clim_30">
   <name>Scenario: 1PTO2X - Model: GIEH - 30 year mean climatology</name>
   <AccessControlPolicy>
      <dgSecurityCondition>
         <moles:effect>allow</moles:effect>
         <moles:simpleCondition>
            <moles:dgAttributeAuthority>http://aa.ceda.rl.ac.uk/</moles:dgAttributeAuthority>
            <moles:attrauthRole>badc</moles:attrauthRole>
         </moles:simpleCondition>
      </dgSecurityCondition>
   </AccessControlPolicy>
   <CSMLFeatureCollection gml:id="PDaQHP1r">
      <gml:metaDataProperty></gml:metaDataProperty>
      <gml:boundedBy>
         <gml:EnvelopeWithTimePeriod srsName="WGS84">
            <gml:lowerCorner>0.0 -90.0</gml:lowerCorner>
            <gml:upperCorner>360.0 90.0</gml:upperCorner>
            <gml:beginPosition>1895-01-16T00:00:00.0</gml:beginPosition>
            <gml:endPosition>1964-12-16T00:00:00.0</gml:endPosition>
         </gml:EnvelopeWithTimePeriod>
      </gml:boundedBy>
      <featureMember>
         <GridSeriesFeature gml:id="specific_humidity">
            <gml:description>missing description</gml:description>
            <gml:name>specific_humidity</gml:name>
            <gml:boundedBy>
               <gml:EnvelopeWithTimePeriod srsName="WGS84">
                  <gml:lowerCorner>0.0 -90.0</gml:lowerCorner>
                  <gml:upperCorner>360.0 90.0</gml:upperCorner>
                  <gml:beginPosition>1895-01-16T00:00:00.0</gml:beginPosition>
                  <gml:endPosition>1964-12-16T00:00:00.0</gml:endPosition>
               </gml:EnvelopeWithTimePeriod>
            </gml:boundedBy>
            <value>
               <GridSeriesCoverage gml:id="H2vyVBTm">
                  <gridSeriesDomain>
                     <GridSeriesDomain srsName="ndg:crs:lonlatt" uomLabels="degree_east degree_north days_since_1881-01-01" gml:id="Jll0WsJk" axisLabels="longitude latitude time" dimension="3" srsDimension="3">
                        <limits>
                           <gml:GridEnvelope>
                              <gml:low>0 0 0</gml:low>
                              <gml:high>0 0 0</gml:high>
                           </gml:GridEnvelope>
                        </limits>
                        <axisLabels>time latitude longitude</axisLabels>
                        <coordTransformTable>
                           <GridCoordinatesTable>
                              <gridOrdinate>
                                 <GridOrdinateDescription>
                                    <coordAxisLabel>time</coordAxisLabel>
                                    <coordAxisValues>
                                       <SpatialOrTemporalPositionList gml:id="OgTwPX5y">
                                          <timePositionList frame="ndg:standard">1895-01-16T00:00:00.0 1895-02-16T00:00:00.0 1895-03-16T00:00:00.0 1895-04-16T00:00:00.0 1895-05-16T00:00:00.0 1895-06-16T00:00:00.0 1895-07-16T00:00:00.0 1895-08-16T00:00:00.0 1895-09-16T00:00:00.0 1895-10-16T00:00:00.0 1895-11-16T00:00:00.0 1895-12-16T00:00:00.0 1904-01-16T00:00:00.0 1904-02-16T00:00:00.0 1904-03-16T00:00:00.0 1904-04-16T00:00:00.0 1904-05-16T00:00:00.0 1904-06-16T00:00:00.0 1904-07-16T00:00:00.0 1904-08-16T00:00:00.0 1904-09-16T00:00:00.0 1904-10-16T00:00:00.0 1904-11-16T00:00:00.0 1904-12-16T00:00:00.0 1925-01-16T00:00:00.0 1925-02-16T00:00:00.0 1925-03-16T00:00:00.0 1925-04-16T00:00:00.0 1925-05-16T00:00:00.0 1925-06-16T00:00:00.0 1925-07-16T00:00:00.0 1925-08-16T00:00:00.0 1925-09-16T00:00:00.0 1925-10-16T00:00:00.0 1925-11-16T00:00:00.0 1925-12-16T00:00:00.0 1934-01-16T00:00:00.0 1934-02-16T00:00:00.0 1934-03-16T00:00:00.0 1934-04-16T00:00:00.0 1934-05-16T00:00:00.0 1934-06-16T00:00:00.0 1934-07-16T00:00:00.0 1934-08-16T00:00:00.0 1934-09-16T00:00:00.0 1934-10-16T00:00:00.0 1934-11-16T00:00:00.0 1934-12-16T00:00:00.0 1955-01-16T00:00:00.0 1955-02-16T00:00:00.0 1955-03-16T00:00:00.0 1955-04-16T00:00:00.0 1955-05-16T00:00:00.0 1955-06-16T00:00:00.0 1955-07-16T00:00:00.0 1955-08-16T00:00:00.0 1955-09-16T00:00:00.0 1955-10-16T00:00:00.0 1955-11-16T00:00:00.0 1955-12-16T00:00:00.0 1964-01-16T00:00:00.0 1964-02-16T00:00:00.0 1964-03-16T00:00:00.0 1964-04-16T00:00:00.0 1964-05-16T00:00:00.0 1964-06-16T00:00:00.0 1964-07-16T00:00:00.0 1964-08-16T00:00:00.0 1964-09-16T00:00:00.0 1964-10-16T00:00:00.0 1964-11-16T00:00:00.0 1964-12-16T00:00:00.0</timePositionList>
                                       </SpatialOrTemporalPositionList>
                                    </coordAxisValues>
                                    <gridAxesSpanned>time</gridAxesSpanned>
                                    <sequenceRule axisOrder="+1">Linear</sequenceRule>
                                 </GridOrdinateDescription>
                              </gridOrdinate>
                              <gridOrdinate>
                                 <GridOrdinateDescription>
                                    <coordAxisLabel>latitude</coordAxisLabel>
                                    <coordAxisValues xlink:href="#YdA8W5EK" xlink:show="embed" xlink:arcrole="coordinateList" xlink:role="http://ndg.nerc.ac.uk/fileFormat/csmlStorageDescriptor">
                                       <SpatialOrTemporalPositionList gml:id="I2qYCjEI">
                                          <coordinateList></coordinateList>
                                       </SpatialOrTemporalPositionList>
                                    </coordAxisValues>
                                    <gridAxesSpanned>latitude</gridAxesSpanned>
                                    <sequenceRule axisOrder="+1">Linear</sequenceRule>
                                 </GridOrdinateDescription>
                              </gridOrdinate>
                              <gridOrdinate>
                                 <GridOrdinateDescription>
                                    <coordAxisLabel>longitude</coordAxisLabel>
                                    <coordAxisValues xlink:href="#U7ahxmQr" xlink:show="embed" xlink:arcrole="coordinateList" xlink:role="http://ndg.nerc.ac.uk/fileFormat/csmlStorageDescriptor">
                                       <SpatialOrTemporalPositionList gml:id="XGE30exp">
                                          <coordinateList></coordinateList>
                                       </SpatialOrTemporalPositionList>
                                    </coordAxisValues>
                                    <gridAxesSpanned>longitude</gridAxesSpanned>
                                    <sequenceRule axisOrder="+1">Linear</sequenceRule>
                                 </GridOrdinateDescription>
                              </gridOrdinate>
                           </GridCoordinatesTable>
                        </coordTransformTable>
                     </GridSeriesDomain>
                  </gridSeriesDomain>
                  <gml:rangeSet>
                     <gml:ValueArray gml:id="Y5ICVqbF">
                        <gml:valueComponent xlink:href="#GSVgtf5v" xlink:show="embed" xlink:arcrole="QuantityList" xlink:role="http://ndg.nerc.ac.uk/fileFormat/csmlStorageDescriptor">
                           <gml:QuantityList uom="1"></gml:QuantityList>
                        </gml:valueComponent>
                     </gml:ValueArray>
                  </gml:rangeSet>
               </GridSeriesCoverage>
            </value>
            <parameter xlink:href="http://cfconventions.org/standard_names/specific_humidity"></parameter>
         </GridSeriesFeature>
      </featureMember>
      <featureMember>
         <GridSeriesFeature gml:id="precipitation_flux">
            <gml:description>missing description</gml:description>
            <gml:name>precipitation_flux</gml:name>
            <gml:boundedBy>
               <gml:EnvelopeWithTimePeriod srsName="WGS84">
                  <gml:lowerCorner>0.0 -90.0</gml:lowerCorner>
                  <gml:upperCorner>360.0 90.0</gml:upperCorner>
                  <gml:beginPosition>1895-01-16T00:00:00.0</gml:beginPosition>
                  <gml:endPosition>1964-12-16T00:00:00.0</gml:endPosition>
               </gml:EnvelopeWithTimePeriod>
            </gml:boundedBy>
            <value>
               <GridSeriesCoverage gml:id="OCk3oIZi">
                  <gridSeriesDomain>
                     <GridSeriesDomain srsName="ndg:crs:lonlatt" uomLabels="degree_east degree_north days_since_1881-01-01" gml:id="S2lNbWx2" axisLabels="longitude latitude time" dimension="3" srsDimension="3">
                        <limits>
                           <gml:GridEnvelope>
                              <gml:low>0 0 0</gml:low>
                              <gml:high>0 0 0</gml:high>
                           </gml:GridEnvelope>
                        </limits>
                        <axisLabels>time latitude longitude</axisLabels>
                        <coordTransformTable>
                           <GridCoordinatesTable>
                              <gridOrdinate>
                                 <GridOrdinateDescription>
                                    <coordAxisLabel>time</coordAxisLabel>
                                    <coordAxisValues>
                                       <SpatialOrTemporalPositionList gml:id="VE4QFff9">
                                          <timePositionList frame="ndg:standard">1895-01-16T00:00:00.0 1895-02-16T00:00:00.0 1895-03-16T00:00:00.0 1895-04-16T00:00:00.0 1895-05-16T00:00:00.0 1895-06-16T00:00:00.0 1895-07-16T00:00:00.0 1895-08-16T00:00:00.0 1895-09-16T00:00:00.0 1895-10-16T00:00:00.0 1895-11-16T00:00:00.0 1895-12-16T00:00:00.0 1904-01-16T00:00:00.0 1904-02-16T00:00:00.0 1904-03-16T00:00:00.0 1904-04-16T00:00:00.0 1904-05-16T00:00:00.0 1904-06-16T00:00:00.0 1904-07-16T00:00:00.0 1904-08-16T00:00:00.0 1904-09-16T00:00:00.0 1904-10-16T00:00:00.0 1904-11-16T00:00:00.0 1904-12-16T00:00:00.0 1925-01-16T00:00:00.0 1925-02-16T00:00:00.0 1925-03-16T00:00:00.0 1925-04-16T00:00:00.0 1925-05-16T00:00:00.0 1925-06-16T00:00:00.0 1925-07-16T00:00:00.0 1925-08-16T00:00:00.0 1925-09-16T00:00:00.0 1925-10-16T00:00:00.0 1925-11-16T00:00:00.0 1925-12-16T00:00:00.0 1934-01-16T00:00:00.0 1934-02-16T00:00:00.0 1934-03-16T00:00:00.0 1934-04-16T00:00:00.0 1934-05-16T00:00:00.0 1934-06-16T00:00:00.0 1934-07-16T00:00:00.0 1934-08-16T00:00:00.0 1934-09-16T00:00:00.0 1934-10-16T00:00:00.0 1934-11-16T00:00:00.0 1934-12-16T00:00:00.0 1955-01-16T00:00:00.0 1955-02-16T00:00:00.0 1955-03-16T00:00:00.0 1955-04-16T00:00:00.0 1955-05-16T00:00:00.0 1955-06-16T00:00:00.0 1955-07-16T00:00:00.0 1955-08-16T00:00:00.0 1955-09-16T00:00:00.0 1955-10-16T00:00:00.0 1955-11-16T00:00:00.0 1955-12-16T00:00:00.0 1964-01-16T00:00:00.0 1964-02-16T00:00:00.0 1964-03-16T00:00:00.0 1964-04-16T00:00:00.0 1964-05-16T00:00:00.0 1964-06-16T00:00:00.0 1964-07-16T00:00:00.0 1964-08-16T00:00:00.0 1964-09-16T00:00:00.0 1964-10-16T00:00:00.0 1964-11-16T00:00:00.0 1964-12-16T00:00:00.0</timePositionList>
                                       </SpatialOrTemporalPositionList>
                                    </coordAxisValues>
                                    <gridAxesSpanned>time</gridAxesSpanned>
                                    <sequenceRule axisOrder="+1">Linear</sequenceRule>
                                 </GridOrdinateDescription>
                              </gridOrdinate>
                              <gridOrdinate>
                                 <GridOrdinateDescription>
                                    <coordAxisLabel>latitude</coordAxisLabel>
                                    <coordAxisValues xlink:href="#NZDeLIuK" xlink:show="embed" xlink:arcrole="coordinateList" xlink:role="http://ndg.nerc.ac.uk/fileFormat/csmlStorageDescriptor">
                                       <SpatialOrTemporalPositionList gml:id="VGzF416v">
                                          <coordinateList></coordinateList>
                                       </SpatialOrTemporalPositionList>
                                    </coordAxisValues>
                                    <gridAxesSpanned>latitude</gridAxesSpanned>
                                    <sequenceRule axisOrder="+1">Linear</sequenceRule>
                                 </GridOrdinateDescription>
                              </gridOrdinate>
                              <gridOrdinate>
                                 <GridOrdinateDescription>
                                    <coordAxisLabel>longitude</coordAxisLabel>
                                    <coordAxisValues xlink:href="#ImF7PlX6" xlink:show="embed" xlink:arcrole="coordinateList" xlink:role="http://ndg.nerc.ac.uk/fileFormat/csmlStorageDescriptor">
                                       <SpatialOrTemporalPositionList gml:id="ZABi3Cpe">
                                          <coordinateList></coordinateList>
                                       </SpatialOrTemporalPositionList>
                                    </coordAxisValues>
                                    <gridAxesSpanned>longitude</gridAxesSpanned>
                                    <sequenceRule axisOrder="+1">Linear</sequenceRule>
                                 </GridOrdinateDescription>
                              </gridOrdinate>
                           </GridCoordinatesTable>
                        </coordTransformTable>
                     </GridSeriesDomain>
                  </gridSeriesDomain>
                  <gml:rangeSet>
                     <gml:ValueArray gml:id="Wdvyo0TV">
                        <gml:valueComponent xlink:href="#HNoxFqV4" xlink:show="embed" xlink:arcrole="QuantityList" xlink:role="http://ndg.nerc.ac.uk/fileFormat/csmlStorageDescriptor">
                           <gml:QuantityList uom="kg.m-2.s-1"></gml:QuantityList>
                        </gml:valueComponent>
                     </gml:ValueArray>
                  </gml:rangeSet>
               </GridSeriesCoverage>
            </value>
            <parameter xlink:href="http://cfconventions.org/standard_names/precipitation_flux"></parameter>
         </GridSeriesFeature>
      </featureMember>
      <featureMember>
         <GridSeriesFeature gml:id="air_pressure_at_sea_level">
            <gml:description>missing description</gml:description>
            <gml:name>air_pressure_at_sea_level</gml:name>
            <gml:boundedBy>
               <gml:EnvelopeWithTimePeriod srsName="WGS84">
                  <gml:lowerCorner>0.0 -90.0</gml:lowerCorner>
                  <gml:upperCorner>360.0 90.0</gml:upperCorner>
                  <gml:beginPosition>1895-01-16T00:00:00.0</gml:beginPosition>
                  <gml:endPosition>1964-12-16T00:00:00.0</gml:endPosition>
               </gml:EnvelopeWithTimePeriod>
            </gml:boundedBy>
            <value>
               <GridSeriesCoverage gml:id="Yqa3zsef">
                  <gridSeriesDomain>
                     <GridSeriesDomain srsName="ndg:crs:lonlatt" uomLabels="degree_east degree_north days_since_1881-01-01" gml:id="LiO04YK7" axisLabels="longitude latitude time" dimension="3" srsDimension="3">
                        <limits>
                           <gml:GridEnvelope>
                              <gml:low>0 0 0</gml:low>
                              <gml:high>0 0 0</gml:high>
                           </gml:GridEnvelope>
                        </limits>
                        <axisLabels>time latitude longitude</axisLabels>
                        <coordTransformTable>
                           <GridCoordinatesTable>
                              <gridOrdinate>
                                 <GridOrdinateDescription>
                                    <coordAxisLabel>time</coordAxisLabel>
                                    <coordAxisValues>
                                       <SpatialOrTemporalPositionList gml:id="VVQhvunz">
                                          <timePositionList frame="ndg:standard">1895-01-16T00:00:00.0 1895-02-16T00:00:00.0 1895-03-16T00:00:00.0 1895-04-16T00:00:00.0 1895-05-16T00:00:00.0 1895-06-16T00:00:00.0 1895-07-16T00:00:00.0 1895-08-16T00:00:00.0 1895-09-16T00:00:00.0 1895-10-16T00:00:00.0 1895-11-16T00:00:00.0 1895-12-16T00:00:00.0 1904-01-16T00:00:00.0 1904-02-16T00:00:00.0 1904-03-16T00:00:00.0 1904-04-16T00:00:00.0 1904-05-16T00:00:00.0 1904-06-16T00:00:00.0 1904-07-16T00:00:00.0 1904-08-16T00:00:00.0 1904-09-16T00:00:00.0 1904-10-16T00:00:00.0 1904-11-16T00:00:00.0 1904-12-16T00:00:00.0 1925-01-16T00:00:00.0 1925-02-16T00:00:00.0 1925-03-16T00:00:00.0 1925-04-16T00:00:00.0 1925-05-16T00:00:00.0 1925-06-16T00:00:00.0 1925-07-16T00:00:00.0 1925-08-16T00:00:00.0 1925-09-16T00:00:00.0 1925-10-16T00:00:00.0 1925-11-16T00:00:00.0 1925-12-16T00:00:00.0 1934-01-16T00:00:00.0 1934-02-16T00:00:00.0 1934-03-16T00:00:00.0 1934-04-16T00:00:00.0 1934-05-16T00:00:00.0 1934-06-16T00:00:00.0 1934-07-16T00:00:00.0 1934-08-16T00:00:00.0 1934-09-16T00:00:00.0 1934-10-16T00:00:00.0 1934-11-16T00:00:00.0 1934-12-16T00:00:00.0 1955-01-16T00:00:00.0 1955-02-16T00:00:00.0 1955-03-16T00:00:00.0 1955-04-16T00:00:00.0 1955-05-16T00:00:00.0 1955-06-16T00:00:00.0 1955-07-16T00:00:00.0 1955-08-16T00:00:00.0 1955-09-16T00:00:00.0 1955-10-16T00:00:00.0 1955-11-16T00:00:00.0 1955-12-16T00:00:00.0 1964-01-16T00:00:00.0 1964-02-16T00:00:00.0 1964-03-16T00:00:00.0 1964-04-16T00:00:00.0 1964-05-16T00:00:00.0 1964-06-16T00:00:00.0 1964-07-16T00:00:00.0 1964-08-16T00:00:00.0 1964-09-16T00:00:00.0 1964-10-16T00:00:00.0 1964-11-16T00:00:00.0 1964-12-16T00:00:00.0</timePositionList>
                                       </SpatialOrTemporalPositionList>
                                    </coordAxisValues>
                                    <gridAxesSpanned>time</gridAxesSpanned>
                                    <sequenceRule axisOrder="+1">Linear</sequenceRule>
                                 </GridOrdinateDescription>
                              </gridOrdinate>
                              <gridOrdinate>
                                 <GridOrdinateDescription>
                                    <coordAxisLabel>latitude</coordAxisLabel>
                                    <coordAxisValues xlink:href="#DaM0UgT8" xlink:show="embed" xlink:arcrole="coordinateList" xlink:role="http://ndg.nerc.ac.uk/fileFormat/csmlStorageDescriptor">
                                       <SpatialOrTemporalPositionList gml:id="ZgmkLioX">
                                          <coordinateList></coordinateList>
                                       </SpatialOrTemporalPositionList>
                                    </coordAxisValues>
                                    <gridAxesSpanned>latitude</gridAxesSpanned>
                                    <sequenceRule axisOrder="+1">Linear</sequenceRule>
                                 </GridOrdinateDescription>
                              </gridOrdinate>
                              <gridOrdinate>
                                 <GridOrdinateDescription>
                                    <coordAxisLabel>longitude</coordAxisLabel>
                                    <coordAxisValues xlink:href="#RV3wWqwz" xlink:show="embed" xlink:arcrole="coordinateList" xlink:role="http://ndg.nerc.ac.uk/fileFormat/csmlStorageDescriptor">
                                       <SpatialOrTemporalPositionList gml:id="XDBlJXKn">
                                          <coordinateList></coordinateList>
                                       </SpatialOrTemporalPositionList>
                                    </coordAxisValues>
                                    <gridAxesSpanned>longitude</gridAxesSpanned>
                                    <sequenceRule axisOrder="+1">Linear</sequenceRule>
                                 </GridOrdinateDescription>
                              </gridOrdinate>
                           </GridCoordinatesTable>
                        </coordTransformTable>
                     </GridSeriesDomain>
                  </gridSeriesDomain>
                  <gml:rangeSet>
                     <gml:ValueArray gml:id="DnJ5EV3i">
                        <gml:valueComponent xlink:href="#Jr5rzeH5" xlink:show="embed" xlink:arcrole="QuantityList" xlink:role="http://ndg.nerc.ac.uk/fileFormat/csmlStorageDescriptor">
                           <gml:QuantityList uom="Pa"></gml:QuantityList>
                        </gml:valueComponent>
                     </gml:ValueArray>
                  </gml:rangeSet>
               </GridSeriesCoverage>
            </value>
            <parameter xlink:href="http://cfconventions.org/standard_names/air_pressure_at_sea_level"></parameter>
         </GridSeriesFeature>
      </featureMember>
      <featureMember>
         <GridSeriesFeature gml:id="surface_downwelling_shortwave_flux_in_air">
            <gml:description>missing description</gml:description>
            <gml:name>surface_downwelling_shortwave_flux_in_air</gml:name>
            <gml:boundedBy>
               <gml:EnvelopeWithTimePeriod srsName="WGS84">
                  <gml:lowerCorner>0.0 -90.0</gml:lowerCorner>
                  <gml:upperCorner>360.0 90.0</gml:upperCorner>
                  <gml:beginPosition>1895-01-16T00:00:00.0</gml:beginPosition>
                  <gml:endPosition>1964-12-16T00:00:00.0</gml:endPosition>
               </gml:EnvelopeWithTimePeriod>
            </gml:boundedBy>
            <value>
               <GridSeriesCoverage gml:id="BOaTV4sy">
                  <gridSeriesDomain>
                     <GridSeriesDomain srsName="ndg:crs:lonlatt" uomLabels="degree_east degree_north days_since_1881-01-01" gml:id="Ir3wblW8" axisLabels="longitude latitude time" dimension="3" srsDimension="3">
                        <limits>
                           <gml:GridEnvelope>
                              <gml:low>0 0 0</gml:low>
                              <gml:high>0 0 0</gml:high>
                           </gml:GridEnvelope>
                        </limits>
                        <axisLabels>time latitude longitude</axisLabels>
                        <coordTransformTable>
                           <GridCoordinatesTable>
                              <gridOrdinate>
                                 <GridOrdinateDescription>
                                    <coordAxisLabel>time</coordAxisLabel>
                                    <coordAxisValues>
                                       <SpatialOrTemporalPositionList gml:id="TGfHkF8P">
                                          <timePositionList frame="ndg:standard">1895-01-16T00:00:00.0 1895-02-16T00:00:00.0 1895-03-16T00:00:00.0 1895-04-16T00:00:00.0 1895-05-16T00:00:00.0 1895-06-16T00:00:00.0 1895-07-16T00:00:00.0 1895-08-16T00:00:00.0 1895-09-16T00:00:00.0 1895-10-16T00:00:00.0 1895-11-16T00:00:00.0 1895-12-16T00:00:00.0 1904-01-16T00:00:00.0 1904-02-16T00:00:00.0 1904-03-16T00:00:00.0 1904-04-16T00:00:00.0 1904-05-16T00:00:00.0 1904-06-16T00:00:00.0 1904-07-16T00:00:00.0 1904-08-16T00:00:00.0 1904-09-16T00:00:00.0 1904-10-16T00:00:00.0 1904-11-16T00:00:00.0 1904-12-16T00:00:00.0 1925-01-16T00:00:00.0 1925-02-16T00:00:00.0 1925-03-16T00:00:00.0 1925-04-16T00:00:00.0 1925-05-16T00:00:00.0 1925-06-16T00:00:00.0 1925-07-16T00:00:00.0 1925-08-16T00:00:00.0 1925-09-16T00:00:00.0 1925-10-16T00:00:00.0 1925-11-16T00:00:00.0 1925-12-16T00:00:00.0 1934-01-16T00:00:00.0 1934-02-16T00:00:00.0 1934-03-16T00:00:00.0 1934-04-16T00:00:00.0 1934-05-16T00:00:00.0 1934-06-16T00:00:00.0 1934-07-16T00:00:00.0 1934-08-16T00:00:00.0 1934-09-16T00:00:00.0 1934-10-16T00:00:00.0 1934-11-16T00:00:00.0 1934-12-16T00:00:00.0 1955-01-16T00:00:00.0 1955-02-16T00:00:00.0 1955-03-16T00:00:00.0 1955-04-16T00:00:00.0 1955-05-16T00:00:00.0 1955-06-16T00:00:00.0 1955-07-16T00:00:00.0 1955-08-16T00:00:00.0 1955-09-16T00:00:00.0 1955-10-16T00:00:00.0 1955-11-16T00:00:00.0 1955-12-16T00:00:00.0 1964-01-16T00:00:00.0 1964-02-16T00:00:00.0 1964-03-16T00:00:00.0 1964-04-16T00:00:00.0 1964-05-16T00:00:00.0 1964-06-16T00:00:00.0 1964-07-16T00:00:00.0 1964-08-16T00:00:00.0 1964-09-16T00:00:00.0 1964-10-16T00:00:00.0 1964-11-16T00:00:00.0 1964-12-16T00:00:00.0</timePositionList>
                                       </SpatialOrTemporalPositionList>
                                    </coordAxisValues>
                                    <gridAxesSpanned>time</gridAxesSpanned>
                                    <sequenceRule axisOrder="+1">Linear</sequenceRule>
                                 </GridOrdinateDescription>
                              </gridOrdinate>
                              <gridOrdinate>
                                 <GridOrdinateDescription>
                                    <coordAxisLabel>latitude</coordAxisLabel>
                                    <coordAxisValues xlink:href="#E7X8D63s" xlink:show="embed" xlink:arcrole="coordinateList" xlink:role="http://ndg.nerc.ac.uk/fileFormat/csmlStorageDescriptor">
                                       <SpatialOrTemporalPositionList gml:id="M79SvbR5">
                                          <coordinateList></coordinateList>
                                       </SpatialOrTemporalPositionList>
                                    </coordAxisValues>
                                    <gridAxesSpanned>latitude</gridAxesSpanned>
                                    <sequenceRule axisOrder="+1">Linear</sequenceRule>
                                 </GridOrdinateDescription>
                              </gridOrdinate>
                              <gridOrdinate>
                                 <GridOrdinateDescription>
                                    <coordAxisLabel>longitude</coordAxisLabel>
                                    <coordAxisValues xlink:href="#INR8nLfp" xlink:show="embed" xlink:arcrole="coordinateList" xlink:role="http://ndg.nerc.ac.uk/fileFormat/csmlStorageDescriptor">
                                       <SpatialOrTemporalPositionList gml:id="J6w5lezk">
                                          <coordinateList></coordinateList>
                                       </SpatialOrTemporalPositionList>
                                    </coordAxisValues>
                                    <gridAxesSpanned>longitude</gridAxesSpanned>
                                    <sequenceRule axisOrder="+1">Linear</sequenceRule>
                                 </GridOrdinateDescription>
                              </gridOrdinate>
                           </GridCoordinatesTable>
                        </coordTransformTable>
                     </GridSeriesDomain>
                  </gridSeriesDomain>
                  <gml:rangeSet>
                     <gml:ValueArray gml:id="RfRrdSeK">
                        <gml:valueComponent xlink:href="#Ig7aDdrq" xlink:show="embed" xlink:arcrole="QuantityList" xlink:role="http://ndg.nerc.ac.uk/fileFormat/csmlStorageDescriptor">
                           <gml:QuantityList uom="W.m-2"></gml:QuantityList>
                        </gml:valueComponent>
                     </gml:ValueArray>
                  </gml:rangeSet>
               </GridSeriesCoverage>
            </value>
            <parameter xlink:href="http://cfconventions.org/standard_names/surface_downwelling_shortwave_flux_in_air"></parameter>
         </GridSeriesFeature>
      </featureMember>
      <featureMember>
         <GridSeriesFeature gml:id="air_temperature">
            <gml:description>missing description</gml:description>
            <gml:name>air_temperature</gml:name>
            <gml:boundedBy>
               <gml:EnvelopeWithTimePeriod srsName="WGS84">
                  <gml:lowerCorner>0.0 -90.0</gml:lowerCorner>
                  <gml:upperCorner>360.0 90.0</gml:upperCorner>
                  <gml:beginPosition>1895-01-16T00:00:00.0</gml:beginPosition>
                  <gml:endPosition>1964-12-16T00:00:00.0</gml:endPosition>
               </gml:EnvelopeWithTimePeriod>
            </gml:boundedBy>
            <value>
               <GridSeriesCoverage gml:id="ZYf3L9Z7">
                  <gridSeriesDomain>
                     <GridSeriesDomain srsName="ndg:crs:lonlatt" uomLabels="degree_east degree_north days_since_1881-01-01" gml:id="SFTE80r5" axisLabels="longitude latitude time" dimension="3" srsDimension="3">
                        <limits>
                           <gml:GridEnvelope>
                              <gml:low>0 0 0</gml:low>
                              <gml:high>0 0 0</gml:high>
                           </gml:GridEnvelope>
                        </limits>
                        <axisLabels>time latitude longitude</axisLabels>
                        <coordTransformTable>
                           <GridCoordinatesTable>
                              <gridOrdinate>
                                 <GridOrdinateDescription>
                                    <coordAxisLabel>time</coordAxisLabel>
                                    <coordAxisValues>
                                       <SpatialOrTemporalPositionList gml:id="EwMha4DX">
                                          <timePositionList frame="ndg:standard">1895-01-16T00:00:00.0 1895-02-16T00:00:00.0 1895-03-16T00:00:00.0 1895-04-16T00:00:00.0 1895-05-16T00:00:00.0 1895-06-16T00:00:00.0 1895-07-16T00:00:00.0 1895-08-16T00:00:00.0 1895-09-16T00:00:00.0 1895-10-16T00:00:00.0 1895-11-16T00:00:00.0 1895-12-16T00:00:00.0 1904-01-16T00:00:00.0 1904-02-16T00:00:00.0 1904-03-16T00:00:00.0 1904-04-16T00:00:00.0 1904-05-16T00:00:00.0 1904-06-16T00:00:00.0 1904-07-16T00:00:00.0 1904-08-16T00:00:00.0 1904-09-16T00:00:00.0 1904-10-16T00:00:00.0 1904-11-16T00:00:00.0 1904-12-16T00:00:00.0 1925-01-16T00:00:00.0 1925-02-16T00:00:00.0 1925-03-16T00:00:00.0 1925-04-16T00:00:00.0 1925-05-16T00:00:00.0 1925-06-16T00:00:00.0 1925-07-16T00:00:00.0 1925-08-16T00:00:00.0 1925-09-16T00:00:00.0 1925-10-16T00:00:00.0 1925-11-16T00:00:00.0 1925-12-16T00:00:00.0 1934-01-16T00:00:00.0 1934-02-16T00:00:00.0 1934-03-16T00:00:00.0 1934-04-16T00:00:00.0 1934-05-16T00:00:00.0 1934-06-16T00:00:00.0 1934-07-16T00:00:00.0 1934-08-16T00:00:00.0 1934-09-16T00:00:00.0 1934-10-16T00:00:00.0 1934-11-16T00:00:00.0 1934-12-16T00:00:00.0 1955-01-16T00:00:00.0 1955-02-16T00:00:00.0 1955-03-16T00:00:00.0 1955-04-16T00:00:00.0 1955-05-16T00:00:00.0 1955-06-16T00:00:00.0 1955-07-16T00:00:00.0 1955-08-16T00:00:00.0 1955-09-16T00:00:00.0 1955-10-16T00:00:00.0 1955-11-16T00:00:00.0 1955-12-16T00:00:00.0 1964-01-16T00:00:00.0 1964-02-16T00:00:00.0 1964-03-16T00:00:00.0 1964-04-16T00:00:00.0 1964-05-16T00:00:00.0 1964-06-16T00:00:00.0 1964-07-16T00:00:00.0 1964-08-16T00:00:00.0 1964-09-16T00:00:00.0 1964-10-16T00:00:00.0 1964-11-16T00:00:00.0 1964-12-16T00:00:00.0</timePositionList>
                                       </SpatialOrTemporalPositionList>
                                    </coordAxisValues>
                                    <gridAxesSpanned>time</gridAxesSpanned>
                                    <sequenceRule axisOrder="+1">Linear</sequenceRule>
                                 </GridOrdinateDescription>
                              </gridOrdinate>
                              <gridOrdinate>
                                 <GridOrdinateDescription>
                                    <coordAxisLabel>latitude</coordAxisLabel>
                                    <coordAxisValues xlink:href="#VpJrIb8O" xlink:show="embed" xlink:arcrole="coordinateList" xlink:role="http://ndg.nerc.ac.uk/fileFormat/csmlStorageDescriptor">
                                       <SpatialOrTemporalPositionList gml:id="QpsOtYdL">
                                          <coordinateList></coordinateList>
                                       </SpatialOrTemporalPositionList>
                                    </coordAxisValues>
                                    <gridAxesSpanned>latitude</gridAxesSpanned>
                                    <sequenceRule axisOrder="+1">Linear</sequenceRule>
                                 </GridOrdinateDescription>
                              </gridOrdinate>
                              <gridOrdinate>
                                 <GridOrdinateDescription>
                                    <coordAxisLabel>longitude</coordAxisLabel>
                                    <coordAxisValues xlink:href="#QMq07hA0" xlink:show="embed" xlink:arcrole="coordinateList" xlink:role="http://ndg.nerc.ac.uk/fileFormat/csmlStorageDescriptor">
                                       <SpatialOrTemporalPositionList gml:id="PYT8DeIt">
                                          <coordinateList></coordinateList>
                                       </SpatialOrTemporalPositionList>
                                    </coordAxisValues>
                                    <gridAxesSpanned>longitude</gridAxesSpanned>
                                    <sequenceRule axisOrder="+1">Linear</sequenceRule>
                                 </GridOrdinateDescription>
                              </gridOrdinate>
                           </GridCoordinatesTable>
                        </coordTransformTable>
                     </GridSeriesDomain>
                  </gridSeriesDomain>
                  <gml:rangeSet>
                     <gml:ValueArray gml:id="Buansjxp">
                        <gml:valueComponent xlink:href="#ZOIT08os" xlink:show="embed" xlink:arcrole="QuantityList" xlink:role="http://ndg.nerc.ac.uk/fileFormat/csmlStorageDescriptor">
                           <gml:QuantityList uom="K"></gml:QuantityList>
                        </gml:valueComponent>
                     </gml:ValueArray>
                  </gml:rangeSet>
               </GridSeriesCoverage>
            </value>
            <parameter xlink:href="http://cfconventions.org/standard_names/air_temperature"></parameter>
         </GridSeriesFeature>
      </featureMember>
      <featureMember>
         <GridSeriesFeature gml:id="eastward_wind">
            <gml:description>missing description</gml:description>
            <gml:name>eastward_wind</gml:name>
            <gml:boundedBy>
               <gml:EnvelopeWithTimePeriod srsName="WGS84">
                  <gml:lowerCorner>0.0 -90.0</gml:lowerCorner>
                  <gml:upperCorner>360.0 90.0</gml:upperCorner>
                  <gml:beginPosition>1895-01-16T00:00:00.0</gml:beginPosition>
                  <gml:endPosition>1964-12-16T00:00:00.0</gml:endPosition>
               </gml:EnvelopeWithTimePeriod>
            </gml:boundedBy>
            <value>
               <GridSeriesCoverage gml:id="RBNInQpO">
                  <gridSeriesDomain>
                     <GridSeriesDomain srsName="ndg:crs:lonlatt" uomLabels="degree_east degree_north days_since_1881-01-01" gml:id="VjzNeBDl" axisLabels="longitude latitude time" dimension="3" srsDimension="3">
                        <limits>
                           <gml:GridEnvelope>
                              <gml:low>0 0 0</gml:low>
                              <gml:high>0 0 0</gml:high>
                           </gml:GridEnvelope>
                        </limits>
                        <axisLabels>time latitude longitude</axisLabels>
                        <coordTransformTable>
                           <GridCoordinatesTable>
                              <gridOrdinate>
                                 <GridOrdinateDescription>
                                    <coordAxisLabel>time</coordAxisLabel>
                                    <coordAxisValues>
                                       <SpatialOrTemporalPositionList gml:id="U1ji0EQo">
                                          <timePositionList frame="ndg:standard">1895-01-16T00:00:00.0 1895-02-16T00:00:00.0 1895-03-16T00:00:00.0 1895-04-16T00:00:00.0 1895-05-16T00:00:00.0 1895-06-16T00:00:00.0 1895-07-16T00:00:00.0 1895-08-16T00:00:00.0 1895-09-16T00:00:00.0 1895-10-16T00:00:00.0 1895-11-16T00:00:00.0 1895-12-16T00:00:00.0 1904-01-16T00:00:00.0 1904-02-16T00:00:00.0 1904-03-16T00:00:00.0 1904-04-16T00:00:00.0 1904-05-16T00:00:00.0 1904-06-16T00:00:00.0 1904-07-16T00:00:00.0 1904-08-16T00:00:00.0 1904-09-16T00:00:00.0 1904-10-16T00:00:00.0 1904-11-16T00:00:00.0 1904-12-16T00:00:00.0 1925-01-16T00:00:00.0 1925-02-16T00:00:00.0 1925-03-16T00:00:00.0 1925-04-16T00:00:00.0 1925-05-16T00:00:00.0 1925-06-16T00:00:00.0 1925-07-16T00:00:00.0 1925-08-16T00:00:00.0 1925-09-16T00:00:00.0 1925-10-16T00:00:00.0 1925-11-16T00:00:00.0 1925-12-16T00:00:00.0 1934-01-16T00:00:00.0 1934-02-16T00:00:00.0 1934-03-16T00:00:00.0 1934-04-16T00:00:00.0 1934-05-16T00:00:00.0 1934-06-16T00:00:00.0 1934-07-16T00:00:00.0 1934-08-16T00:00:00.0 1934-09-16T00:00:00.0 1934-10-16T00:00:00.0 1934-11-16T00:00:00.0 1934-12-16T00:00:00.0 1955-01-16T00:00:00.0 1955-02-16T00:00:00.0 1955-03-16T00:00:00.0 1955-04-16T00:00:00.0 1955-05-16T00:00:00.0 1955-06-16T00:00:00.0 1955-07-16T00:00:00.0 1955-08-16T00:00:00.0 1955-09-16T00:00:00.0 1955-10-16T00:00:00.0 1955-11-16T00:00:00.0 1955-12-16T00:00:00.0 1964-01-16T00:00:00.0 1964-02-16T00:00:00.0 1964-03-16T00:00:00.0 1964-04-16T00:00:00.0 1964-05-16T00:00:00.0 1964-06-16T00:00:00.0 1964-07-16T00:00:00.0 1964-08-16T00:00:00.0 1964-09-16T00:00:00.0 1964-10-16T00:00:00.0 1964-11-16T00:00:00.0 1964-12-16T00:00:00.0</timePositionList>
                                       </SpatialOrTemporalPositionList>
                                    </coordAxisValues>
                                    <gridAxesSpanned>time</gridAxesSpanned>
                                    <sequenceRule axisOrder="+1">Linear</sequenceRule>
                                 </GridOrdinateDescription>
                              </gridOrdinate>
                              <gridOrdinate>
                                 <GridOrdinateDescription>
                                    <coordAxisLabel>latitude</coordAxisLabel>
                                    <coordAxisValues xlink:href="#DulPCHpT" xlink:show="embed" xlink:arcrole="coordinateList" xlink:role="http://ndg.nerc.ac.uk/fileFormat/csmlStorageDescriptor">
                                       <SpatialOrTemporalPositionList gml:id="CYmanXVG">
                                          <coordinateList></coordinateList>
                                       </SpatialOrTemporalPositionList>
                                    </coordAxisValues>
                                    <gridAxesSpanned>latitude</gridAxesSpanned>
                                    <sequenceRule axisOrder="+1">Linear</sequenceRule>
                                 </GridOrdinateDescription>
                              </gridOrdinate>
                              <gridOrdinate>
                                 <GridOrdinateDescription>
                                    <coordAxisLabel>longitude</coordAxisLabel>
                                    <coordAxisValues xlink:href="#ZaMhs9tY" xlink:show="embed" xlink:arcrole="coordinateList" xlink:role="http://ndg.nerc.ac.uk/fileFormat/csmlStorageDescriptor">
                                       <SpatialOrTemporalPositionList gml:id="Gh6Ilk2h">
                                          <coordinateList></coordinateList>
                                       </SpatialOrTemporalPositionList>
                                    </coordAxisValues>
                                    <gridAxesSpanned>longitude</gridAxesSpanned>
                                    <sequenceRule axisOrder="+1">Linear</sequenceRule>
                                 </GridOrdinateDescription>
                              </gridOrdinate>
                           </GridCoordinatesTable>
                        </coordTransformTable>
                     </GridSeriesDomain>
                  </gridSeriesDomain>
                  <gml:rangeSet>
                     <gml:ValueArray gml:id="FLplBcup">
                        <gml:valueComponent xlink:href="#WTQsA8CX" xlink:show="embed" xlink:arcrole="QuantityList" xlink:role="http://ndg.nerc.ac.uk/fileFormat/csmlStorageDescriptor">
                           <gml:QuantityList uom="m.s-1"></gml:QuantityList>
                        </gml:valueComponent>
                     </gml:ValueArray>
                  </gml:rangeSet>
               </GridSeriesCoverage>
            </value>
            <parameter xlink:href="http://cfconventions.org/standard_names/eastward_wind"></parameter>
         </GridSeriesFeature>
      </featureMember>
      <featureMember>
         <GridSeriesFeature gml:id="northward_wind">
            <gml:description>missing description</gml:description>
            <gml:name>northward_wind</gml:name>
            <gml:boundedBy>
               <gml:EnvelopeWithTimePeriod srsName="WGS84">
                  <gml:lowerCorner>0.0 -90.0</gml:lowerCorner>
                  <gml:upperCorner>360.0 90.0</gml:upperCorner>
                  <gml:beginPosition>1895-01-16T00:00:00.0</gml:beginPosition>
                  <gml:endPosition>1964-12-16T00:00:00.0</gml:endPosition>
               </gml:EnvelopeWithTimePeriod>
            </gml:boundedBy>
            <value>
               <GridSeriesCoverage gml:id="AbQTp5dm">
                  <gridSeriesDomain>
                     <GridSeriesDomain srsName="ndg:crs:lonlatt" uomLabels="degree_east degree_north days_since_1881-01-01" gml:id="WNxV4Ctx" axisLabels="longitude latitude time" dimension="3" srsDimension="3">
                        <limits>
                           <gml:GridEnvelope>
                              <gml:low>0 0 0</gml:low>
                              <gml:high>0 0 0</gml:high>
                           </gml:GridEnvelope>
                        </limits>
                        <axisLabels>time latitude longitude</axisLabels>
                        <coordTransformTable>
                           <GridCoordinatesTable>
                              <gridOrdinate>
                                 <GridOrdinateDescription>
                                    <coordAxisLabel>time</coordAxisLabel>
                                    <coordAxisValues>
                                       <SpatialOrTemporalPositionList gml:id="GIsDzdFA">
                                          <timePositionList frame="ndg:standard">1895-01-16T00:00:00.0 1895-02-16T00:00:00.0 1895-03-16T00:00:00.0 1895-04-16T00:00:00.0 1895-05-16T00:00:00.0 1895-06-16T00:00:00.0 1895-07-16T00:00:00.0 1895-08-16T00:00:00.0 1895-09-16T00:00:00.0 1895-10-16T00:00:00.0 1895-11-16T00:00:00.0 1895-12-16T00:00:00.0 1904-01-16T00:00:00.0 1904-02-16T00:00:00.0 1904-03-16T00:00:00.0 1904-04-16T00:00:00.0 1904-05-16T00:00:00.0 1904-06-16T00:00:00.0 1904-07-16T00:00:00.0 1904-08-16T00:00:00.0 1904-09-16T00:00:00.0 1904-10-16T00:00:00.0 1904-11-16T00:00:00.0 1904-12-16T00:00:00.0 1925-01-16T00:00:00.0 1925-02-16T00:00:00.0 1925-03-16T00:00:00.0 1925-04-16T00:00:00.0 1925-05-16T00:00:00.0 1925-06-16T00:00:00.0 1925-07-16T00:00:00.0 1925-08-16T00:00:00.0 1925-09-16T00:00:00.0 1925-10-16T00:00:00.0 1925-11-16T00:00:00.0 1925-12-16T00:00:00.0 1934-01-16T00:00:00.0 1934-02-16T00:00:00.0 1934-03-16T00:00:00.0 1934-04-16T00:00:00.0 1934-05-16T00:00:00.0 1934-06-16T00:00:00.0 1934-07-16T00:00:00.0 1934-08-16T00:00:00.0 1934-09-16T00:00:00.0 1934-10-16T00:00:00.0 1934-11-16T00:00:00.0 1934-12-16T00:00:00.0 1955-01-16T00:00:00.0 1955-02-16T00:00:00.0 1955-03-16T00:00:00.0 1955-04-16T00:00:00.0 1955-05-16T00:00:00.0 1955-06-16T00:00:00.0 1955-07-16T00:00:00.0 1955-08-16T00:00:00.0 1955-09-16T00:00:00.0 1955-10-16T00:00:00.0 1955-11-16T00:00:00.0 1955-12-16T00:00:00.0 1964-01-16T00:00:00.0 1964-02-16T00:00:00.0 1964-03-16T00:00:00.0 1964-04-16T00:00:00.0 1964-05-16T00:00:00.0 1964-06-16T00:00:00.0 1964-07-16T00:00:00.0 1964-08-16T00:00:00.0 1964-09-16T00:00:00.0 1964-10-16T00:00:00.0 1964-11-16T00:00:00.0 1964-12-16T00:00:00.0</timePositionList>
                                       </SpatialOrTemporalPositionList>
                                    </coordAxisValues>
                                    <gridAxesSpanned>time</gridAxesSpanned>
                                    <sequenceRule axisOrder="+1">Linear</sequenceRule>
                                 </GridOrdinateDescription>
                              </gridOrdinate>
                              <gridOrdinate>
                                 <GridOrdinateDescription>
                                    <coordAxisLabel>latitude</coordAxisLabel>
                                    <coordAxisValues xlink:href="#PQi2mUyZ" xlink:show="embed" xlink:arcrole="coordinateList" xlink:role="http://ndg.nerc.ac.uk/fileFormat/csmlStorageDescriptor">
                                       <SpatialOrTemporalPositionList gml:id="MaCTUPVI">
                                          <coordinateList></coordinateList>
                                       </SpatialOrTemporalPositionList>
                                    </coordAxisValues>
                                    <gridAxesSpanned>latitude</gridAxesSpanned>
                                    <sequenceRule axisOrder="+1">Linear</sequenceRule>
                                 </GridOrdinateDescription>
                              </gridOrdinate>
                              <gridOrdinate>
                                 <GridOrdinateDescription>
                                    <coordAxisLabel>longitude</coordAxisLabel>
                                    <coordAxisValues xlink:href="#M6kZQ6kD" xlink:show="embed" xlink:arcrole="coordinateList" xlink:role="http://ndg.nerc.ac.uk/fileFormat/csmlStorageDescriptor">
                                       <SpatialOrTemporalPositionList gml:id="CvO9FwMz">
                                          <coordinateList></coordinateList>
                                       </SpatialOrTemporalPositionList>
                                    </coordAxisValues>
                                    <gridAxesSpanned>longitude</gridAxesSpanned>
                                    <sequenceRule axisOrder="+1">Linear</sequenceRule>
                                 </GridOrdinateDescription>
                              </gridOrdinate>
                           </GridCoordinatesTable>
                        </coordTransformTable>
                     </GridSeriesDomain>
                  </gridSeriesDomain>
                  <gml:rangeSet>
                     <gml:ValueArray gml:id="A4YiadN0">
                        <gml:valueComponent xlink:href="#IDHDfCIq" xlink:show="embed" xlink:arcrole="QuantityList" xlink:role="http://ndg.nerc.ac.uk/fileFormat/csmlStorageDescriptor">
                           <gml:QuantityList uom="m.s-1"></gml:QuantityList>
                        </gml:valueComponent>
                     </gml:ValueArray>
                  </gml:rangeSet>
               </GridSeriesCoverage>
            </value>
            <parameter xlink:href="http://cfconventions.org/standard_names/northward_wind"></parameter>
         </GridSeriesFeature>
      </featureMember>
   </CSMLFeatureCollection>
   <CSMLStorageDescriptor>
      <descriptor>
         <NetCDFExtract id="YdA8W5EK">
            <arraySize>46</arraySize>
            <fileName>/badc/ipcc-ddc/data/netcdf/ar4_v2/huss/GIEH_1PTO2X_1_huss_o0001-0030.nc</fileName>
            <variableName>latitude</variableName>
         </NetCDFExtract>
      </descriptor>
      <descriptor>
         <NetCDFExtract id="B6b6iZr8">
            <arraySize>2</arraySize>
            <fileName>/badc/ipcc-ddc/data/netcdf/ar4_v2/huss/GIEH_1PTO2X_1_huss_o0001-0030.nc</fileName>
            <variableName>bounds</variableName>
         </NetCDFExtract>
      </descriptor>
      <descriptor>
         <NetCDFExtract id="U7ahxmQr">
            <arraySize>72</arraySize>
            <fileName>/badc/ipcc-ddc/data/netcdf/ar4_v2/huss/GIEH_1PTO2X_1_huss_o0001-0030.nc</fileName>
            <variableName>longitude</variableName>
         </NetCDFExtract>
      </descriptor>
      <descriptor>
         <NetCDFExtract id="Gq3NCXOO">
            <arraySize>12</arraySize>
            <fileName>/badc/ipcc-ddc/data/netcdf/ar4_v2/huss/GIEH_1PTO2X_1_huss_o0001-0030.nc</fileName>
            <variableName>time</variableName>
         </NetCDFExtract>
      </descriptor>
      <descriptor>
         <NetCDFExtract id="NZDeLIuK">
            <arraySize>46</arraySize>
            <fileName>/badc/ipcc-ddc/data/netcdf/ar4_v2/pr/GIEH_1PTO2X_1_pr_o0001-0030.nc</fileName>
            <variableName>latitude</variableName>
         </NetCDFExtract>
      </descriptor>
      <descriptor>
         <NetCDFExtract id="GObiHPyj">
            <arraySize>2</arraySize>
            <fileName>/badc/ipcc-ddc/data/netcdf/ar4_v2/pr/GIEH_1PTO2X_1_pr_o0001-0030.nc</fileName>
            <variableName>bounds</variableName>
         </NetCDFExtract>
      </descriptor>
      <descriptor>
         <NetCDFExtract id="ImF7PlX6">
            <arraySize>72</arraySize>
            <fileName>/badc/ipcc-ddc/data/netcdf/ar4_v2/pr/GIEH_1PTO2X_1_pr_o0001-0030.nc</fileName>
            <variableName>longitude</variableName>
         </NetCDFExtract>
      </descriptor>
      <descriptor>
         <NetCDFExtract id="MemITzDB">
            <arraySize>12</arraySize>
            <fileName>/badc/ipcc-ddc/data/netcdf/ar4_v2/pr/GIEH_1PTO2X_1_pr_o0001-0030.nc</fileName>
            <variableName>time</variableName>
         </NetCDFExtract>
      </descriptor>
      <descriptor>
         <NetCDFExtract id="DaM0UgT8">
            <arraySize>46</arraySize>
            <fileName>/badc/ipcc-ddc/data/netcdf/ar4_v2/psl/GIEH_1PTO2X_1_psl_o0001-0030.nc</fileName>
            <variableName>latitude</variableName>
         </NetCDFExtract>
      </descriptor>
      <descriptor>
         <NetCDFExtract id="A0QpTnZz">
            <arraySize>2</arraySize>
            <fileName>/badc/ipcc-ddc/data/netcdf/ar4_v2/psl/GIEH_1PTO2X_1_psl_o0001-0030.nc</fileName>
            <variableName>bounds</variableName>
         </NetCDFExtract>
      </descriptor>
      <descriptor>
         <NetCDFExtract id="RV3wWqwz">
            <arraySize>72</arraySize>
            <fileName>/badc/ipcc-ddc/data/netcdf/ar4_v2/psl/GIEH_1PTO2X_1_psl_o0001-0030.nc</fileName>
            <variableName>longitude</variableName>
         </NetCDFExtract>
      </descriptor>
      <descriptor>
         <NetCDFExtract id="CLQ6wTyb">
            <arraySize>12</arraySize>
            <fileName>/badc/ipcc-ddc/data/netcdf/ar4_v2/psl/GIEH_1PTO2X_1_psl_o0001-0030.nc</fileName>
            <variableName>time</variableName>
         </NetCDFExtract>
      </descriptor>
      <descriptor>
         <NetCDFExtract id="E7X8D63s">
            <arraySize>46</arraySize>
            <fileName>/badc/ipcc-ddc/data/netcdf/ar4_v2/rsds/GIEH_1PTO2X_1_rsds_o0001-0030.nc</fileName>
            <variableName>latitude</variableName>
         </NetCDFExtract>
      </descriptor>
      <descriptor>
         <NetCDFExtract id="Uc9pYOu2">
            <arraySize>2</arraySize>
            <fileName>/badc/ipcc-ddc/data/netcdf/ar4_v2/rsds/GIEH_1PTO2X_1_rsds_o0001-0030.nc</fileName>
            <variableName>bounds</variableName>
         </NetCDFExtract>
      </descriptor>
      <descriptor>
         <NetCDFExtract id="INR8nLfp">
            <arraySize>72</arraySize>
            <fileName>/badc/ipcc-ddc/data/netcdf/ar4_v2/rsds/GIEH_1PTO2X_1_rsds_o0001-0030.nc</fileName>
            <variableName>longitude</variableName>
         </NetCDFExtract>
      </descriptor>
      <descriptor>
         <NetCDFExtract id="FuyvHbLJ">
            <arraySize>12</arraySize>
            <fileName>/badc/ipcc-ddc/data/netcdf/ar4_v2/rsds/GIEH_1PTO2X_1_rsds_o0001-0030.nc</fileName>
            <variableName>time</variableName>
         </NetCDFExtract>
      </descriptor>
      <descriptor>
         <NetCDFExtract id="VpJrIb8O">
            <arraySize>46</arraySize>
            <fileName>/badc/ipcc-ddc/data/netcdf/ar4_v2/tas/GIEH_1PTO2X_1_tas_o0001-0030.nc</fileName>
            <variableName>latitude</variableName>
         </NetCDFExtract>
      </descriptor>
      <descriptor>
         <NetCDFExtract id="BrixMfOz">
            <arraySize>2</arraySize>
            <fileName>/badc/ipcc-ddc/data/netcdf/ar4_v2/tas/GIEH_1PTO2X_1_tas_o0001-0030.nc</fileName>
            <variableName>bounds</variableName>
         </NetCDFExtract>
      </descriptor>
      <descriptor>
         <NetCDFExtract id="QMq07hA0">
            <arraySize>72</arraySize>
            <fileName>/badc/ipcc-ddc/data/netcdf/ar4_v2/tas/GIEH_1PTO2X_1_tas_o0001-0030.nc</fileName>
            <variableName>longitude</variableName>
         </NetCDFExtract>
      </descriptor>
      <descriptor>
         <NetCDFExtract id="As75DRpQ">
            <arraySize>12</arraySize>
            <fileName>/badc/ipcc-ddc/data/netcdf/ar4_v2/tas/GIEH_1PTO2X_1_tas_o0001-0030.nc</fileName>
            <variableName>time</variableName>
         </NetCDFExtract>
      </descriptor>
      <descriptor>
         <NetCDFExtract id="DulPCHpT">
            <arraySize>46</arraySize>
            <fileName>/badc/ipcc-ddc/data/netcdf/ar4_v2/uas/GIEH_1PTO2X_1_uas_o0001-0030.nc</fileName>
            <variableName>latitude</variableName>
         </NetCDFExtract>
      </descriptor>
      <descriptor>
         <NetCDFExtract id="QEhkWyNJ">
            <arraySize>2</arraySize>
            <fileName>/badc/ipcc-ddc/data/netcdf/ar4_v2/uas/GIEH_1PTO2X_1_uas_o0001-0030.nc</fileName>
            <variableName>bounds</variableName>
         </NetCDFExtract>
      </descriptor>
      <descriptor>
         <NetCDFExtract id="ZaMhs9tY">
            <arraySize>72</arraySize>
            <fileName>/badc/ipcc-ddc/data/netcdf/ar4_v2/uas/GIEH_1PTO2X_1_uas_o0001-0030.nc</fileName>
            <variableName>longitude</variableName>
         </NetCDFExtract>
      </descriptor>
      <descriptor>
         <NetCDFExtract id="QaPmw8j9">
            <arraySize>12</arraySize>
            <fileName>/badc/ipcc-ddc/data/netcdf/ar4_v2/uas/GIEH_1PTO2X_1_uas_o0001-0030.nc</fileName>
            <variableName>time</variableName>
         </NetCDFExtract>
      </descriptor>
      <descriptor>
         <NetCDFExtract id="PQi2mUyZ">
            <arraySize>46</arraySize>
            <fileName>/badc/ipcc-ddc/data/netcdf/ar4_v2/vas/GIEH_1PTO2X_1_vas_o0001-0030.nc</fileName>
            <variableName>latitude</variableName>
         </NetCDFExtract>
      </descriptor>
      <descriptor>
         <NetCDFExtract id="I3be6y8a">
            <arraySize>2</arraySize>
            <fileName>/badc/ipcc-ddc/data/netcdf/ar4_v2/vas/GIEH_1PTO2X_1_vas_o0001-0030.nc</fileName>
            <variableName>bounds</variableName>
         </NetCDFExtract>
      </descriptor>
      <descriptor>
         <NetCDFExtract id="M6kZQ6kD">
            <arraySize>72</arraySize>
            <fileName>/badc/ipcc-ddc/data/netcdf/ar4_v2/vas/GIEH_1PTO2X_1_vas_o0001-0030.nc</fileName>
            <variableName>longitude</variableName>
         </NetCDFExtract>
      </descriptor>
      <descriptor>
         <NetCDFExtract id="Qq6aDNQ3">
            <arraySize>12</arraySize>
            <fileName>/badc/ipcc-ddc/data/netcdf/ar4_v2/vas/GIEH_1PTO2X_1_vas_o0001-0030.nc</fileName>
            <variableName>time</variableName>
         </NetCDFExtract>
      </descriptor>
      <descriptor>
         <AggregatedArray id="GSVgtf5v">
            <arraySize>39744</arraySize>
            <uom>1</uom>
            <aggType>new</aggType>
            <aggIndex>1</aggIndex>
            <component>
               <NetCDFExtract>
                  <arraySize>12  46  72</arraySize>
                  <fileList>
                     <FileList id="Jf4YoCrr">
                        <fileNames>/badc/ipcc-ddc/data/netcdf/ar4_v2/huss/GIEH_1PTO2X_1_huss_o0001-0030.nc /badc/ipcc-ddc/data/netcdf/ar4_v2/huss/GIEH_1PTO2X_1_huss_o0010-0039.nc /badc/ipcc-ddc/data/netcdf/ar4_v2/huss/GIEH_1PTO2X_1_huss_o0031-0060.nc /badc/ipcc-ddc/data/netcdf/ar4_v2/huss/GIEH_1PTO2X_1_huss_o0040-0069.nc /badc/ipcc-ddc/data/netcdf/ar4_v2/huss/GIEH_1PTO2X_1_huss_o0061-0090.nc /badc/ipcc-ddc/data/netcdf/ar4_v2/huss/GIEH_1PTO2X_1_huss_o0070-0099.nc</fileNames>
                     </FileList>
                  </fileList>
                  <variableName>specific_humidity</variableName>
               </NetCDFExtract>
            </component>
         </AggregatedArray>
      </descriptor>
      <descriptor>
         <AggregatedArray id="HNoxFqV4">
            <arraySize>39744</arraySize>
            <uom>kg.m-2.s-1</uom>
            <aggType>new</aggType>
            <aggIndex>1</aggIndex>
            <component>
               <NetCDFExtract>
                  <arraySize>12  46  72</arraySize>
                  <fileList>
                     <FileList id="A1RBbpJb">
                        <fileNames>/badc/ipcc-ddc/data/netcdf/ar4_v2/pr/GIEH_1PTO2X_1_pr_o0001-0030.nc /badc/ipcc-ddc/data/netcdf/ar4_v2/pr/GIEH_1PTO2X_1_pr_o0010-0039.nc /badc/ipcc-ddc/data/netcdf/ar4_v2/pr/GIEH_1PTO2X_1_pr_o0031-0060.nc /badc/ipcc-ddc/data/netcdf/ar4_v2/pr/GIEH_1PTO2X_1_pr_o0040-0069.nc /badc/ipcc-ddc/data/netcdf/ar4_v2/pr/GIEH_1PTO2X_1_pr_o0061-0090.nc /badc/ipcc-ddc/data/netcdf/ar4_v2/pr/GIEH_1PTO2X_1_pr_o0070-0099.nc</fileNames>
                     </FileList>
                  </fileList>
                  <variableName>precipitation_flux</variableName>
               </NetCDFExtract>
            </component>
         </AggregatedArray>
      </descriptor>
      <descriptor>
         <AggregatedArray id="Jr5rzeH5">
            <arraySize>39744</arraySize>
            <uom>Pa</uom>
            <aggType>new</aggType>
            <aggIndex>1</aggIndex>
            <component>
               <NetCDFExtract>
                  <arraySize>12  46  72</arraySize>
                  <fileList>
                     <FileList id="UvNmGOze">
                        <fileNames>/badc/ipcc-ddc/data/netcdf/ar4_v2/psl/GIEH_1PTO2X_1_psl_o0001-0030.nc /badc/ipcc-ddc/data/netcdf/ar4_v2/psl/GIEH_1PTO2X_1_psl_o0010-0039.nc /badc/ipcc-ddc/data/netcdf/ar4_v2/psl/GIEH_1PTO2X_1_psl_o0031-0060.nc /badc/ipcc-ddc/data/netcdf/ar4_v2/psl/GIEH_1PTO2X_1_psl_o0040-0069.nc /badc/ipcc-ddc/data/netcdf/ar4_v2/psl/GIEH_1PTO2X_1_psl_o0061-0090.nc /badc/ipcc-ddc/data/netcdf/ar4_v2/psl/GIEH_1PTO2X_1_psl_o0070-0099.nc</fileNames>
                     </FileList>
                  </fileList>
                  <variableName>air_pressure_at_sea_level</variableName>
               </NetCDFExtract>
            </component>
         </AggregatedArray>
      </descriptor>
      <descriptor>
         <AggregatedArray id="Ig7aDdrq">
            <arraySize>39744</arraySize>
            <uom>W.m-2</uom>
            <aggType>new</aggType>
            <aggIndex>1</aggIndex>
            <component>
               <NetCDFExtract>
                  <arraySize>12  46  72</arraySize>
                  <fileList>
                     <FileList id="CVtHXAOp">
                        <fileNames>/badc/ipcc-ddc/data/netcdf/ar4_v2/rsds/GIEH_1PTO2X_1_rsds_o0001-0030.nc /badc/ipcc-ddc/data/netcdf/ar4_v2/rsds/GIEH_1PTO2X_1_rsds_o0010-0039.nc /badc/ipcc-ddc/data/netcdf/ar4_v2/rsds/GIEH_1PTO2X_1_rsds_o0031-0060.nc /badc/ipcc-ddc/data/netcdf/ar4_v2/rsds/GIEH_1PTO2X_1_rsds_o0040-0069.nc /badc/ipcc-ddc/data/netcdf/ar4_v2/rsds/GIEH_1PTO2X_1_rsds_o0061-0090.nc /badc/ipcc-ddc/data/netcdf/ar4_v2/rsds/GIEH_1PTO2X_1_rsds_o0070-0099.nc</fileNames>
                     </FileList>
                  </fileList>
                  <variableName>surface_downwelling_shortwave_flux_in_air</variableName>
               </NetCDFExtract>
            </component>
         </AggregatedArray>
      </descriptor>
      <descriptor>
         <AggregatedArray id="ZOIT08os">
            <arraySize>39744</arraySize>
            <uom>K</uom>
            <aggType>new</aggType>
            <aggIndex>1</aggIndex>
            <component>
               <NetCDFExtract>
                  <arraySize>12  46  72</arraySize>
                  <fileList>
                     <FileList id="DVguRyZJ">
                        <fileNames>/badc/ipcc-ddc/data/netcdf/ar4_v2/tas/GIEH_1PTO2X_1_tas_o0001-0030.nc /badc/ipcc-ddc/data/netcdf/ar4_v2/tas/GIEH_1PTO2X_1_tas_o0010-0039.nc /badc/ipcc-ddc/data/netcdf/ar4_v2/tas/GIEH_1PTO2X_1_tas_o0031-0060.nc /badc/ipcc-ddc/data/netcdf/ar4_v2/tas/GIEH_1PTO2X_1_tas_o0040-0069.nc /badc/ipcc-ddc/data/netcdf/ar4_v2/tas/GIEH_1PTO2X_1_tas_o0061-0090.nc /badc/ipcc-ddc/data/netcdf/ar4_v2/tas/GIEH_1PTO2X_1_tas_o0070-0099.nc</fileNames>
                     </FileList>
                  </fileList>
                  <variableName>air_temperature</variableName>
               </NetCDFExtract>
            </component>
         </AggregatedArray>
      </descriptor>
      <descriptor>
         <AggregatedArray id="WTQsA8CX">
            <arraySize>39744</arraySize>
            <uom>m.s-1</uom>
            <aggType>new</aggType>
            <aggIndex>1</aggIndex>
            <component>
               <NetCDFExtract>
                  <arraySize>12  46  72</arraySize>
                  <fileList>
                     <FileList id="SuCdvkfi">
                        <fileNames>/badc/ipcc-ddc/data/netcdf/ar4_v2/uas/GIEH_1PTO2X_1_uas_o0001-0030.nc /badc/ipcc-ddc/data/netcdf/ar4_v2/uas/GIEH_1PTO2X_1_uas_o0010-0039.nc /badc/ipcc-ddc/data/netcdf/ar4_v2/uas/GIEH_1PTO2X_1_uas_o0031-0060.nc /badc/ipcc-ddc/data/netcdf/ar4_v2/uas/GIEH_1PTO2X_1_uas_o0040-0069.nc /badc/ipcc-ddc/data/netcdf/ar4_v2/uas/GIEH_1PTO2X_1_uas_o0061-0090.nc /badc/ipcc-ddc/data/netcdf/ar4_v2/uas/GIEH_1PTO2X_1_uas_o0070-0099.nc</fileNames>
                     </FileList>
                  </fileList>
                  <variableName>eastward_wind</variableName>
               </NetCDFExtract>
            </component>
         </AggregatedArray>
      </descriptor>
      <descriptor>
         <AggregatedArray id="IDHDfCIq">
            <arraySize>39744</arraySize>
            <uom>m.s-1</uom>
            <aggType>new</aggType>
            <aggIndex>1</aggIndex>
            <component>
               <NetCDFExtract>
                  <arraySize>12  46  72</arraySize>
                  <fileList>
                     <FileList id="Pr26g323">
                        <fileNames>/badc/ipcc-ddc/data/netcdf/ar4_v2/vas/GIEH_1PTO2X_1_vas_o0001-0030.nc /badc/ipcc-ddc/data/netcdf/ar4_v2/vas/GIEH_1PTO2X_1_vas_o0010-0039.nc /badc/ipcc-ddc/data/netcdf/ar4_v2/vas/GIEH_1PTO2X_1_vas_o0031-0060.nc /badc/ipcc-ddc/data/netcdf/ar4_v2/vas/GIEH_1PTO2X_1_vas_o0040-0069.nc /badc/ipcc-ddc/data/netcdf/ar4_v2/vas/GIEH_1PTO2X_1_vas_o0061-0090.nc /badc/ipcc-ddc/data/netcdf/ar4_v2/vas/GIEH_1PTO2X_1_vas_o0070-0099.nc</fileNames>
                     </FileList>
                  </fileList>
                  <variableName>northward_wind</variableName>
               </NetCDFExtract>
            </component>
         </AggregatedArray>
      </descriptor>
   </CSMLStorageDescriptor>
</Dataset>