<?xml version="1.0" encoding="UTF-8"?><Dataset xmlns="http://ndg.nerc.ac.uk/csml"  xmlns:gml="http://www.opengis.net/gml" xmlns:om="http://www.opengis.net/om" xmlns:swe="http://www.opengis.net/swe"  xmlns:xsi="http://www.w3.org/2001/XMLSchema-instance" xmlns:moles="http://ndg.nerc.ac.uk/moles"  xmlns:xlink="http://www.w3.org/1999/xlink" xsi:schemaLocation="http://ndg.nerc.ac.uk/csml/ schemas/csmlDataset.xsd" id="ar4_GFCM20_1PTO2X_clim_30">
   <name>Scenario: 1PTO2X - Model: GFCM20 - 30 year mean climatology</name>
   <AccessControlPolicy>
      <dgSecurityCondition>
         <moles:effect>allow</moles:effect>
         <moles:simpleCondition>
            <moles:dgAttributeAuthority>http://aa.ceda.rl.ac.uk/</moles:dgAttributeAuthority>
            <moles:attrauthRole>badc</moles:attrauthRole>
         </moles:simpleCondition>
      </dgSecurityCondition>
   </AccessControlPolicy>
   <CSMLFeatureCollection gml:id="IWyz5RJw">
      <gml:metaDataProperty></gml:metaDataProperty>
      <gml:boundedBy>
         <gml:EnvelopeWithTimePeriod srsName="WGS84">
            <gml:lowerCorner>0.0 -90.0</gml:lowerCorner>
            <gml:upperCorner>360.0 90.0</gml:upperCorner>
            <gml:beginPosition>16-01-16T00:00:00.0</gml:beginPosition>
            <gml:endPosition>85-12-16T00:00:00.0</gml:endPosition>
         </gml:EnvelopeWithTimePeriod>
      </gml:boundedBy>
      <featureMember>
         <GridSeriesFeature gml:id="precipitation_flux">
            <gml:description>missing description</gml:description>
            <gml:name>precipitation_flux</gml:name>
            <gml:boundedBy>
               <gml:EnvelopeWithTimePeriod srsName="WGS84">
                  <gml:lowerCorner>0.0 -90.0</gml:lowerCorner>
                  <gml:upperCorner>360.0 90.0</gml:upperCorner>
                  <gml:beginPosition>16-01-16T00:00:00.0</gml:beginPosition>
                  <gml:endPosition>85-12-16T00:00:00.0</gml:endPosition>
               </gml:EnvelopeWithTimePeriod>
            </gml:boundedBy>
            <value>
               <GridSeriesCoverage gml:id="GA8MPfLQ">
                  <gridSeriesDomain>
                     <GridSeriesDomain srsName="ndg:crs:lonlatt" uomLabels="degree_east degree_north days_since_0002-01-01" gml:id="R8MWleij" axisLabels="longitude latitude time" dimension="3" srsDimension="3">
                        <limits>
                           <gml:GridEnvelope>
                              <gml:low>0 0 0</gml:low>
                              <gml:high>0 0 0</gml:high>
                           </gml:GridEnvelope>
                        </limits>
                        <axisLabels>time latitude longitude</axisLabels>
                        <coordTransformTable>
                           <GridCoordinatesTable>
                              <gridOrdinate>
                                 <GridOrdinateDescription>
                                    <coordAxisLabel>time</coordAxisLabel>
                                    <coordAxisValues>
                                       <SpatialOrTemporalPositionList gml:id="OGuu6iMW">
                                          <timePositionList frame="ndg:standard">16-01-16T00:00:00.0 16-02-16T00:00:00.0 16-03-16T00:00:00.0 16-04-16T00:00:00.0 16-05-16T00:00:00.0 16-06-16T00:00:00.0 16-07-16T00:00:00.0 16-08-16T00:00:00.0 16-09-16T00:00:00.0 16-10-16T00:00:00.0 16-11-16T00:00:00.0 16-12-16T00:00:00.0 25-01-16T00:00:00.0 25-02-16T00:00:00.0 25-03-16T00:00:00.0 25-04-16T00:00:00.0 25-05-16T00:00:00.0 25-06-16T00:00:00.0 25-07-16T00:00:00.0 25-08-16T00:00:00.0 25-09-16T00:00:00.0 25-10-16T00:00:00.0 25-11-16T00:00:00.0 25-12-16T00:00:00.0 46-01-16T00:00:00.0 46-02-16T00:00:00.0 46-03-16T00:00:00.0 46-04-16T00:00:00.0 46-05-16T00:00:00.0 46-06-16T00:00:00.0 46-07-16T00:00:00.0 46-08-16T00:00:00.0 46-09-16T00:00:00.0 46-10-16T00:00:00.0 46-11-16T00:00:00.0 46-12-16T00:00:00.0 55-01-16T00:00:00.0 55-02-16T00:00:00.0 55-03-16T00:00:00.0 55-04-16T00:00:00.0 55-05-16T00:00:00.0 55-06-16T00:00:00.0 55-07-16T00:00:00.0 55-08-16T00:00:00.0 55-09-16T00:00:00.0 55-10-16T00:00:00.0 55-11-16T00:00:00.0 55-12-16T00:00:00.0 76-01-16T00:00:00.0 76-02-16T00:00:00.0 76-03-16T00:00:00.0 76-04-16T00:00:00.0 76-05-16T00:00:00.0 76-06-16T00:00:00.0 76-07-16T00:00:00.0 76-08-16T00:00:00.0 76-09-16T00:00:00.0 76-10-16T00:00:00.0 76-11-16T00:00:00.0 76-12-16T00:00:00.0 85-01-16T00:00:00.0 85-02-16T00:00:00.0 85-03-16T00:00:00.0 85-04-16T00:00:00.0 85-05-16T00:00:00.0 85-06-16T00:00:00.0 85-07-16T00:00:00.0 85-08-16T00:00:00.0 85-09-16T00:00:00.0 85-10-16T00:00:00.0 85-11-16T00:00:00.0 85-12-16T00:00:00.0</timePositionList>
                                       </SpatialOrTemporalPositionList>
                                    </coordAxisValues>
                                    <gridAxesSpanned>time</gridAxesSpanned>
                                    <sequenceRule axisOrder="+1">Linear</sequenceRule>
                                 </GridOrdinateDescription>
                              </gridOrdinate>
                              <gridOrdinate>
                                 <GridOrdinateDescription>
                                    <coordAxisLabel>latitude</coordAxisLabel>
                                    <coordAxisValues xlink:href="#QI134ugG" xlink:show="embed" xlink:arcrole="coordinateList" xlink:role="http://ndg.nerc.ac.uk/fileFormat/csmlStorageDescriptor">
                                       <SpatialOrTemporalPositionList gml:id="Y8xJtH83">
                                          <coordinateList></coordinateList>
                                       </SpatialOrTemporalPositionList>
                                    </coordAxisValues>
                                    <gridAxesSpanned>latitude</gridAxesSpanned>
                                    <sequenceRule axisOrder="+1">Linear</sequenceRule>
                                 </GridOrdinateDescription>
                              </gridOrdinate>
                              <gridOrdinate>
                                 <GridOrdinateDescription>
                                    <coordAxisLabel>longitude</coordAxisLabel>
                                    <coordAxisValues xlink:href="#ZrgRPhrN" xlink:show="embed" xlink:arcrole="coordinateList" xlink:role="http://ndg.nerc.ac.uk/fileFormat/csmlStorageDescriptor">
                                       <SpatialOrTemporalPositionList gml:id="VdsGx2PN">
                                          <coordinateList></coordinateList>
                                       </SpatialOrTemporalPositionList>
                                    </coordAxisValues>
                                    <gridAxesSpanned>longitude</gridAxesSpanned>
                                    <sequenceRule axisOrder="+1">Linear</sequenceRule>
                                 </GridOrdinateDescription>
                              </gridOrdinate>
                           </GridCoordinatesTable>
                        </coordTransformTable>
                     </GridSeriesDomain>
                  </gridSeriesDomain>
                  <gml:rangeSet>
                     <gml:ValueArray gml:id="DaDl4Yaw">
                        <gml:valueComponent xlink:href="#Nvy8dbBT" xlink:show="embed" xlink:arcrole="QuantityList" xlink:role="http://ndg.nerc.ac.uk/fileFormat/csmlStorageDescriptor">
                           <gml:QuantityList uom="kg.m-2.s-1"></gml:QuantityList>
                        </gml:valueComponent>
                     </gml:ValueArray>
                  </gml:rangeSet>
               </GridSeriesCoverage>
            </value>
            <parameter xlink:href="http://cfconventions.org/standard_names/precipitation_flux"></parameter>
         </GridSeriesFeature>
      </featureMember>
      <featureMember>
         <GridSeriesFeature gml:id="air_pressure_at_sea_level">
            <gml:description>missing description</gml:description>
            <gml:name>air_pressure_at_sea_level</gml:name>
            <gml:boundedBy>
               <gml:EnvelopeWithTimePeriod srsName="WGS84">
                  <gml:lowerCorner>0.0 -90.0</gml:lowerCorner>
                  <gml:upperCorner>360.0 90.0</gml:upperCorner>
                  <gml:beginPosition>16-01-16T00:00:00.0</gml:beginPosition>
                  <gml:endPosition>85-12-16T00:00:00.0</gml:endPosition>
               </gml:EnvelopeWithTimePeriod>
            </gml:boundedBy>
            <value>
               <GridSeriesCoverage gml:id="ShEnUd7C">
                  <gridSeriesDomain>
                     <GridSeriesDomain srsName="ndg:crs:lonlatt" uomLabels="degree_east degree_north days_since_0002-01-01" gml:id="T7N4nmXf" axisLabels="longitude latitude time" dimension="3" srsDimension="3">
                        <limits>
                           <gml:GridEnvelope>
                              <gml:low>0 0 0</gml:low>
                              <gml:high>0 0 0</gml:high>
                           </gml:GridEnvelope>
                        </limits>
                        <axisLabels>time latitude longitude</axisLabels>
                        <coordTransformTable>
                           <GridCoordinatesTable>
                              <gridOrdinate>
                                 <GridOrdinateDescription>
                                    <coordAxisLabel>time</coordAxisLabel>
                                    <coordAxisValues>
                                       <SpatialOrTemporalPositionList gml:id="YKZEqZ1A">
                                          <timePositionList frame="ndg:standard">16-01-16T00:00:00.0 16-02-16T00:00:00.0 16-03-16T00:00:00.0 16-04-16T00:00:00.0 16-05-16T00:00:00.0 16-06-16T00:00:00.0 16-07-16T00:00:00.0 16-08-16T00:00:00.0 16-09-16T00:00:00.0 16-10-16T00:00:00.0 16-11-16T00:00:00.0 16-12-16T00:00:00.0 25-01-16T00:00:00.0 25-02-16T00:00:00.0 25-03-16T00:00:00.0 25-04-16T00:00:00.0 25-05-16T00:00:00.0 25-06-16T00:00:00.0 25-07-16T00:00:00.0 25-08-16T00:00:00.0 25-09-16T00:00:00.0 25-10-16T00:00:00.0 25-11-16T00:00:00.0 25-12-16T00:00:00.0 46-01-16T00:00:00.0 46-02-16T00:00:00.0 46-03-16T00:00:00.0 46-04-16T00:00:00.0 46-05-16T00:00:00.0 46-06-16T00:00:00.0 46-07-16T00:00:00.0 46-08-16T00:00:00.0 46-09-16T00:00:00.0 46-10-16T00:00:00.0 46-11-16T00:00:00.0 46-12-16T00:00:00.0 55-01-16T00:00:00.0 55-02-16T00:00:00.0 55-03-16T00:00:00.0 55-04-16T00:00:00.0 55-05-16T00:00:00.0 55-06-16T00:00:00.0 55-07-16T00:00:00.0 55-08-16T00:00:00.0 55-09-16T00:00:00.0 55-10-16T00:00:00.0 55-11-16T00:00:00.0 55-12-16T00:00:00.0 76-01-16T00:00:00.0 76-02-16T00:00:00.0 76-03-16T00:00:00.0 76-04-16T00:00:00.0 76-05-16T00:00:00.0 76-06-16T00:00:00.0 76-07-16T00:00:00.0 76-08-16T00:00:00.0 76-09-16T00:00:00.0 76-10-16T00:00:00.0 76-11-16T00:00:00.0 76-12-16T00:00:00.0 85-01-16T00:00:00.0 85-02-16T00:00:00.0 85-03-16T00:00:00.0 85-04-16T00:00:00.0 85-05-16T00:00:00.0 85-06-16T00:00:00.0 85-07-16T00:00:00.0 85-08-16T00:00:00.0 85-09-16T00:00:00.0 85-10-16T00:00:00.0 85-11-16T00:00:00.0 85-12-16T00:00:00.0</timePositionList>
                                       </SpatialOrTemporalPositionList>
                                    </coordAxisValues>
                                    <gridAxesSpanned>time</gridAxesSpanned>
                                    <sequenceRule axisOrder="+1">Linear</sequenceRule>
                                 </GridOrdinateDescription>
                              </gridOrdinate>
                              <gridOrdinate>
                                 <GridOrdinateDescription>
                                    <coordAxisLabel>latitude</coordAxisLabel>
                                    <coordAxisValues xlink:href="#VivJzdLG" xlink:show="embed" xlink:arcrole="coordinateList" xlink:role="http://ndg.nerc.ac.uk/fileFormat/csmlStorageDescriptor">
                                       <SpatialOrTemporalPositionList gml:id="BzhOSAlA">
                                          <coordinateList></coordinateList>
                                       </SpatialOrTemporalPositionList>
                                    </coordAxisValues>
                                    <gridAxesSpanned>latitude</gridAxesSpanned>
                                    <sequenceRule axisOrder="+1">Linear</sequenceRule>
                                 </GridOrdinateDescription>
                              </gridOrdinate>
                              <gridOrdinate>
                                 <GridOrdinateDescription>
                                    <coordAxisLabel>longitude</coordAxisLabel>
                                    <coordAxisValues xlink:href="#ZZBlvctj" xlink:show="embed" xlink:arcrole="coordinateList" xlink:role="http://ndg.nerc.ac.uk/fileFormat/csmlStorageDescriptor">
                                       <SpatialOrTemporalPositionList gml:id="ZZinleYv">
                                          <coordinateList></coordinateList>
                                       </SpatialOrTemporalPositionList>
                                    </coordAxisValues>
                                    <gridAxesSpanned>longitude</gridAxesSpanned>
                                    <sequenceRule axisOrder="+1">Linear</sequenceRule>
                                 </GridOrdinateDescription>
                              </gridOrdinate>
                           </GridCoordinatesTable>
                        </coordTransformTable>
                     </GridSeriesDomain>
                  </gridSeriesDomain>
                  <gml:rangeSet>
                     <gml:ValueArray gml:id="L0FIyi1Y">
                        <gml:valueComponent xlink:href="#Cxo791Ui" xlink:show="embed" xlink:arcrole="QuantityList" xlink:role="http://ndg.nerc.ac.uk/fileFormat/csmlStorageDescriptor">
                           <gml:QuantityList uom="Pa"></gml:QuantityList>
                        </gml:valueComponent>
                     </gml:ValueArray>
                  </gml:rangeSet>
               </GridSeriesCoverage>
            </value>
            <parameter xlink:href="http://cfconventions.org/standard_names/air_pressure_at_sea_level"></parameter>
         </GridSeriesFeature>
      </featureMember>
      <featureMember>
         <GridSeriesFeature gml:id="surface_downwelling_shortwave_flux_in_air">
            <gml:description>missing description</gml:description>
            <gml:name>surface_downwelling_shortwave_flux_in_air</gml:name>
            <gml:boundedBy>
               <gml:EnvelopeWithTimePeriod srsName="WGS84">
                  <gml:lowerCorner>0.0 -90.0</gml:lowerCorner>
                  <gml:upperCorner>360.0 90.0</gml:upperCorner>
                  <gml:beginPosition>16-01-16T00:00:00.0</gml:beginPosition>
                  <gml:endPosition>85-12-16T00:00:00.0</gml:endPosition>
               </gml:EnvelopeWithTimePeriod>
            </gml:boundedBy>
            <value>
               <GridSeriesCoverage gml:id="AiKt65Fs">
                  <gridSeriesDomain>
                     <GridSeriesDomain srsName="ndg:crs:lonlatt" uomLabels="degree_east degree_north days_since_0002-01-01" gml:id="G7l8gvrx" axisLabels="longitude latitude time" dimension="3" srsDimension="3">
                        <limits>
                           <gml:GridEnvelope>
                              <gml:low>0 0 0</gml:low>
                              <gml:high>0 0 0</gml:high>
                           </gml:GridEnvelope>
                        </limits>
                        <axisLabels>time latitude longitude</axisLabels>
                        <coordTransformTable>
                           <GridCoordinatesTable>
                              <gridOrdinate>
                                 <GridOrdinateDescription>
                                    <coordAxisLabel>time</coordAxisLabel>
                                    <coordAxisValues>
                                       <SpatialOrTemporalPositionList gml:id="NtNNbq0S">
                                          <timePositionList frame="ndg:standard">16-01-16T00:00:00.0 16-02-16T00:00:00.0 16-03-16T00:00:00.0 16-04-16T00:00:00.0 16-05-16T00:00:00.0 16-06-16T00:00:00.0 16-07-16T00:00:00.0 16-08-16T00:00:00.0 16-09-16T00:00:00.0 16-10-16T00:00:00.0 16-11-16T00:00:00.0 16-12-16T00:00:00.0 25-01-16T00:00:00.0 25-02-16T00:00:00.0 25-03-16T00:00:00.0 25-04-16T00:00:00.0 25-05-16T00:00:00.0 25-06-16T00:00:00.0 25-07-16T00:00:00.0 25-08-16T00:00:00.0 25-09-16T00:00:00.0 25-10-16T00:00:00.0 25-11-16T00:00:00.0 25-12-16T00:00:00.0 46-01-16T00:00:00.0 46-02-16T00:00:00.0 46-03-16T00:00:00.0 46-04-16T00:00:00.0 46-05-16T00:00:00.0 46-06-16T00:00:00.0 46-07-16T00:00:00.0 46-08-16T00:00:00.0 46-09-16T00:00:00.0 46-10-16T00:00:00.0 46-11-16T00:00:00.0 46-12-16T00:00:00.0 55-01-16T00:00:00.0 55-02-16T00:00:00.0 55-03-16T00:00:00.0 55-04-16T00:00:00.0 55-05-16T00:00:00.0 55-06-16T00:00:00.0 55-07-16T00:00:00.0 55-08-16T00:00:00.0 55-09-16T00:00:00.0 55-10-16T00:00:00.0 55-11-16T00:00:00.0 55-12-16T00:00:00.0 76-01-16T00:00:00.0 76-02-16T00:00:00.0 76-03-16T00:00:00.0 76-04-16T00:00:00.0 76-05-16T00:00:00.0 76-06-16T00:00:00.0 76-07-16T00:00:00.0 76-08-16T00:00:00.0 76-09-16T00:00:00.0 76-10-16T00:00:00.0 76-11-16T00:00:00.0 76-12-16T00:00:00.0 85-01-16T00:00:00.0 85-02-16T00:00:00.0 85-03-16T00:00:00.0 85-04-16T00:00:00.0 85-05-16T00:00:00.0 85-06-16T00:00:00.0 85-07-16T00:00:00.0 85-08-16T00:00:00.0 85-09-16T00:00:00.0 85-10-16T00:00:00.0 85-11-16T00:00:00.0 85-12-16T00:00:00.0</timePositionList>
                                       </SpatialOrTemporalPositionList>
                                    </coordAxisValues>
                                    <gridAxesSpanned>time</gridAxesSpanned>
                                    <sequenceRule axisOrder="+1">Linear</sequenceRule>
                                 </GridOrdinateDescription>
                              </gridOrdinate>
                              <gridOrdinate>
                                 <GridOrdinateDescription>
                                    <coordAxisLabel>latitude</coordAxisLabel>
                                    <coordAxisValues xlink:href="#ATxBK5us" xlink:show="embed" xlink:arcrole="coordinateList" xlink:role="http://ndg.nerc.ac.uk/fileFormat/csmlStorageDescriptor">
                                       <SpatialOrTemporalPositionList gml:id="DTjuINys">
                                          <coordinateList></coordinateList>
                                       </SpatialOrTemporalPositionList>
                                    </coordAxisValues>
                                    <gridAxesSpanned>latitude</gridAxesSpanned>
                                    <sequenceRule axisOrder="+1">Linear</sequenceRule>
                                 </GridOrdinateDescription>
                              </gridOrdinate>
                              <gridOrdinate>
                                 <GridOrdinateDescription>
                                    <coordAxisLabel>longitude</coordAxisLabel>
                                    <coordAxisValues xlink:href="#OTSQwySD" xlink:show="embed" xlink:arcrole="coordinateList" xlink:role="http://ndg.nerc.ac.uk/fileFormat/csmlStorageDescriptor">
                                       <SpatialOrTemporalPositionList gml:id="RBO380GT">
                                          <coordinateList></coordinateList>
                                       </SpatialOrTemporalPositionList>
                                    </coordAxisValues>
                                    <gridAxesSpanned>longitude</gridAxesSpanned>
                                    <sequenceRule axisOrder="+1">Linear</sequenceRule>
                                 </GridOrdinateDescription>
                              </gridOrdinate>
                           </GridCoordinatesTable>
                        </coordTransformTable>
                     </GridSeriesDomain>
                  </gridSeriesDomain>
                  <gml:rangeSet>
                     <gml:ValueArray gml:id="LYBODIMn">
                        <gml:valueComponent xlink:href="#X4qLLFGE" xlink:show="embed" xlink:arcrole="QuantityList" xlink:role="http://ndg.nerc.ac.uk/fileFormat/csmlStorageDescriptor">
                           <gml:QuantityList uom="W.m-2"></gml:QuantityList>
                        </gml:valueComponent>
                     </gml:ValueArray>
                  </gml:rangeSet>
               </GridSeriesCoverage>
            </value>
            <parameter xlink:href="http://cfconventions.org/standard_names/surface_downwelling_shortwave_flux_in_air"></parameter>
         </GridSeriesFeature>
      </featureMember>
      <featureMember>
         <GridSeriesFeature gml:id="air_temperature">
            <gml:description>missing description</gml:description>
            <gml:name>air_temperature</gml:name>
            <gml:boundedBy>
               <gml:EnvelopeWithTimePeriod srsName="WGS84">
                  <gml:lowerCorner>0.0 -90.0</gml:lowerCorner>
                  <gml:upperCorner>360.0 90.0</gml:upperCorner>
                  <gml:beginPosition>16-01-16T00:00:00.0</gml:beginPosition>
                  <gml:endPosition>85-12-16T00:00:00.0</gml:endPosition>
               </gml:EnvelopeWithTimePeriod>
            </gml:boundedBy>
            <value>
               <GridSeriesCoverage gml:id="SVrTN9Gm">
                  <gridSeriesDomain>
                     <GridSeriesDomain srsName="ndg:crs:lonlatt" uomLabels="degree_east degree_north days_since_0002-01-01" gml:id="LL7FowWN" axisLabels="longitude latitude time" dimension="3" srsDimension="3">
                        <limits>
                           <gml:GridEnvelope>
                              <gml:low>0 0 0</gml:low>
                              <gml:high>0 0 0</gml:high>
                           </gml:GridEnvelope>
                        </limits>
                        <axisLabels>time latitude longitude</axisLabels>
                        <coordTransformTable>
                           <GridCoordinatesTable>
                              <gridOrdinate>
                                 <GridOrdinateDescription>
                                    <coordAxisLabel>time</coordAxisLabel>
                                    <coordAxisValues>
                                       <SpatialOrTemporalPositionList gml:id="QcHzNHpp">
                                          <timePositionList frame="ndg:standard">16-01-16T00:00:00.0 16-02-16T00:00:00.0 16-03-16T00:00:00.0 16-04-16T00:00:00.0 16-05-16T00:00:00.0 16-06-16T00:00:00.0 16-07-16T00:00:00.0 16-08-16T00:00:00.0 16-09-16T00:00:00.0 16-10-16T00:00:00.0 16-11-16T00:00:00.0 16-12-16T00:00:00.0 25-01-16T00:00:00.0 25-02-16T00:00:00.0 25-03-16T00:00:00.0 25-04-16T00:00:00.0 25-05-16T00:00:00.0 25-06-16T00:00:00.0 25-07-16T00:00:00.0 25-08-16T00:00:00.0 25-09-16T00:00:00.0 25-10-16T00:00:00.0 25-11-16T00:00:00.0 25-12-16T00:00:00.0 46-01-16T00:00:00.0 46-02-16T00:00:00.0 46-03-16T00:00:00.0 46-04-16T00:00:00.0 46-05-16T00:00:00.0 46-06-16T00:00:00.0 46-07-16T00:00:00.0 46-08-16T00:00:00.0 46-09-16T00:00:00.0 46-10-16T00:00:00.0 46-11-16T00:00:00.0 46-12-16T00:00:00.0 55-01-16T00:00:00.0 55-02-16T00:00:00.0 55-03-16T00:00:00.0 55-04-16T00:00:00.0 55-05-16T00:00:00.0 55-06-16T00:00:00.0 55-07-16T00:00:00.0 55-08-16T00:00:00.0 55-09-16T00:00:00.0 55-10-16T00:00:00.0 55-11-16T00:00:00.0 55-12-16T00:00:00.0 76-01-16T00:00:00.0 76-02-16T00:00:00.0 76-03-16T00:00:00.0 76-04-16T00:00:00.0 76-05-16T00:00:00.0 76-06-16T00:00:00.0 76-07-16T00:00:00.0 76-08-16T00:00:00.0 76-09-16T00:00:00.0 76-10-16T00:00:00.0 76-11-16T00:00:00.0 76-12-16T00:00:00.0 85-01-16T00:00:00.0 85-02-16T00:00:00.0 85-03-16T00:00:00.0 85-04-16T00:00:00.0 85-05-16T00:00:00.0 85-06-16T00:00:00.0 85-07-16T00:00:00.0 85-08-16T00:00:00.0 85-09-16T00:00:00.0 85-10-16T00:00:00.0 85-11-16T00:00:00.0 85-12-16T00:00:00.0</timePositionList>
                                       </SpatialOrTemporalPositionList>
                                    </coordAxisValues>
                                    <gridAxesSpanned>time</gridAxesSpanned>
                                    <sequenceRule axisOrder="+1">Linear</sequenceRule>
                                 </GridOrdinateDescription>
                              </gridOrdinate>
                              <gridOrdinate>
                                 <GridOrdinateDescription>
                                    <coordAxisLabel>latitude</coordAxisLabel>
                                    <coordAxisValues xlink:href="#AQUqzQaQ" xlink:show="embed" xlink:arcrole="coordinateList" xlink:role="http://ndg.nerc.ac.uk/fileFormat/csmlStorageDescriptor">
                                       <SpatialOrTemporalPositionList gml:id="GfoAgQkb">
                                          <coordinateList></coordinateList>
                                       </SpatialOrTemporalPositionList>
                                    </coordAxisValues>
                                    <gridAxesSpanned>latitude</gridAxesSpanned>
                                    <sequenceRule axisOrder="+1">Linear</sequenceRule>
                                 </GridOrdinateDescription>
                              </gridOrdinate>
                              <gridOrdinate>
                                 <GridOrdinateDescription>
                                    <coordAxisLabel>longitude</coordAxisLabel>
                                    <coordAxisValues xlink:href="#WGZx5vII" xlink:show="embed" xlink:arcrole="coordinateList" xlink:role="http://ndg.nerc.ac.uk/fileFormat/csmlStorageDescriptor">
                                       <SpatialOrTemporalPositionList gml:id="EOPQpiVs">
                                          <coordinateList></coordinateList>
                                       </SpatialOrTemporalPositionList>
                                    </coordAxisValues>
                                    <gridAxesSpanned>longitude</gridAxesSpanned>
                                    <sequenceRule axisOrder="+1">Linear</sequenceRule>
                                 </GridOrdinateDescription>
                              </gridOrdinate>
                           </GridCoordinatesTable>
                        </coordTransformTable>
                     </GridSeriesDomain>
                  </gridSeriesDomain>
                  <gml:rangeSet>
                     <gml:ValueArray gml:id="DtMIByau">
                        <gml:valueComponent xlink:href="#OHMOsrGH" xlink:show="embed" xlink:arcrole="QuantityList" xlink:role="http://ndg.nerc.ac.uk/fileFormat/csmlStorageDescriptor">
                           <gml:QuantityList uom="K"></gml:QuantityList>
                        </gml:valueComponent>
                     </gml:ValueArray>
                  </gml:rangeSet>
               </GridSeriesCoverage>
            </value>
            <parameter xlink:href="http://cfconventions.org/standard_names/air_temperature"></parameter>
         </GridSeriesFeature>
      </featureMember>
      <featureMember>
         <GridSeriesFeature gml:id="eastward_wind">
            <gml:description>missing description</gml:description>
            <gml:name>eastward_wind</gml:name>
            <gml:boundedBy>
               <gml:EnvelopeWithTimePeriod srsName="WGS84">
                  <gml:lowerCorner>0.0 -90.0</gml:lowerCorner>
                  <gml:upperCorner>360.0 90.0</gml:upperCorner>
                  <gml:beginPosition>16-01-16T00:00:00.0</gml:beginPosition>
                  <gml:endPosition>85-12-16T00:00:00.0</gml:endPosition>
               </gml:EnvelopeWithTimePeriod>
            </gml:boundedBy>
            <value>
               <GridSeriesCoverage gml:id="N6E2wr5F">
                  <gridSeriesDomain>
                     <GridSeriesDomain srsName="ndg:crs:lonlatt" uomLabels="degree_east degree_north days_since_0002-01-01" gml:id="JBpanIDZ" axisLabels="longitude latitude time" dimension="3" srsDimension="3">
                        <limits>
                           <gml:GridEnvelope>
                              <gml:low>0 0 0</gml:low>
                              <gml:high>0 0 0</gml:high>
                           </gml:GridEnvelope>
                        </limits>
                        <axisLabels>time latitude longitude</axisLabels>
                        <coordTransformTable>
                           <GridCoordinatesTable>
                              <gridOrdinate>
                                 <GridOrdinateDescription>
                                    <coordAxisLabel>time</coordAxisLabel>
                                    <coordAxisValues>
                                       <SpatialOrTemporalPositionList gml:id="UyKi9oNh">
                                          <timePositionList frame="ndg:standard">16-01-16T00:00:00.0 16-02-16T00:00:00.0 16-03-16T00:00:00.0 16-04-16T00:00:00.0 16-05-16T00:00:00.0 16-06-16T00:00:00.0 16-07-16T00:00:00.0 16-08-16T00:00:00.0 16-09-16T00:00:00.0 16-10-16T00:00:00.0 16-11-16T00:00:00.0 16-12-16T00:00:00.0 25-01-16T00:00:00.0 25-02-16T00:00:00.0 25-03-16T00:00:00.0 25-04-16T00:00:00.0 25-05-16T00:00:00.0 25-06-16T00:00:00.0 25-07-16T00:00:00.0 25-08-16T00:00:00.0 25-09-16T00:00:00.0 25-10-16T00:00:00.0 25-11-16T00:00:00.0 25-12-16T00:00:00.0 46-01-16T00:00:00.0 46-02-16T00:00:00.0 46-03-16T00:00:00.0 46-04-16T00:00:00.0 46-05-16T00:00:00.0 46-06-16T00:00:00.0 46-07-16T00:00:00.0 46-08-16T00:00:00.0 46-09-16T00:00:00.0 46-10-16T00:00:00.0 46-11-16T00:00:00.0 46-12-16T00:00:00.0 55-01-16T00:00:00.0 55-02-16T00:00:00.0 55-03-16T00:00:00.0 55-04-16T00:00:00.0 55-05-16T00:00:00.0 55-06-16T00:00:00.0 55-07-16T00:00:00.0 55-08-16T00:00:00.0 55-09-16T00:00:00.0 55-10-16T00:00:00.0 55-11-16T00:00:00.0 55-12-16T00:00:00.0 76-01-16T00:00:00.0 76-02-16T00:00:00.0 76-03-16T00:00:00.0 76-04-16T00:00:00.0 76-05-16T00:00:00.0 76-06-16T00:00:00.0 76-07-16T00:00:00.0 76-08-16T00:00:00.0 76-09-16T00:00:00.0 76-10-16T00:00:00.0 76-11-16T00:00:00.0 76-12-16T00:00:00.0 85-01-16T00:00:00.0 85-02-16T00:00:00.0 85-03-16T00:00:00.0 85-04-16T00:00:00.0 85-05-16T00:00:00.0 85-06-16T00:00:00.0 85-07-16T00:00:00.0 85-08-16T00:00:00.0 85-09-16T00:00:00.0 85-10-16T00:00:00.0 85-11-16T00:00:00.0 85-12-16T00:00:00.0</timePositionList>
                                       </SpatialOrTemporalPositionList>
                                    </coordAxisValues>
                                    <gridAxesSpanned>time</gridAxesSpanned>
                                    <sequenceRule axisOrder="+1">Linear</sequenceRule>
                                 </GridOrdinateDescription>
                              </gridOrdinate>
                              <gridOrdinate>
                                 <GridOrdinateDescription>
                                    <coordAxisLabel>latitude</coordAxisLabel>
                                    <coordAxisValues xlink:href="#YRjUKPHJ" xlink:show="embed" xlink:arcrole="coordinateList" xlink:role="http://ndg.nerc.ac.uk/fileFormat/csmlStorageDescriptor">
                                       <SpatialOrTemporalPositionList gml:id="AlcKaOI2">
                                          <coordinateList></coordinateList>
                                       </SpatialOrTemporalPositionList>
                                    </coordAxisValues>
                                    <gridAxesSpanned>latitude</gridAxesSpanned>
                                    <sequenceRule axisOrder="+1">Linear</sequenceRule>
                                 </GridOrdinateDescription>
                              </gridOrdinate>
                              <gridOrdinate>
                                 <GridOrdinateDescription>
                                    <coordAxisLabel>longitude</coordAxisLabel>
                                    <coordAxisValues xlink:href="#N20FLTx1" xlink:show="embed" xlink:arcrole="coordinateList" xlink:role="http://ndg.nerc.ac.uk/fileFormat/csmlStorageDescriptor">
                                       <SpatialOrTemporalPositionList gml:id="HdgizNEl">
                                          <coordinateList></coordinateList>
                                       </SpatialOrTemporalPositionList>
                                    </coordAxisValues>
                                    <gridAxesSpanned>longitude</gridAxesSpanned>
                                    <sequenceRule axisOrder="+1">Linear</sequenceRule>
                                 </GridOrdinateDescription>
                              </gridOrdinate>
                           </GridCoordinatesTable>
                        </coordTransformTable>
                     </GridSeriesDomain>
                  </gridSeriesDomain>
                  <gml:rangeSet>
                     <gml:ValueArray gml:id="EHSZlRTK">
                        <gml:valueComponent xlink:href="#YF6Zv3YR" xlink:show="embed" xlink:arcrole="QuantityList" xlink:role="http://ndg.nerc.ac.uk/fileFormat/csmlStorageDescriptor">
                           <gml:QuantityList uom="m.s-1"></gml:QuantityList>
                        </gml:valueComponent>
                     </gml:ValueArray>
                  </gml:rangeSet>
               </GridSeriesCoverage>
            </value>
            <parameter xlink:href="http://cfconventions.org/standard_names/eastward_wind"></parameter>
         </GridSeriesFeature>
      </featureMember>
      <featureMember>
         <GridSeriesFeature gml:id="northward_wind">
            <gml:description>missing description</gml:description>
            <gml:name>northward_wind</gml:name>
            <gml:boundedBy>
               <gml:EnvelopeWithTimePeriod srsName="WGS84">
                  <gml:lowerCorner>0.0 -90.0</gml:lowerCorner>
                  <gml:upperCorner>360.0 90.0</gml:upperCorner>
                  <gml:beginPosition>16-01-16T00:00:00.0</gml:beginPosition>
                  <gml:endPosition>85-12-16T00:00:00.0</gml:endPosition>
               </gml:EnvelopeWithTimePeriod>
            </gml:boundedBy>
            <value>
               <GridSeriesCoverage gml:id="DLm0vIRO">
                  <gridSeriesDomain>
                     <GridSeriesDomain srsName="ndg:crs:lonlatt" uomLabels="degree_east degree_north days_since_0002-01-01" gml:id="KLYtIUKC" axisLabels="longitude latitude time" dimension="3" srsDimension="3">
                        <limits>
                           <gml:GridEnvelope>
                              <gml:low>0 0 0</gml:low>
                              <gml:high>0 0 0</gml:high>
                           </gml:GridEnvelope>
                        </limits>
                        <axisLabels>time latitude longitude</axisLabels>
                        <coordTransformTable>
                           <GridCoordinatesTable>
                              <gridOrdinate>
                                 <GridOrdinateDescription>
                                    <coordAxisLabel>time</coordAxisLabel>
                                    <coordAxisValues>
                                       <SpatialOrTemporalPositionList gml:id="TKhSLbif">
                                          <timePositionList frame="ndg:standard">16-01-16T00:00:00.0 16-02-16T00:00:00.0 16-03-16T00:00:00.0 16-04-16T00:00:00.0 16-05-16T00:00:00.0 16-06-16T00:00:00.0 16-07-16T00:00:00.0 16-08-16T00:00:00.0 16-09-16T00:00:00.0 16-10-16T00:00:00.0 16-11-16T00:00:00.0 16-12-16T00:00:00.0 25-01-16T00:00:00.0 25-02-16T00:00:00.0 25-03-16T00:00:00.0 25-04-16T00:00:00.0 25-05-16T00:00:00.0 25-06-16T00:00:00.0 25-07-16T00:00:00.0 25-08-16T00:00:00.0 25-09-16T00:00:00.0 25-10-16T00:00:00.0 25-11-16T00:00:00.0 25-12-16T00:00:00.0 46-01-16T00:00:00.0 46-02-16T00:00:00.0 46-03-16T00:00:00.0 46-04-16T00:00:00.0 46-05-16T00:00:00.0 46-06-16T00:00:00.0 46-07-16T00:00:00.0 46-08-16T00:00:00.0 46-09-16T00:00:00.0 46-10-16T00:00:00.0 46-11-16T00:00:00.0 46-12-16T00:00:00.0 55-01-16T00:00:00.0 55-02-16T00:00:00.0 55-03-16T00:00:00.0 55-04-16T00:00:00.0 55-05-16T00:00:00.0 55-06-16T00:00:00.0 55-07-16T00:00:00.0 55-08-16T00:00:00.0 55-09-16T00:00:00.0 55-10-16T00:00:00.0 55-11-16T00:00:00.0 55-12-16T00:00:00.0 76-01-16T00:00:00.0 76-02-16T00:00:00.0 76-03-16T00:00:00.0 76-04-16T00:00:00.0 76-05-16T00:00:00.0 76-06-16T00:00:00.0 76-07-16T00:00:00.0 76-08-16T00:00:00.0 76-09-16T00:00:00.0 76-10-16T00:00:00.0 76-11-16T00:00:00.0 76-12-16T00:00:00.0 85-01-16T00:00:00.0 85-02-16T00:00:00.0 85-03-16T00:00:00.0 85-04-16T00:00:00.0 85-05-16T00:00:00.0 85-06-16T00:00:00.0 85-07-16T00:00:00.0 85-08-16T00:00:00.0 85-09-16T00:00:00.0 85-10-16T00:00:00.0 85-11-16T00:00:00.0 85-12-16T00:00:00.0</timePositionList>
                                       </SpatialOrTemporalPositionList>
                                    </coordAxisValues>
                                    <gridAxesSpanned>time</gridAxesSpanned>
                                    <sequenceRule axisOrder="+1">Linear</sequenceRule>
                                 </GridOrdinateDescription>
                              </gridOrdinate>
                              <gridOrdinate>
                                 <GridOrdinateDescription>
                                    <coordAxisLabel>latitude</coordAxisLabel>
                                    <coordAxisValues xlink:href="#VlxEa3mX" xlink:show="embed" xlink:arcrole="coordinateList" xlink:role="http://ndg.nerc.ac.uk/fileFormat/csmlStorageDescriptor">
                                       <SpatialOrTemporalPositionList gml:id="ADC2mZAp">
                                          <coordinateList></coordinateList>
                                       </SpatialOrTemporalPositionList>
                                    </coordAxisValues>
                                    <gridAxesSpanned>latitude</gridAxesSpanned>
                                    <sequenceRule axisOrder="+1">Linear</sequenceRule>
                                 </GridOrdinateDescription>
                              </gridOrdinate>
                              <gridOrdinate>
                                 <GridOrdinateDescription>
                                    <coordAxisLabel>longitude</coordAxisLabel>
                                    <coordAxisValues xlink:href="#DgEsVZBE" xlink:show="embed" xlink:arcrole="coordinateList" xlink:role="http://ndg.nerc.ac.uk/fileFormat/csmlStorageDescriptor">
                                       <SpatialOrTemporalPositionList gml:id="RISzh6cB">
                                          <coordinateList></coordinateList>
                                       </SpatialOrTemporalPositionList>
                                    </coordAxisValues>
                                    <gridAxesSpanned>longitude</gridAxesSpanned>
                                    <sequenceRule axisOrder="+1">Linear</sequenceRule>
                                 </GridOrdinateDescription>
                              </gridOrdinate>
                           </GridCoordinatesTable>
                        </coordTransformTable>
                     </GridSeriesDomain>
                  </gridSeriesDomain>
                  <gml:rangeSet>
                     <gml:ValueArray gml:id="VEb9V90Y">
                        <gml:valueComponent xlink:href="#Vtpmnmt8" xlink:show="embed" xlink:arcrole="QuantityList" xlink:role="http://ndg.nerc.ac.uk/fileFormat/csmlStorageDescriptor">
                           <gml:QuantityList uom="m.s-1"></gml:QuantityList>
                        </gml:valueComponent>
                     </gml:ValueArray>
                  </gml:rangeSet>
               </GridSeriesCoverage>
            </value>
            <parameter xlink:href="http://cfconventions.org/standard_names/northward_wind"></parameter>
         </GridSeriesFeature>
      </featureMember>
   </CSMLFeatureCollection>
   <CSMLStorageDescriptor>
      <descriptor>
         <NetCDFExtract id="QI134ugG">
            <arraySize>90</arraySize>
            <fileName>/badc/ipcc-ddc/data/netcdf/ar4_v2/pr/GFCM20_1PTO2X_1_pr_o0001-0030.nc</fileName>
            <variableName>latitude</variableName>
         </NetCDFExtract>
      </descriptor>
      <descriptor>
         <NetCDFExtract id="KSmpOxWd">
            <arraySize>2</arraySize>
            <fileName>/badc/ipcc-ddc/data/netcdf/ar4_v2/pr/GFCM20_1PTO2X_1_pr_o0001-0030.nc</fileName>
            <variableName>bounds</variableName>
         </NetCDFExtract>
      </descriptor>
      <descriptor>
         <NetCDFExtract id="ZrgRPhrN">
            <arraySize>144</arraySize>
            <fileName>/badc/ipcc-ddc/data/netcdf/ar4_v2/pr/GFCM20_1PTO2X_1_pr_o0001-0030.nc</fileName>
            <variableName>longitude</variableName>
         </NetCDFExtract>
      </descriptor>
      <descriptor>
         <NetCDFExtract id="Jqu4UiyI">
            <arraySize>12</arraySize>
            <fileName>/badc/ipcc-ddc/data/netcdf/ar4_v2/pr/GFCM20_1PTO2X_1_pr_o0001-0030.nc</fileName>
            <variableName>time</variableName>
         </NetCDFExtract>
      </descriptor>
      <descriptor>
         <NetCDFExtract id="VivJzdLG">
            <arraySize>90</arraySize>
            <fileName>/badc/ipcc-ddc/data/netcdf/ar4_v2/psl/GFCM20_1PTO2X_1_psl_o0001-0030.nc</fileName>
            <variableName>latitude</variableName>
         </NetCDFExtract>
      </descriptor>
      <descriptor>
         <NetCDFExtract id="DvU70azt">
            <arraySize>2</arraySize>
            <fileName>/badc/ipcc-ddc/data/netcdf/ar4_v2/psl/GFCM20_1PTO2X_1_psl_o0001-0030.nc</fileName>
            <variableName>bounds</variableName>
         </NetCDFExtract>
      </descriptor>
      <descriptor>
         <NetCDFExtract id="ZZBlvctj">
            <arraySize>144</arraySize>
            <fileName>/badc/ipcc-ddc/data/netcdf/ar4_v2/psl/GFCM20_1PTO2X_1_psl_o0001-0030.nc</fileName>
            <variableName>longitude</variableName>
         </NetCDFExtract>
      </descriptor>
      <descriptor>
         <NetCDFExtract id="HNMOxhvC">
            <arraySize>12</arraySize>
            <fileName>/badc/ipcc-ddc/data/netcdf/ar4_v2/psl/GFCM20_1PTO2X_1_psl_o0001-0030.nc</fileName>
            <variableName>time</variableName>
         </NetCDFExtract>
      </descriptor>
      <descriptor>
         <NetCDFExtract id="ATxBK5us">
            <arraySize>90</arraySize>
            <fileName>/badc/ipcc-ddc/data/netcdf/ar4_v2/rsds/GFCM20_1PTO2X_1_rsds_o0001-0030.nc</fileName>
            <variableName>latitude</variableName>
         </NetCDFExtract>
      </descriptor>
      <descriptor>
         <NetCDFExtract id="Y4aT30gE">
            <arraySize>2</arraySize>
            <fileName>/badc/ipcc-ddc/data/netcdf/ar4_v2/rsds/GFCM20_1PTO2X_1_rsds_o0001-0030.nc</fileName>
            <variableName>bounds</variableName>
         </NetCDFExtract>
      </descriptor>
      <descriptor>
         <NetCDFExtract id="OTSQwySD">
            <arraySize>144</arraySize>
            <fileName>/badc/ipcc-ddc/data/netcdf/ar4_v2/rsds/GFCM20_1PTO2X_1_rsds_o0001-0030.nc</fileName>
            <variableName>longitude</variableName>
         </NetCDFExtract>
      </descriptor>
      <descriptor>
         <NetCDFExtract id="EUmyCFuw">
            <arraySize>12</arraySize>
            <fileName>/badc/ipcc-ddc/data/netcdf/ar4_v2/rsds/GFCM20_1PTO2X_1_rsds_o0001-0030.nc</fileName>
            <variableName>time</variableName>
         </NetCDFExtract>
      </descriptor>
      <descriptor>
         <NetCDFExtract id="AQUqzQaQ">
            <arraySize>90</arraySize>
            <fileName>/badc/ipcc-ddc/data/netcdf/ar4_v2/tas/GFCM20_1PTO2X_1_tas_o0001-0030.nc</fileName>
            <variableName>latitude</variableName>
         </NetCDFExtract>
      </descriptor>
      <descriptor>
         <NetCDFExtract id="MmuEoRUl">
            <arraySize>2</arraySize>
            <fileName>/badc/ipcc-ddc/data/netcdf/ar4_v2/tas/GFCM20_1PTO2X_1_tas_o0001-0030.nc</fileName>
            <variableName>bounds</variableName>
         </NetCDFExtract>
      </descriptor>
      <descriptor>
         <NetCDFExtract id="WGZx5vII">
            <arraySize>144</arraySize>
            <fileName>/badc/ipcc-ddc/data/netcdf/ar4_v2/tas/GFCM20_1PTO2X_1_tas_o0001-0030.nc</fileName>
            <variableName>longitude</variableName>
         </NetCDFExtract>
      </descriptor>
      <descriptor>
         <NetCDFExtract id="QsdswzJu">
            <arraySize>12</arraySize>
            <fileName>/badc/ipcc-ddc/data/netcdf/ar4_v2/tas/GFCM20_1PTO2X_1_tas_o0001-0030.nc</fileName>
            <variableName>time</variableName>
         </NetCDFExtract>
      </descriptor>
      <descriptor>
         <NetCDFExtract id="YRjUKPHJ">
            <arraySize>90</arraySize>
            <fileName>/badc/ipcc-ddc/data/netcdf/ar4_v2/uas/GFCM20_1PTO2X_1_uas_o0001-0030.nc</fileName>
            <variableName>latitude</variableName>
         </NetCDFExtract>
      </descriptor>
      <descriptor>
         <NetCDFExtract id="S999wijl">
            <arraySize>2</arraySize>
            <fileName>/badc/ipcc-ddc/data/netcdf/ar4_v2/uas/GFCM20_1PTO2X_1_uas_o0001-0030.nc</fileName>
            <variableName>bounds</variableName>
         </NetCDFExtract>
      </descriptor>
      <descriptor>
         <NetCDFExtract id="N20FLTx1">
            <arraySize>144</arraySize>
            <fileName>/badc/ipcc-ddc/data/netcdf/ar4_v2/uas/GFCM20_1PTO2X_1_uas_o0001-0030.nc</fileName>
            <variableName>longitude</variableName>
         </NetCDFExtract>
      </descriptor>
      <descriptor>
         <NetCDFExtract id="XC7vE2eP">
            <arraySize>12</arraySize>
            <fileName>/badc/ipcc-ddc/data/netcdf/ar4_v2/uas/GFCM20_1PTO2X_1_uas_o0001-0030.nc</fileName>
            <variableName>time</variableName>
         </NetCDFExtract>
      </descriptor>
      <descriptor>
         <NetCDFExtract id="VlxEa3mX">
            <arraySize>90</arraySize>
            <fileName>/badc/ipcc-ddc/data/netcdf/ar4_v2/vas/GFCM20_1PTO2X_1_vas_o0001-0030.nc</fileName>
            <variableName>latitude</variableName>
         </NetCDFExtract>
      </descriptor>
      <descriptor>
         <NetCDFExtract id="ItjSnNhT">
            <arraySize>2</arraySize>
            <fileName>/badc/ipcc-ddc/data/netcdf/ar4_v2/vas/GFCM20_1PTO2X_1_vas_o0001-0030.nc</fileName>
            <variableName>bounds</variableName>
         </NetCDFExtract>
      </descriptor>
      <descriptor>
         <NetCDFExtract id="DgEsVZBE">
            <arraySize>144</arraySize>
            <fileName>/badc/ipcc-ddc/data/netcdf/ar4_v2/vas/GFCM20_1PTO2X_1_vas_o0001-0030.nc</fileName>
            <variableName>longitude</variableName>
         </NetCDFExtract>
      </descriptor>
      <descriptor>
         <NetCDFExtract id="OkroBypm">
            <arraySize>12</arraySize>
            <fileName>/badc/ipcc-ddc/data/netcdf/ar4_v2/vas/GFCM20_1PTO2X_1_vas_o0001-0030.nc</fileName>
            <variableName>time</variableName>
         </NetCDFExtract>
      </descriptor>
      <descriptor>
         <AggregatedArray id="Nvy8dbBT">
            <arraySize>155520</arraySize>
            <uom>kg.m-2.s-1</uom>
            <aggType>new</aggType>
            <aggIndex>1</aggIndex>
            <component>
               <NetCDFExtract>
                  <arraySize>12  90  144</arraySize>
                  <fileList>
                     <FileList id="TZBst9wU">
                        <fileNames>/badc/ipcc-ddc/data/netcdf/ar4_v2/pr/GFCM20_1PTO2X_1_pr_o0001-0030.nc /badc/ipcc-ddc/data/netcdf/ar4_v2/pr/GFCM20_1PTO2X_1_pr_o0010-0039.nc /badc/ipcc-ddc/data/netcdf/ar4_v2/pr/GFCM20_1PTO2X_1_pr_o0031-0060.nc /badc/ipcc-ddc/data/netcdf/ar4_v2/pr/GFCM20_1PTO2X_1_pr_o0040-0069.nc /badc/ipcc-ddc/data/netcdf/ar4_v2/pr/GFCM20_1PTO2X_1_pr_o0061-0090.nc /badc/ipcc-ddc/data/netcdf/ar4_v2/pr/GFCM20_1PTO2X_1_pr_o0070-0099.nc</fileNames>
                     </FileList>
                  </fileList>
                  <variableName>precipitation_flux</variableName>
               </NetCDFExtract>
            </component>
         </AggregatedArray>
      </descriptor>
      <descriptor>
         <AggregatedArray id="Cxo791Ui">
            <arraySize>155520</arraySize>
            <uom>Pa</uom>
            <aggType>new</aggType>
            <aggIndex>1</aggIndex>
            <component>
               <NetCDFExtract>
                  <arraySize>12  90  144</arraySize>
                  <fileList>
                     <FileList id="SHhK6vHY">
                        <fileNames>/badc/ipcc-ddc/data/netcdf/ar4_v2/psl/GFCM20_1PTO2X_1_psl_o0001-0030.nc /badc/ipcc-ddc/data/netcdf/ar4_v2/psl/GFCM20_1PTO2X_1_psl_o0010-0039.nc /badc/ipcc-ddc/data/netcdf/ar4_v2/psl/GFCM20_1PTO2X_1_psl_o0031-0060.nc /badc/ipcc-ddc/data/netcdf/ar4_v2/psl/GFCM20_1PTO2X_1_psl_o0040-0069.nc /badc/ipcc-ddc/data/netcdf/ar4_v2/psl/GFCM20_1PTO2X_1_psl_o0061-0090.nc /badc/ipcc-ddc/data/netcdf/ar4_v2/psl/GFCM20_1PTO2X_1_psl_o0070-0099.nc</fileNames>
                     </FileList>
                  </fileList>
                  <variableName>air_pressure_at_sea_level</variableName>
               </NetCDFExtract>
            </component>
         </AggregatedArray>
      </descriptor>
      <descriptor>
         <AggregatedArray id="X4qLLFGE">
            <arraySize>155520</arraySize>
            <uom>W.m-2</uom>
            <aggType>new</aggType>
            <aggIndex>1</aggIndex>
            <component>
               <NetCDFExtract>
                  <arraySize>12  90  144</arraySize>
                  <fileList>
                     <FileList id="BS29FqgU">
                        <fileNames>/badc/ipcc-ddc/data/netcdf/ar4_v2/rsds/GFCM20_1PTO2X_1_rsds_o0001-0030.nc /badc/ipcc-ddc/data/netcdf/ar4_v2/rsds/GFCM20_1PTO2X_1_rsds_o0010-0039.nc /badc/ipcc-ddc/data/netcdf/ar4_v2/rsds/GFCM20_1PTO2X_1_rsds_o0031-0060.nc /badc/ipcc-ddc/data/netcdf/ar4_v2/rsds/GFCM20_1PTO2X_1_rsds_o0040-0069.nc /badc/ipcc-ddc/data/netcdf/ar4_v2/rsds/GFCM20_1PTO2X_1_rsds_o0061-0090.nc /badc/ipcc-ddc/data/netcdf/ar4_v2/rsds/GFCM20_1PTO2X_1_rsds_o0070-0099.nc</fileNames>
                     </FileList>
                  </fileList>
                  <variableName>surface_downwelling_shortwave_flux_in_air</variableName>
               </NetCDFExtract>
            </component>
         </AggregatedArray>
      </descriptor>
      <descriptor>
         <AggregatedArray id="OHMOsrGH">
            <arraySize>155520</arraySize>
            <uom>K</uom>
            <aggType>new</aggType>
            <aggIndex>1</aggIndex>
            <component>
               <NetCDFExtract>
                  <arraySize>12  90  144</arraySize>
                  <fileList>
                     <FileList id="NlDPFB1K">
                        <fileNames>/badc/ipcc-ddc/data/netcdf/ar4_v2/tas/GFCM20_1PTO2X_1_tas_o0001-0030.nc /badc/ipcc-ddc/data/netcdf/ar4_v2/tas/GFCM20_1PTO2X_1_tas_o0010-0039.nc /badc/ipcc-ddc/data/netcdf/ar4_v2/tas/GFCM20_1PTO2X_1_tas_o0031-0060.nc /badc/ipcc-ddc/data/netcdf/ar4_v2/tas/GFCM20_1PTO2X_1_tas_o0040-0069.nc /badc/ipcc-ddc/data/netcdf/ar4_v2/tas/GFCM20_1PTO2X_1_tas_o0061-0090.nc /badc/ipcc-ddc/data/netcdf/ar4_v2/tas/GFCM20_1PTO2X_1_tas_o0070-0099.nc</fileNames>
                     </FileList>
                  </fileList>
                  <variableName>air_temperature</variableName>
               </NetCDFExtract>
            </component>
         </AggregatedArray>
      </descriptor>
      <descriptor>
         <AggregatedArray id="YF6Zv3YR">
            <arraySize>155520</arraySize>
            <uom>m.s-1</uom>
            <aggType>new</aggType>
            <aggIndex>1</aggIndex>
            <component>
               <NetCDFExtract>
                  <arraySize>12  90  144</arraySize>
                  <fileList>
                     <FileList id="XLq1rQiI">
                        <fileNames>/badc/ipcc-ddc/data/netcdf/ar4_v2/uas/GFCM20_1PTO2X_1_uas_o0001-0030.nc /badc/ipcc-ddc/data/netcdf/ar4_v2/uas/GFCM20_1PTO2X_1_uas_o0010-0039.nc /badc/ipcc-ddc/data/netcdf/ar4_v2/uas/GFCM20_1PTO2X_1_uas_o0031-0060.nc /badc/ipcc-ddc/data/netcdf/ar4_v2/uas/GFCM20_1PTO2X_1_uas_o0040-0069.nc /badc/ipcc-ddc/data/netcdf/ar4_v2/uas/GFCM20_1PTO2X_1_uas_o0061-0090.nc /badc/ipcc-ddc/data/netcdf/ar4_v2/uas/GFCM20_1PTO2X_1_uas_o0070-0099.nc</fileNames>
                     </FileList>
                  </fileList>
                  <variableName>eastward_wind</variableName>
               </NetCDFExtract>
            </component>
         </AggregatedArray>
      </descriptor>
      <descriptor>
         <AggregatedArray id="Vtpmnmt8">
            <arraySize>155520</arraySize>
            <uom>m.s-1</uom>
            <aggType>new</aggType>
            <aggIndex>1</aggIndex>
            <component>
               <NetCDFExtract>
                  <arraySize>12  90  144</arraySize>
                  <fileList>
                     <FileList id="FpoYKB3N">
                        <fileNames>/badc/ipcc-ddc/data/netcdf/ar4_v2/vas/GFCM20_1PTO2X_1_vas_o0001-0030.nc /badc/ipcc-ddc/data/netcdf/ar4_v2/vas/GFCM20_1PTO2X_1_vas_o0010-0039.nc /badc/ipcc-ddc/data/netcdf/ar4_v2/vas/GFCM20_1PTO2X_1_vas_o0031-0060.nc /badc/ipcc-ddc/data/netcdf/ar4_v2/vas/GFCM20_1PTO2X_1_vas_o0040-0069.nc /badc/ipcc-ddc/data/netcdf/ar4_v2/vas/GFCM20_1PTO2X_1_vas_o0061-0090.nc /badc/ipcc-ddc/data/netcdf/ar4_v2/vas/GFCM20_1PTO2X_1_vas_o0070-0099.nc</fileNames>
                     </FileList>
                  </fileList>
                  <variableName>northward_wind</variableName>
               </NetCDFExtract>
            </component>
         </AggregatedArray>
      </descriptor>
   </CSMLStorageDescriptor>
</Dataset>