<?xml version="1.0" encoding="UTF-8"?><Dataset xmlns="http://ndg.nerc.ac.uk/csml"  xmlns:gml="http://www.opengis.net/gml" xmlns:om="http://www.opengis.net/om" xmlns:swe="http://www.opengis.net/swe"  xmlns:xsi="http://www.w3.org/2001/XMLSchema-instance" xmlns:moles="http://ndg.nerc.ac.uk/moles"  xmlns:xlink="http://www.w3.org/1999/xlink" xsi:schemaLocation="http://ndg.nerc.ac.uk/csml/ schemas/csmlDataset.xsd" id="ar4_MIMR_SRB1_change_30">
   <name>Scenario: SRB1 - Model: MIMR - 30 year mean anomaly</name>
   <AccessControlPolicy>
      <dgSecurityCondition>
         <moles:effect>allow</moles:effect>
         <moles:simpleCondition>
            <moles:dgAttributeAuthority>http://aa.ceda.rl.ac.uk/</moles:dgAttributeAuthority>
            <moles:attrauthRole>badc</moles:attrauthRole>
         </moles:simpleCondition>
      </dgSecurityCondition>
   </AccessControlPolicy>
   <CSMLFeatureCollection gml:id="Ygyppv6L">
      <gml:metaDataProperty></gml:metaDataProperty>
      <gml:boundedBy>
         <gml:EnvelopeWithTimePeriod srsName="WGS84">
            <gml:lowerCorner>0.0 -89.2586746216</gml:lowerCorner>
            <gml:upperCorner>360.0 89.2586746216</gml:upperCorner>
            <gml:beginPosition>2024-01-16T00:00:00.0</gml:beginPosition>
            <gml:endPosition>2084-12-16T00:00:00.0</gml:endPosition>
         </gml:EnvelopeWithTimePeriod>
      </gml:boundedBy>
      <featureMember>
         <GridSeriesFeature gml:id="specific_humidity_anomaly">
            <gml:description>missing description</gml:description>
            <gml:name>specific_humidity_anomaly</gml:name>
            <gml:boundedBy>
               <gml:EnvelopeWithTimePeriod srsName="WGS84">
                  <gml:lowerCorner>0.0 -89.2586746216</gml:lowerCorner>
                  <gml:upperCorner>360.0 89.2586746216</gml:upperCorner>
                  <gml:beginPosition>2024-01-16T00:00:00.0</gml:beginPosition>
                  <gml:endPosition>2084-12-16T00:00:00.0</gml:endPosition>
               </gml:EnvelopeWithTimePeriod>
            </gml:boundedBy>
            <value>
               <GridSeriesCoverage gml:id="Qi4XFka3">
                  <gridSeriesDomain>
                     <GridSeriesDomain srsName="ndg:crs:lonlatt" uomLabels="degree_east degree_north days_since_2010-01-01" gml:id="ZaE30Vi6" axisLabels="longitude latitude time" dimension="3" srsDimension="3">
                        <limits>
                           <gml:GridEnvelope>
                              <gml:low>0 0 0</gml:low>
                              <gml:high>0 0 0</gml:high>
                           </gml:GridEnvelope>
                        </limits>
                        <axisLabels>time latitude longitude</axisLabels>
                        <coordTransformTable>
                           <GridCoordinatesTable>
                              <gridOrdinate>
                                 <GridOrdinateDescription>
                                    <coordAxisLabel>time</coordAxisLabel>
                                    <coordAxisValues>
                                       <SpatialOrTemporalPositionList gml:id="SVM1Urow">
                                          <timePositionList frame="ndg:standard">2024-01-16T00:00:00.0 2024-02-16T00:00:00.0 2024-03-16T00:00:00.0 2024-04-16T00:00:00.0 2024-05-16T00:00:00.0 2024-06-16T00:00:00.0 2024-07-16T00:00:00.0 2024-08-16T00:00:00.0 2024-09-16T00:00:00.0 2024-10-16T00:00:00.0 2024-11-16T00:00:00.0 2024-12-16T00:00:00.0 2054-01-16T00:00:00.0 2054-02-16T00:00:00.0 2054-03-16T00:00:00.0 2054-04-16T00:00:00.0 2054-05-16T00:00:00.0 2054-06-16T00:00:00.0 2054-07-16T00:00:00.0 2054-08-16T00:00:00.0 2054-09-16T00:00:00.0 2054-10-16T00:00:00.0 2054-11-16T00:00:00.0 2054-12-16T00:00:00.0 2084-01-16T00:00:00.0 2084-02-16T00:00:00.0 2084-03-16T00:00:00.0 2084-04-16T00:00:00.0 2084-05-16T00:00:00.0 2084-06-16T00:00:00.0 2084-07-16T00:00:00.0 2084-08-16T00:00:00.0 2084-09-16T00:00:00.0 2084-10-16T00:00:00.0 2084-11-16T00:00:00.0 2084-12-16T00:00:00.0</timePositionList>
                                       </SpatialOrTemporalPositionList>
                                    </coordAxisValues>
                                    <gridAxesSpanned>time</gridAxesSpanned>
                                    <sequenceRule axisOrder="+1">Linear</sequenceRule>
                                 </GridOrdinateDescription>
                              </gridOrdinate>
                              <gridOrdinate>
                                 <GridOrdinateDescription>
                                    <coordAxisLabel>latitude</coordAxisLabel>
                                    <coordAxisValues xlink:href="#UzXVwZrs" xlink:show="embed" xlink:arcrole="coordinateList" xlink:role="http://ndg.nerc.ac.uk/fileFormat/csmlStorageDescriptor">
                                       <SpatialOrTemporalPositionList gml:id="JHpXc4vG">
                                          <coordinateList></coordinateList>
                                       </SpatialOrTemporalPositionList>
                                    </coordAxisValues>
                                    <gridAxesSpanned>latitude</gridAxesSpanned>
                                    <sequenceRule axisOrder="+1">Linear</sequenceRule>
                                 </GridOrdinateDescription>
                              </gridOrdinate>
                              <gridOrdinate>
                                 <GridOrdinateDescription>
                                    <coordAxisLabel>longitude</coordAxisLabel>
                                    <coordAxisValues xlink:href="#I18YBlRx" xlink:show="embed" xlink:arcrole="coordinateList" xlink:role="http://ndg.nerc.ac.uk/fileFormat/csmlStorageDescriptor">
                                       <SpatialOrTemporalPositionList gml:id="Q2jKULtE">
                                          <coordinateList></coordinateList>
                                       </SpatialOrTemporalPositionList>
                                    </coordAxisValues>
                                    <gridAxesSpanned>longitude</gridAxesSpanned>
                                    <sequenceRule axisOrder="+1">Linear</sequenceRule>
                                 </GridOrdinateDescription>
                              </gridOrdinate>
                           </GridCoordinatesTable>
                        </coordTransformTable>
                     </GridSeriesDomain>
                  </gridSeriesDomain>
                  <gml:rangeSet>
                     <gml:ValueArray gml:id="PYVnOtIY">
                        <gml:valueComponent xlink:href="#MBYhmWfg" xlink:show="embed" xlink:arcrole="QuantityList" xlink:role="http://ndg.nerc.ac.uk/fileFormat/csmlStorageDescriptor">
                           <gml:QuantityList uom="1"></gml:QuantityList>
                        </gml:valueComponent>
                     </gml:ValueArray>
                  </gml:rangeSet>
               </GridSeriesCoverage>
            </value>
            <parameter xlink:href="http://cfconventions.org/standard_names/specific_humidity_anomaly"></parameter>
         </GridSeriesFeature>
      </featureMember>
      <featureMember>
         <GridSeriesFeature gml:id="precipitation_flux_anomaly">
            <gml:description>missing description</gml:description>
            <gml:name>precipitation_flux_anomaly</gml:name>
            <gml:boundedBy>
               <gml:EnvelopeWithTimePeriod srsName="WGS84">
                  <gml:lowerCorner>0.0 -89.2586746216</gml:lowerCorner>
                  <gml:upperCorner>360.0 89.2586746216</gml:upperCorner>
                  <gml:beginPosition>2024-01-16T00:00:00.0</gml:beginPosition>
                  <gml:endPosition>2084-12-16T00:00:00.0</gml:endPosition>
               </gml:EnvelopeWithTimePeriod>
            </gml:boundedBy>
            <value>
               <GridSeriesCoverage gml:id="RGMnMxQ9">
                  <gridSeriesDomain>
                     <GridSeriesDomain srsName="ndg:crs:lonlatt" uomLabels="degree_east degree_north days_since_2010-01-01" gml:id="UbLc7Xtd" axisLabels="longitude latitude time" dimension="3" srsDimension="3">
                        <limits>
                           <gml:GridEnvelope>
                              <gml:low>0 0 0</gml:low>
                              <gml:high>0 0 0</gml:high>
                           </gml:GridEnvelope>
                        </limits>
                        <axisLabels>time latitude longitude</axisLabels>
                        <coordTransformTable>
                           <GridCoordinatesTable>
                              <gridOrdinate>
                                 <GridOrdinateDescription>
                                    <coordAxisLabel>time</coordAxisLabel>
                                    <coordAxisValues>
                                       <SpatialOrTemporalPositionList gml:id="EqqpeBTF">
                                          <timePositionList frame="ndg:standard">2024-01-16T00:00:00.0 2024-02-16T00:00:00.0 2024-03-16T00:00:00.0 2024-04-16T00:00:00.0 2024-05-16T00:00:00.0 2024-06-16T00:00:00.0 2024-07-16T00:00:00.0 2024-08-16T00:00:00.0 2024-09-16T00:00:00.0 2024-10-16T00:00:00.0 2024-11-16T00:00:00.0 2024-12-16T00:00:00.0 2054-01-16T00:00:00.0 2054-02-16T00:00:00.0 2054-03-16T00:00:00.0 2054-04-16T00:00:00.0 2054-05-16T00:00:00.0 2054-06-16T00:00:00.0 2054-07-16T00:00:00.0 2054-08-16T00:00:00.0 2054-09-16T00:00:00.0 2054-10-16T00:00:00.0 2054-11-16T00:00:00.0 2054-12-16T00:00:00.0 2084-01-16T00:00:00.0 2084-02-16T00:00:00.0 2084-03-16T00:00:00.0 2084-04-16T00:00:00.0 2084-05-16T00:00:00.0 2084-06-16T00:00:00.0 2084-07-16T00:00:00.0 2084-08-16T00:00:00.0 2084-09-16T00:00:00.0 2084-10-16T00:00:00.0 2084-11-16T00:00:00.0 2084-12-16T00:00:00.0</timePositionList>
                                       </SpatialOrTemporalPositionList>
                                    </coordAxisValues>
                                    <gridAxesSpanned>time</gridAxesSpanned>
                                    <sequenceRule axisOrder="+1">Linear</sequenceRule>
                                 </GridOrdinateDescription>
                              </gridOrdinate>
                              <gridOrdinate>
                                 <GridOrdinateDescription>
                                    <coordAxisLabel>latitude</coordAxisLabel>
                                    <coordAxisValues xlink:href="#SwnHUvj2" xlink:show="embed" xlink:arcrole="coordinateList" xlink:role="http://ndg.nerc.ac.uk/fileFormat/csmlStorageDescriptor">
                                       <SpatialOrTemporalPositionList gml:id="GXdOB1CU">
                                          <coordinateList></coordinateList>
                                       </SpatialOrTemporalPositionList>
                                    </coordAxisValues>
                                    <gridAxesSpanned>latitude</gridAxesSpanned>
                                    <sequenceRule axisOrder="+1">Linear</sequenceRule>
                                 </GridOrdinateDescription>
                              </gridOrdinate>
                              <gridOrdinate>
                                 <GridOrdinateDescription>
                                    <coordAxisLabel>longitude</coordAxisLabel>
                                    <coordAxisValues xlink:href="#J4BRUiuR" xlink:show="embed" xlink:arcrole="coordinateList" xlink:role="http://ndg.nerc.ac.uk/fileFormat/csmlStorageDescriptor">
                                       <SpatialOrTemporalPositionList gml:id="IwXePbEK">
                                          <coordinateList></coordinateList>
                                       </SpatialOrTemporalPositionList>
                                    </coordAxisValues>
                                    <gridAxesSpanned>longitude</gridAxesSpanned>
                                    <sequenceRule axisOrder="+1">Linear</sequenceRule>
                                 </GridOrdinateDescription>
                              </gridOrdinate>
                           </GridCoordinatesTable>
                        </coordTransformTable>
                     </GridSeriesDomain>
                  </gridSeriesDomain>
                  <gml:rangeSet>
                     <gml:ValueArray gml:id="CYaoQqvk">
                        <gml:valueComponent xlink:href="#ITOIsDtO" xlink:show="embed" xlink:arcrole="QuantityList" xlink:role="http://ndg.nerc.ac.uk/fileFormat/csmlStorageDescriptor">
                           <gml:QuantityList uom="kg.m-2.s-1"></gml:QuantityList>
                        </gml:valueComponent>
                     </gml:ValueArray>
                  </gml:rangeSet>
               </GridSeriesCoverage>
            </value>
            <parameter xlink:href="http://cfconventions.org/standard_names/precipitation_flux_anomaly"></parameter>
         </GridSeriesFeature>
      </featureMember>
      <featureMember>
         <GridSeriesFeature gml:id="air_pressure_at_sea_level_anomaly">
            <gml:description>missing description</gml:description>
            <gml:name>air_pressure_at_sea_level_anomaly</gml:name>
            <gml:boundedBy>
               <gml:EnvelopeWithTimePeriod srsName="WGS84">
                  <gml:lowerCorner>0.0 -89.2586746216</gml:lowerCorner>
                  <gml:upperCorner>360.0 89.2586746216</gml:upperCorner>
                  <gml:beginPosition>2024-01-16T00:00:00.0</gml:beginPosition>
                  <gml:endPosition>2084-12-16T00:00:00.0</gml:endPosition>
               </gml:EnvelopeWithTimePeriod>
            </gml:boundedBy>
            <value>
               <GridSeriesCoverage gml:id="WP64DQo3">
                  <gridSeriesDomain>
                     <GridSeriesDomain srsName="ndg:crs:lonlatt" uomLabels="degree_east degree_north days_since_2010-01-01" gml:id="PLZVH09K" axisLabels="longitude latitude time" dimension="3" srsDimension="3">
                        <limits>
                           <gml:GridEnvelope>
                              <gml:low>0 0 0</gml:low>
                              <gml:high>0 0 0</gml:high>
                           </gml:GridEnvelope>
                        </limits>
                        <axisLabels>time latitude longitude</axisLabels>
                        <coordTransformTable>
                           <GridCoordinatesTable>
                              <gridOrdinate>
                                 <GridOrdinateDescription>
                                    <coordAxisLabel>time</coordAxisLabel>
                                    <coordAxisValues>
                                       <SpatialOrTemporalPositionList gml:id="S4tDJsDw">
                                          <timePositionList frame="ndg:standard">2024-01-16T00:00:00.0 2024-02-16T00:00:00.0 2024-03-16T00:00:00.0 2024-04-16T00:00:00.0 2024-05-16T00:00:00.0 2024-06-16T00:00:00.0 2024-07-16T00:00:00.0 2024-08-16T00:00:00.0 2024-09-16T00:00:00.0 2024-10-16T00:00:00.0 2024-11-16T00:00:00.0 2024-12-16T00:00:00.0 2054-01-16T00:00:00.0 2054-02-16T00:00:00.0 2054-03-16T00:00:00.0 2054-04-16T00:00:00.0 2054-05-16T00:00:00.0 2054-06-16T00:00:00.0 2054-07-16T00:00:00.0 2054-08-16T00:00:00.0 2054-09-16T00:00:00.0 2054-10-16T00:00:00.0 2054-11-16T00:00:00.0 2054-12-16T00:00:00.0 2084-01-16T00:00:00.0 2084-02-16T00:00:00.0 2084-03-16T00:00:00.0 2084-04-16T00:00:00.0 2084-05-16T00:00:00.0 2084-06-16T00:00:00.0 2084-07-16T00:00:00.0 2084-08-16T00:00:00.0 2084-09-16T00:00:00.0 2084-10-16T00:00:00.0 2084-11-16T00:00:00.0 2084-12-16T00:00:00.0</timePositionList>
                                       </SpatialOrTemporalPositionList>
                                    </coordAxisValues>
                                    <gridAxesSpanned>time</gridAxesSpanned>
                                    <sequenceRule axisOrder="+1">Linear</sequenceRule>
                                 </GridOrdinateDescription>
                              </gridOrdinate>
                              <gridOrdinate>
                                 <GridOrdinateDescription>
                                    <coordAxisLabel>latitude</coordAxisLabel>
                                    <coordAxisValues xlink:href="#Uuvhbd7v" xlink:show="embed" xlink:arcrole="coordinateList" xlink:role="http://ndg.nerc.ac.uk/fileFormat/csmlStorageDescriptor">
                                       <SpatialOrTemporalPositionList gml:id="QQBVhYbY">
                                          <coordinateList></coordinateList>
                                       </SpatialOrTemporalPositionList>
                                    </coordAxisValues>
                                    <gridAxesSpanned>latitude</gridAxesSpanned>
                                    <sequenceRule axisOrder="+1">Linear</sequenceRule>
                                 </GridOrdinateDescription>
                              </gridOrdinate>
                              <gridOrdinate>
                                 <GridOrdinateDescription>
                                    <coordAxisLabel>longitude</coordAxisLabel>
                                    <coordAxisValues xlink:href="#DeTXLFu0" xlink:show="embed" xlink:arcrole="coordinateList" xlink:role="http://ndg.nerc.ac.uk/fileFormat/csmlStorageDescriptor">
                                       <SpatialOrTemporalPositionList gml:id="Df2W5TAa">
                                          <coordinateList></coordinateList>
                                       </SpatialOrTemporalPositionList>
                                    </coordAxisValues>
                                    <gridAxesSpanned>longitude</gridAxesSpanned>
                                    <sequenceRule axisOrder="+1">Linear</sequenceRule>
                                 </GridOrdinateDescription>
                              </gridOrdinate>
                           </GridCoordinatesTable>
                        </coordTransformTable>
                     </GridSeriesDomain>
                  </gridSeriesDomain>
                  <gml:rangeSet>
                     <gml:ValueArray gml:id="SSlAJgyk">
                        <gml:valueComponent xlink:href="#QR1aqMig" xlink:show="embed" xlink:arcrole="QuantityList" xlink:role="http://ndg.nerc.ac.uk/fileFormat/csmlStorageDescriptor">
                           <gml:QuantityList uom="Pa"></gml:QuantityList>
                        </gml:valueComponent>
                     </gml:ValueArray>
                  </gml:rangeSet>
               </GridSeriesCoverage>
            </value>
            <parameter xlink:href="http://cfconventions.org/standard_names/air_pressure_at_sea_level_anomaly"></parameter>
         </GridSeriesFeature>
      </featureMember>
      <featureMember>
         <GridSeriesFeature gml:id="surface_downwelling_shortwave_flux_in_air_anomaly">
            <gml:description>missing description</gml:description>
            <gml:name>surface_downwelling_shortwave_flux_in_air_anomaly</gml:name>
            <gml:boundedBy>
               <gml:EnvelopeWithTimePeriod srsName="WGS84">
                  <gml:lowerCorner>0.0 -89.2586746216</gml:lowerCorner>
                  <gml:upperCorner>360.0 89.2586746216</gml:upperCorner>
                  <gml:beginPosition>2024-01-16T00:00:00.0</gml:beginPosition>
                  <gml:endPosition>2084-12-16T00:00:00.0</gml:endPosition>
               </gml:EnvelopeWithTimePeriod>
            </gml:boundedBy>
            <value>
               <GridSeriesCoverage gml:id="XmutSSYX">
                  <gridSeriesDomain>
                     <GridSeriesDomain srsName="ndg:crs:lonlatt" uomLabels="degree_east degree_north days_since_2010-01-01" gml:id="Jf7bq72i" axisLabels="longitude latitude time" dimension="3" srsDimension="3">
                        <limits>
                           <gml:GridEnvelope>
                              <gml:low>0 0 0</gml:low>
                              <gml:high>0 0 0</gml:high>
                           </gml:GridEnvelope>
                        </limits>
                        <axisLabels>time latitude longitude</axisLabels>
                        <coordTransformTable>
                           <GridCoordinatesTable>
                              <gridOrdinate>
                                 <GridOrdinateDescription>
                                    <coordAxisLabel>time</coordAxisLabel>
                                    <coordAxisValues>
                                       <SpatialOrTemporalPositionList gml:id="Yewtxvpa">
                                          <timePositionList frame="ndg:standard">2024-01-16T00:00:00.0 2024-02-16T00:00:00.0 2024-03-16T00:00:00.0 2024-04-16T00:00:00.0 2024-05-16T00:00:00.0 2024-06-16T00:00:00.0 2024-07-16T00:00:00.0 2024-08-16T00:00:00.0 2024-09-16T00:00:00.0 2024-10-16T00:00:00.0 2024-11-16T00:00:00.0 2024-12-16T00:00:00.0 2054-01-16T00:00:00.0 2054-02-16T00:00:00.0 2054-03-16T00:00:00.0 2054-04-16T00:00:00.0 2054-05-16T00:00:00.0 2054-06-16T00:00:00.0 2054-07-16T00:00:00.0 2054-08-16T00:00:00.0 2054-09-16T00:00:00.0 2054-10-16T00:00:00.0 2054-11-16T00:00:00.0 2054-12-16T00:00:00.0 2084-01-16T00:00:00.0 2084-02-16T00:00:00.0 2084-03-16T00:00:00.0 2084-04-16T00:00:00.0 2084-05-16T00:00:00.0 2084-06-16T00:00:00.0 2084-07-16T00:00:00.0 2084-08-16T00:00:00.0 2084-09-16T00:00:00.0 2084-10-16T00:00:00.0 2084-11-16T00:00:00.0 2084-12-16T00:00:00.0</timePositionList>
                                       </SpatialOrTemporalPositionList>
                                    </coordAxisValues>
                                    <gridAxesSpanned>time</gridAxesSpanned>
                                    <sequenceRule axisOrder="+1">Linear</sequenceRule>
                                 </GridOrdinateDescription>
                              </gridOrdinate>
                              <gridOrdinate>
                                 <GridOrdinateDescription>
                                    <coordAxisLabel>latitude</coordAxisLabel>
                                    <coordAxisValues xlink:href="#IkLs2kbO" xlink:show="embed" xlink:arcrole="coordinateList" xlink:role="http://ndg.nerc.ac.uk/fileFormat/csmlStorageDescriptor">
                                       <SpatialOrTemporalPositionList gml:id="Wp5L0xFZ">
                                          <coordinateList></coordinateList>
                                       </SpatialOrTemporalPositionList>
                                    </coordAxisValues>
                                    <gridAxesSpanned>latitude</gridAxesSpanned>
                                    <sequenceRule axisOrder="+1">Linear</sequenceRule>
                                 </GridOrdinateDescription>
                              </gridOrdinate>
                              <gridOrdinate>
                                 <GridOrdinateDescription>
                                    <coordAxisLabel>longitude</coordAxisLabel>
                                    <coordAxisValues xlink:href="#IBZX0hdv" xlink:show="embed" xlink:arcrole="coordinateList" xlink:role="http://ndg.nerc.ac.uk/fileFormat/csmlStorageDescriptor">
                                       <SpatialOrTemporalPositionList gml:id="YHQ3uWs4">
                                          <coordinateList></coordinateList>
                                       </SpatialOrTemporalPositionList>
                                    </coordAxisValues>
                                    <gridAxesSpanned>longitude</gridAxesSpanned>
                                    <sequenceRule axisOrder="+1">Linear</sequenceRule>
                                 </GridOrdinateDescription>
                              </gridOrdinate>
                           </GridCoordinatesTable>
                        </coordTransformTable>
                     </GridSeriesDomain>
                  </gridSeriesDomain>
                  <gml:rangeSet>
                     <gml:ValueArray gml:id="VVbg1OwW">
                        <gml:valueComponent xlink:href="#OMRbMopm" xlink:show="embed" xlink:arcrole="QuantityList" xlink:role="http://ndg.nerc.ac.uk/fileFormat/csmlStorageDescriptor">
                           <gml:QuantityList uom="W.m-2"></gml:QuantityList>
                        </gml:valueComponent>
                     </gml:ValueArray>
                  </gml:rangeSet>
               </GridSeriesCoverage>
            </value>
            <parameter xlink:href="http://cfconventions.org/standard_names/surface_downwelling_shortwave_flux_in_air_anomaly"></parameter>
         </GridSeriesFeature>
      </featureMember>
      <featureMember>
         <GridSeriesFeature gml:id="air_temperature_anomaly">
            <gml:description>missing description</gml:description>
            <gml:name>air_temperature_anomaly</gml:name>
            <gml:boundedBy>
               <gml:EnvelopeWithTimePeriod srsName="WGS84">
                  <gml:lowerCorner>0.0 -89.2586746216</gml:lowerCorner>
                  <gml:upperCorner>360.0 89.2586746216</gml:upperCorner>
                  <gml:beginPosition>2024-01-16T00:00:00.0</gml:beginPosition>
                  <gml:endPosition>2084-12-16T00:00:00.0</gml:endPosition>
               </gml:EnvelopeWithTimePeriod>
            </gml:boundedBy>
            <value>
               <GridSeriesCoverage gml:id="KYbqdLXl">
                  <gridSeriesDomain>
                     <GridSeriesDomain srsName="ndg:crs:lonlatt" uomLabels="degree_east degree_north days_since_2010-01-01" gml:id="RpSe1yyO" axisLabels="longitude latitude time" dimension="3" srsDimension="3">
                        <limits>
                           <gml:GridEnvelope>
                              <gml:low>0 0 0</gml:low>
                              <gml:high>0 0 0</gml:high>
                           </gml:GridEnvelope>
                        </limits>
                        <axisLabels>time latitude longitude</axisLabels>
                        <coordTransformTable>
                           <GridCoordinatesTable>
                              <gridOrdinate>
                                 <GridOrdinateDescription>
                                    <coordAxisLabel>time</coordAxisLabel>
                                    <coordAxisValues>
                                       <SpatialOrTemporalPositionList gml:id="Fm0k7ByG">
                                          <timePositionList frame="ndg:standard">2024-01-16T00:00:00.0 2024-02-16T00:00:00.0 2024-03-16T00:00:00.0 2024-04-16T00:00:00.0 2024-05-16T00:00:00.0 2024-06-16T00:00:00.0 2024-07-16T00:00:00.0 2024-08-16T00:00:00.0 2024-09-16T00:00:00.0 2024-10-16T00:00:00.0 2024-11-16T00:00:00.0 2024-12-16T00:00:00.0 2054-01-16T00:00:00.0 2054-02-16T00:00:00.0 2054-03-16T00:00:00.0 2054-04-16T00:00:00.0 2054-05-16T00:00:00.0 2054-06-16T00:00:00.0 2054-07-16T00:00:00.0 2054-08-16T00:00:00.0 2054-09-16T00:00:00.0 2054-10-16T00:00:00.0 2054-11-16T00:00:00.0 2054-12-16T00:00:00.0 2084-01-16T00:00:00.0 2084-02-16T00:00:00.0 2084-03-16T00:00:00.0 2084-04-16T00:00:00.0 2084-05-16T00:00:00.0 2084-06-16T00:00:00.0 2084-07-16T00:00:00.0 2084-08-16T00:00:00.0 2084-09-16T00:00:00.0 2084-10-16T00:00:00.0 2084-11-16T00:00:00.0 2084-12-16T00:00:00.0</timePositionList>
                                       </SpatialOrTemporalPositionList>
                                    </coordAxisValues>
                                    <gridAxesSpanned>time</gridAxesSpanned>
                                    <sequenceRule axisOrder="+1">Linear</sequenceRule>
                                 </GridOrdinateDescription>
                              </gridOrdinate>
                              <gridOrdinate>
                                 <GridOrdinateDescription>
                                    <coordAxisLabel>latitude</coordAxisLabel>
                                    <coordAxisValues xlink:href="#GBSOc0dd" xlink:show="embed" xlink:arcrole="coordinateList" xlink:role="http://ndg.nerc.ac.uk/fileFormat/csmlStorageDescriptor">
                                       <SpatialOrTemporalPositionList gml:id="AtJSQsFt">
                                          <coordinateList></coordinateList>
                                       </SpatialOrTemporalPositionList>
                                    </coordAxisValues>
                                    <gridAxesSpanned>latitude</gridAxesSpanned>
                                    <sequenceRule axisOrder="+1">Linear</sequenceRule>
                                 </GridOrdinateDescription>
                              </gridOrdinate>
                              <gridOrdinate>
                                 <GridOrdinateDescription>
                                    <coordAxisLabel>longitude</coordAxisLabel>
                                    <coordAxisValues xlink:href="#E5uKWXKs" xlink:show="embed" xlink:arcrole="coordinateList" xlink:role="http://ndg.nerc.ac.uk/fileFormat/csmlStorageDescriptor">
                                       <SpatialOrTemporalPositionList gml:id="UD8EkkGZ">
                                          <coordinateList></coordinateList>
                                       </SpatialOrTemporalPositionList>
                                    </coordAxisValues>
                                    <gridAxesSpanned>longitude</gridAxesSpanned>
                                    <sequenceRule axisOrder="+1">Linear</sequenceRule>
                                 </GridOrdinateDescription>
                              </gridOrdinate>
                           </GridCoordinatesTable>
                        </coordTransformTable>
                     </GridSeriesDomain>
                  </gridSeriesDomain>
                  <gml:rangeSet>
                     <gml:ValueArray gml:id="G3Fw3D4h">
                        <gml:valueComponent xlink:href="#SS0vgqgl" xlink:show="embed" xlink:arcrole="QuantityList" xlink:role="http://ndg.nerc.ac.uk/fileFormat/csmlStorageDescriptor">
                           <gml:QuantityList uom="K"></gml:QuantityList>
                        </gml:valueComponent>
                     </gml:ValueArray>
                  </gml:rangeSet>
               </GridSeriesCoverage>
            </value>
            <parameter xlink:href="http://cfconventions.org/standard_names/air_temperature_anomaly"></parameter>
         </GridSeriesFeature>
      </featureMember>
      <featureMember>
         <GridSeriesFeature gml:id="eastward_wind_anomaly">
            <gml:description>missing description</gml:description>
            <gml:name>eastward_wind_anomaly</gml:name>
            <gml:boundedBy>
               <gml:EnvelopeWithTimePeriod srsName="WGS84">
                  <gml:lowerCorner>0.0 -89.2586746216</gml:lowerCorner>
                  <gml:upperCorner>360.0 89.2586746216</gml:upperCorner>
                  <gml:beginPosition>2024-01-16T00:00:00.0</gml:beginPosition>
                  <gml:endPosition>2084-12-16T00:00:00.0</gml:endPosition>
               </gml:EnvelopeWithTimePeriod>
            </gml:boundedBy>
            <value>
               <GridSeriesCoverage gml:id="USFqqyVS">
                  <gridSeriesDomain>
                     <GridSeriesDomain srsName="ndg:crs:lonlatt" uomLabels="degree_east degree_north days_since_2010-01-01" gml:id="R8QTV78R" axisLabels="longitude latitude time" dimension="3" srsDimension="3">
                        <limits>
                           <gml:GridEnvelope>
                              <gml:low>0 0 0</gml:low>
                              <gml:high>0 0 0</gml:high>
                           </gml:GridEnvelope>
                        </limits>
                        <axisLabels>time latitude longitude</axisLabels>
                        <coordTransformTable>
                           <GridCoordinatesTable>
                              <gridOrdinate>
                                 <GridOrdinateDescription>
                                    <coordAxisLabel>time</coordAxisLabel>
                                    <coordAxisValues>
                                       <SpatialOrTemporalPositionList gml:id="VjXA6Okl">
                                          <timePositionList frame="ndg:standard">2024-01-16T00:00:00.0 2024-02-16T00:00:00.0 2024-03-16T00:00:00.0 2024-04-16T00:00:00.0 2024-05-16T00:00:00.0 2024-06-16T00:00:00.0 2024-07-16T00:00:00.0 2024-08-16T00:00:00.0 2024-09-16T00:00:00.0 2024-10-16T00:00:00.0 2024-11-16T00:00:00.0 2024-12-16T00:00:00.0 2054-01-16T00:00:00.0 2054-02-16T00:00:00.0 2054-03-16T00:00:00.0 2054-04-16T00:00:00.0 2054-05-16T00:00:00.0 2054-06-16T00:00:00.0 2054-07-16T00:00:00.0 2054-08-16T00:00:00.0 2054-09-16T00:00:00.0 2054-10-16T00:00:00.0 2054-11-16T00:00:00.0 2054-12-16T00:00:00.0 2084-01-16T00:00:00.0 2084-02-16T00:00:00.0 2084-03-16T00:00:00.0 2084-04-16T00:00:00.0 2084-05-16T00:00:00.0 2084-06-16T00:00:00.0 2084-07-16T00:00:00.0 2084-08-16T00:00:00.0 2084-09-16T00:00:00.0 2084-10-16T00:00:00.0 2084-11-16T00:00:00.0 2084-12-16T00:00:00.0</timePositionList>
                                       </SpatialOrTemporalPositionList>
                                    </coordAxisValues>
                                    <gridAxesSpanned>time</gridAxesSpanned>
                                    <sequenceRule axisOrder="+1">Linear</sequenceRule>
                                 </GridOrdinateDescription>
                              </gridOrdinate>
                              <gridOrdinate>
                                 <GridOrdinateDescription>
                                    <coordAxisLabel>latitude</coordAxisLabel>
                                    <coordAxisValues xlink:href="#Cg7ely2S" xlink:show="embed" xlink:arcrole="coordinateList" xlink:role="http://ndg.nerc.ac.uk/fileFormat/csmlStorageDescriptor">
                                       <SpatialOrTemporalPositionList gml:id="WTt5DPkp">
                                          <coordinateList></coordinateList>
                                       </SpatialOrTemporalPositionList>
                                    </coordAxisValues>
                                    <gridAxesSpanned>latitude</gridAxesSpanned>
                                    <sequenceRule axisOrder="+1">Linear</sequenceRule>
                                 </GridOrdinateDescription>
                              </gridOrdinate>
                              <gridOrdinate>
                                 <GridOrdinateDescription>
                                    <coordAxisLabel>longitude</coordAxisLabel>
                                    <coordAxisValues xlink:href="#MCeQg8b5" xlink:show="embed" xlink:arcrole="coordinateList" xlink:role="http://ndg.nerc.ac.uk/fileFormat/csmlStorageDescriptor">
                                       <SpatialOrTemporalPositionList gml:id="Cis8pKnN">
                                          <coordinateList></coordinateList>
                                       </SpatialOrTemporalPositionList>
                                    </coordAxisValues>
                                    <gridAxesSpanned>longitude</gridAxesSpanned>
                                    <sequenceRule axisOrder="+1">Linear</sequenceRule>
                                 </GridOrdinateDescription>
                              </gridOrdinate>
                           </GridCoordinatesTable>
                        </coordTransformTable>
                     </GridSeriesDomain>
                  </gridSeriesDomain>
                  <gml:rangeSet>
                     <gml:ValueArray gml:id="MFMKGTCx">
                        <gml:valueComponent xlink:href="#OLUjQ99o" xlink:show="embed" xlink:arcrole="QuantityList" xlink:role="http://ndg.nerc.ac.uk/fileFormat/csmlStorageDescriptor">
                           <gml:QuantityList uom="m.s-1"></gml:QuantityList>
                        </gml:valueComponent>
                     </gml:ValueArray>
                  </gml:rangeSet>
               </GridSeriesCoverage>
            </value>
            <parameter xlink:href="http://cfconventions.org/standard_names/eastward_wind_anomaly"></parameter>
         </GridSeriesFeature>
      </featureMember>
      <featureMember>
         <GridSeriesFeature gml:id="northward_wind_anomaly">
            <gml:description>missing description</gml:description>
            <gml:name>northward_wind_anomaly</gml:name>
            <gml:boundedBy>
               <gml:EnvelopeWithTimePeriod srsName="WGS84">
                  <gml:lowerCorner>0.0 -89.2586746216</gml:lowerCorner>
                  <gml:upperCorner>360.0 89.2586746216</gml:upperCorner>
                  <gml:beginPosition>2024-01-16T00:00:00.0</gml:beginPosition>
                  <gml:endPosition>2084-12-16T00:00:00.0</gml:endPosition>
               </gml:EnvelopeWithTimePeriod>
            </gml:boundedBy>
            <value>
               <GridSeriesCoverage gml:id="DbT9sAZe">
                  <gridSeriesDomain>
                     <GridSeriesDomain srsName="ndg:crs:lonlatt" uomLabels="degree_east degree_north days_since_2010-01-01" gml:id="NOChXq8r" axisLabels="longitude latitude time" dimension="3" srsDimension="3">
                        <limits>
                           <gml:GridEnvelope>
                              <gml:low>0 0 0</gml:low>
                              <gml:high>0 0 0</gml:high>
                           </gml:GridEnvelope>
                        </limits>
                        <axisLabels>time latitude longitude</axisLabels>
                        <coordTransformTable>
                           <GridCoordinatesTable>
                              <gridOrdinate>
                                 <GridOrdinateDescription>
                                    <coordAxisLabel>time</coordAxisLabel>
                                    <coordAxisValues>
                                       <SpatialOrTemporalPositionList gml:id="HSo4PIEk">
                                          <timePositionList frame="ndg:standard">2024-01-16T00:00:00.0 2024-02-16T00:00:00.0 2024-03-16T00:00:00.0 2024-04-16T00:00:00.0 2024-05-16T00:00:00.0 2024-06-16T00:00:00.0 2024-07-16T00:00:00.0 2024-08-16T00:00:00.0 2024-09-16T00:00:00.0 2024-10-16T00:00:00.0 2024-11-16T00:00:00.0 2024-12-16T00:00:00.0 2054-01-16T00:00:00.0 2054-02-16T00:00:00.0 2054-03-16T00:00:00.0 2054-04-16T00:00:00.0 2054-05-16T00:00:00.0 2054-06-16T00:00:00.0 2054-07-16T00:00:00.0 2054-08-16T00:00:00.0 2054-09-16T00:00:00.0 2054-10-16T00:00:00.0 2054-11-16T00:00:00.0 2054-12-16T00:00:00.0 2084-01-16T00:00:00.0 2084-02-16T00:00:00.0 2084-03-16T00:00:00.0 2084-04-16T00:00:00.0 2084-05-16T00:00:00.0 2084-06-16T00:00:00.0 2084-07-16T00:00:00.0 2084-08-16T00:00:00.0 2084-09-16T00:00:00.0 2084-10-16T00:00:00.0 2084-11-16T00:00:00.0 2084-12-16T00:00:00.0</timePositionList>
                                       </SpatialOrTemporalPositionList>
                                    </coordAxisValues>
                                    <gridAxesSpanned>time</gridAxesSpanned>
                                    <sequenceRule axisOrder="+1">Linear</sequenceRule>
                                 </GridOrdinateDescription>
                              </gridOrdinate>
                              <gridOrdinate>
                                 <GridOrdinateDescription>
                                    <coordAxisLabel>latitude</coordAxisLabel>
                                    <coordAxisValues xlink:href="#BYo5s3tD" xlink:show="embed" xlink:arcrole="coordinateList" xlink:role="http://ndg.nerc.ac.uk/fileFormat/csmlStorageDescriptor">
                                       <SpatialOrTemporalPositionList gml:id="YiZetuUm">
                                          <coordinateList></coordinateList>
                                       </SpatialOrTemporalPositionList>
                                    </coordAxisValues>
                                    <gridAxesSpanned>latitude</gridAxesSpanned>
                                    <sequenceRule axisOrder="+1">Linear</sequenceRule>
                                 </GridOrdinateDescription>
                              </gridOrdinate>
                              <gridOrdinate>
                                 <GridOrdinateDescription>
                                    <coordAxisLabel>longitude</coordAxisLabel>
                                    <coordAxisValues xlink:href="#EWalxahf" xlink:show="embed" xlink:arcrole="coordinateList" xlink:role="http://ndg.nerc.ac.uk/fileFormat/csmlStorageDescriptor">
                                       <SpatialOrTemporalPositionList gml:id="S0LUPx8I">
                                          <coordinateList></coordinateList>
                                       </SpatialOrTemporalPositionList>
                                    </coordAxisValues>
                                    <gridAxesSpanned>longitude</gridAxesSpanned>
                                    <sequenceRule axisOrder="+1">Linear</sequenceRule>
                                 </GridOrdinateDescription>
                              </gridOrdinate>
                           </GridCoordinatesTable>
                        </coordTransformTable>
                     </GridSeriesDomain>
                  </gridSeriesDomain>
                  <gml:rangeSet>
                     <gml:ValueArray gml:id="UiuXWUXE">
                        <gml:valueComponent xlink:href="#IECeUSFF" xlink:show="embed" xlink:arcrole="QuantityList" xlink:role="http://ndg.nerc.ac.uk/fileFormat/csmlStorageDescriptor">
                           <gml:QuantityList uom="m.s-1"></gml:QuantityList>
                        </gml:valueComponent>
                     </gml:ValueArray>
                  </gml:rangeSet>
               </GridSeriesCoverage>
            </value>
            <parameter xlink:href="http://cfconventions.org/standard_names/northward_wind_anomaly"></parameter>
         </GridSeriesFeature>
      </featureMember>
   </CSMLFeatureCollection>
   <CSMLStorageDescriptor>
      <descriptor>
         <NetCDFExtract id="UzXVwZrs">
            <arraySize>64</arraySize>
            <fileName>/badc/ipcc-ddc/data/netcdf/ar4_v2/huss/MIMR_SRB1_1_huss-change_2010-2039.nc</fileName>
            <variableName>latitude</variableName>
         </NetCDFExtract>
      </descriptor>
      <descriptor>
         <NetCDFExtract id="FDWVu6rN">
            <arraySize>2</arraySize>
            <fileName>/badc/ipcc-ddc/data/netcdf/ar4_v2/huss/MIMR_SRB1_1_huss-change_2010-2039.nc</fileName>
            <variableName>bounds</variableName>
         </NetCDFExtract>
      </descriptor>
      <descriptor>
         <NetCDFExtract id="I18YBlRx">
            <arraySize>128</arraySize>
            <fileName>/badc/ipcc-ddc/data/netcdf/ar4_v2/huss/MIMR_SRB1_1_huss-change_2010-2039.nc</fileName>
            <variableName>longitude</variableName>
         </NetCDFExtract>
      </descriptor>
      <descriptor>
         <NetCDFExtract id="CKyQlRBB">
            <arraySize>12</arraySize>
            <fileName>/badc/ipcc-ddc/data/netcdf/ar4_v2/huss/MIMR_SRB1_1_huss-change_2010-2039.nc</fileName>
            <variableName>time</variableName>
         </NetCDFExtract>
      </descriptor>
      <descriptor>
         <NetCDFExtract id="SwnHUvj2">
            <arraySize>64</arraySize>
            <fileName>/badc/ipcc-ddc/data/netcdf/ar4_v2/pr/MIMR_SRB1_1_pr-change_2010-2039.nc</fileName>
            <variableName>latitude</variableName>
         </NetCDFExtract>
      </descriptor>
      <descriptor>
         <NetCDFExtract id="RbAzEeny">
            <arraySize>2</arraySize>
            <fileName>/badc/ipcc-ddc/data/netcdf/ar4_v2/pr/MIMR_SRB1_1_pr-change_2010-2039.nc</fileName>
            <variableName>bounds</variableName>
         </NetCDFExtract>
      </descriptor>
      <descriptor>
         <NetCDFExtract id="J4BRUiuR">
            <arraySize>128</arraySize>
            <fileName>/badc/ipcc-ddc/data/netcdf/ar4_v2/pr/MIMR_SRB1_1_pr-change_2010-2039.nc</fileName>
            <variableName>longitude</variableName>
         </NetCDFExtract>
      </descriptor>
      <descriptor>
         <NetCDFExtract id="IQiGLVEY">
            <arraySize>12</arraySize>
            <fileName>/badc/ipcc-ddc/data/netcdf/ar4_v2/pr/MIMR_SRB1_1_pr-change_2010-2039.nc</fileName>
            <variableName>time</variableName>
         </NetCDFExtract>
      </descriptor>
      <descriptor>
         <NetCDFExtract id="Uuvhbd7v">
            <arraySize>64</arraySize>
            <fileName>/badc/ipcc-ddc/data/netcdf/ar4_v2/psl/MIMR_SRB1_1_psl-change_2010-2039.nc</fileName>
            <variableName>latitude</variableName>
         </NetCDFExtract>
      </descriptor>
      <descriptor>
         <NetCDFExtract id="JCTxT0l4">
            <arraySize>2</arraySize>
            <fileName>/badc/ipcc-ddc/data/netcdf/ar4_v2/psl/MIMR_SRB1_1_psl-change_2010-2039.nc</fileName>
            <variableName>bounds</variableName>
         </NetCDFExtract>
      </descriptor>
      <descriptor>
         <NetCDFExtract id="DeTXLFu0">
            <arraySize>128</arraySize>
            <fileName>/badc/ipcc-ddc/data/netcdf/ar4_v2/psl/MIMR_SRB1_1_psl-change_2010-2039.nc</fileName>
            <variableName>longitude</variableName>
         </NetCDFExtract>
      </descriptor>
      <descriptor>
         <NetCDFExtract id="KQkApPet">
            <arraySize>12</arraySize>
            <fileName>/badc/ipcc-ddc/data/netcdf/ar4_v2/psl/MIMR_SRB1_1_psl-change_2010-2039.nc</fileName>
            <variableName>time</variableName>
         </NetCDFExtract>
      </descriptor>
      <descriptor>
         <NetCDFExtract id="IkLs2kbO">
            <arraySize>64</arraySize>
            <fileName>/badc/ipcc-ddc/data/netcdf/ar4_v2/rsds/MIMR_SRB1_1_rsds-change_2010-2039.nc</fileName>
            <variableName>latitude</variableName>
         </NetCDFExtract>
      </descriptor>
      <descriptor>
         <NetCDFExtract id="ZMPuUEQM">
            <arraySize>2</arraySize>
            <fileName>/badc/ipcc-ddc/data/netcdf/ar4_v2/rsds/MIMR_SRB1_1_rsds-change_2010-2039.nc</fileName>
            <variableName>bounds</variableName>
         </NetCDFExtract>
      </descriptor>
      <descriptor>
         <NetCDFExtract id="IBZX0hdv">
            <arraySize>128</arraySize>
            <fileName>/badc/ipcc-ddc/data/netcdf/ar4_v2/rsds/MIMR_SRB1_1_rsds-change_2010-2039.nc</fileName>
            <variableName>longitude</variableName>
         </NetCDFExtract>
      </descriptor>
      <descriptor>
         <NetCDFExtract id="Yg6hsJDT">
            <arraySize>12</arraySize>
            <fileName>/badc/ipcc-ddc/data/netcdf/ar4_v2/rsds/MIMR_SRB1_1_rsds-change_2010-2039.nc</fileName>
            <variableName>time</variableName>
         </NetCDFExtract>
      </descriptor>
      <descriptor>
         <NetCDFExtract id="GBSOc0dd">
            <arraySize>64</arraySize>
            <fileName>/badc/ipcc-ddc/data/netcdf/ar4_v2/tas/MIMR_SRB1_1_tas-change_2010-2039.nc</fileName>
            <variableName>latitude</variableName>
         </NetCDFExtract>
      </descriptor>
      <descriptor>
         <NetCDFExtract id="D5RUnAyt">
            <arraySize>2</arraySize>
            <fileName>/badc/ipcc-ddc/data/netcdf/ar4_v2/tas/MIMR_SRB1_1_tas-change_2010-2039.nc</fileName>
            <variableName>bounds</variableName>
         </NetCDFExtract>
      </descriptor>
      <descriptor>
         <NetCDFExtract id="E5uKWXKs">
            <arraySize>128</arraySize>
            <fileName>/badc/ipcc-ddc/data/netcdf/ar4_v2/tas/MIMR_SRB1_1_tas-change_2010-2039.nc</fileName>
            <variableName>longitude</variableName>
         </NetCDFExtract>
      </descriptor>
      <descriptor>
         <NetCDFExtract id="FRa2RNsY">
            <arraySize>12</arraySize>
            <fileName>/badc/ipcc-ddc/data/netcdf/ar4_v2/tas/MIMR_SRB1_1_tas-change_2010-2039.nc</fileName>
            <variableName>time</variableName>
         </NetCDFExtract>
      </descriptor>
      <descriptor>
         <NetCDFExtract id="Cg7ely2S">
            <arraySize>64</arraySize>
            <fileName>/badc/ipcc-ddc/data/netcdf/ar4_v2/uas/MIMR_SRB1_1_uas-change_2010-2039.nc</fileName>
            <variableName>latitude</variableName>
         </NetCDFExtract>
      </descriptor>
      <descriptor>
         <NetCDFExtract id="LFHuDLAo">
            <arraySize>2</arraySize>
            <fileName>/badc/ipcc-ddc/data/netcdf/ar4_v2/uas/MIMR_SRB1_1_uas-change_2010-2039.nc</fileName>
            <variableName>bounds</variableName>
         </NetCDFExtract>
      </descriptor>
      <descriptor>
         <NetCDFExtract id="MCeQg8b5">
            <arraySize>128</arraySize>
            <fileName>/badc/ipcc-ddc/data/netcdf/ar4_v2/uas/MIMR_SRB1_1_uas-change_2010-2039.nc</fileName>
            <variableName>longitude</variableName>
         </NetCDFExtract>
      </descriptor>
      <descriptor>
         <NetCDFExtract id="MilFeX0N">
            <arraySize>12</arraySize>
            <fileName>/badc/ipcc-ddc/data/netcdf/ar4_v2/uas/MIMR_SRB1_1_uas-change_2010-2039.nc</fileName>
            <variableName>time</variableName>
         </NetCDFExtract>
      </descriptor>
      <descriptor>
         <NetCDFExtract id="BYo5s3tD">
            <arraySize>64</arraySize>
            <fileName>/badc/ipcc-ddc/data/netcdf/ar4_v2/vas/MIMR_SRB1_1_vas-change_2010-2039.nc</fileName>
            <variableName>latitude</variableName>
         </NetCDFExtract>
      </descriptor>
      <descriptor>
         <NetCDFExtract id="HEHIAyuc">
            <arraySize>2</arraySize>
            <fileName>/badc/ipcc-ddc/data/netcdf/ar4_v2/vas/MIMR_SRB1_1_vas-change_2010-2039.nc</fileName>
            <variableName>bounds</variableName>
         </NetCDFExtract>
      </descriptor>
      <descriptor>
         <NetCDFExtract id="EWalxahf">
            <arraySize>128</arraySize>
            <fileName>/badc/ipcc-ddc/data/netcdf/ar4_v2/vas/MIMR_SRB1_1_vas-change_2010-2039.nc</fileName>
            <variableName>longitude</variableName>
         </NetCDFExtract>
      </descriptor>
      <descriptor>
         <NetCDFExtract id="E07aI6Gn">
            <arraySize>12</arraySize>
            <fileName>/badc/ipcc-ddc/data/netcdf/ar4_v2/vas/MIMR_SRB1_1_vas-change_2010-2039.nc</fileName>
            <variableName>time</variableName>
         </NetCDFExtract>
      </descriptor>
      <descriptor>
         <AggregatedArray id="MBYhmWfg">
            <arraySize>98304</arraySize>
            <uom>1</uom>
            <aggType>new</aggType>
            <aggIndex>1</aggIndex>
            <component>
               <NetCDFExtract>
                  <arraySize>12  64  128</arraySize>
                  <fileList>
                     <FileList id="J1rbjxfJ">
                        <fileNames>/badc/ipcc-ddc/data/netcdf/ar4_v2/huss/MIMR_SRB1_1_huss-change_2010-2039.nc /badc/ipcc-ddc/data/netcdf/ar4_v2/huss/MIMR_SRB1_1_huss-change_2040-2069.nc /badc/ipcc-ddc/data/netcdf/ar4_v2/huss/MIMR_SRB1_1_huss-change_2070-2099.nc</fileNames>
                     </FileList>
                  </fileList>
                  <variableName>specific_humidity_anomaly</variableName>
               </NetCDFExtract>
            </component>
         </AggregatedArray>
      </descriptor>
      <descriptor>
         <AggregatedArray id="ITOIsDtO">
            <arraySize>98304</arraySize>
            <uom>kg.m-2.s-1</uom>
            <aggType>new</aggType>
            <aggIndex>1</aggIndex>
            <component>
               <NetCDFExtract>
                  <arraySize>12  64  128</arraySize>
                  <fileList>
                     <FileList id="KQ0nXfqE">
                        <fileNames>/badc/ipcc-ddc/data/netcdf/ar4_v2/pr/MIMR_SRB1_1_pr-change_2010-2039.nc /badc/ipcc-ddc/data/netcdf/ar4_v2/pr/MIMR_SRB1_1_pr-change_2040-2069.nc /badc/ipcc-ddc/data/netcdf/ar4_v2/pr/MIMR_SRB1_1_pr-change_2070-2099.nc</fileNames>
                     </FileList>
                  </fileList>
                  <variableName>precipitation_flux_anomaly</variableName>
               </NetCDFExtract>
            </component>
         </AggregatedArray>
      </descriptor>
      <descriptor>
         <AggregatedArray id="QR1aqMig">
            <arraySize>98304</arraySize>
            <uom>Pa</uom>
            <aggType>new</aggType>
            <aggIndex>1</aggIndex>
            <component>
               <NetCDFExtract>
                  <arraySize>12  64  128</arraySize>
                  <fileList>
                     <FileList id="W5dgvnDK">
                        <fileNames>/badc/ipcc-ddc/data/netcdf/ar4_v2/psl/MIMR_SRB1_1_psl-change_2010-2039.nc /badc/ipcc-ddc/data/netcdf/ar4_v2/psl/MIMR_SRB1_1_psl-change_2040-2069.nc /badc/ipcc-ddc/data/netcdf/ar4_v2/psl/MIMR_SRB1_1_psl-change_2070-2099.nc</fileNames>
                     </FileList>
                  </fileList>
                  <variableName>air_pressure_at_sea_level_anomaly</variableName>
               </NetCDFExtract>
            </component>
         </AggregatedArray>
      </descriptor>
      <descriptor>
         <AggregatedArray id="OMRbMopm">
            <arraySize>98304</arraySize>
            <uom>W.m-2</uom>
            <aggType>new</aggType>
            <aggIndex>1</aggIndex>
            <component>
               <NetCDFExtract>
                  <arraySize>12  64  128</arraySize>
                  <fileList>
                     <FileList id="UHYpRSwx">
                        <fileNames>/badc/ipcc-ddc/data/netcdf/ar4_v2/rsds/MIMR_SRB1_1_rsds-change_2010-2039.nc /badc/ipcc-ddc/data/netcdf/ar4_v2/rsds/MIMR_SRB1_1_rsds-change_2040-2069.nc /badc/ipcc-ddc/data/netcdf/ar4_v2/rsds/MIMR_SRB1_1_rsds-change_2070-2099.nc</fileNames>
                     </FileList>
                  </fileList>
                  <variableName>surface_downwelling_shortwave_flux_in_air_anomaly</variableName>
               </NetCDFExtract>
            </component>
         </AggregatedArray>
      </descriptor>
      <descriptor>
         <AggregatedArray id="SS0vgqgl">
            <arraySize>98304</arraySize>
            <uom>K</uom>
            <aggType>new</aggType>
            <aggIndex>1</aggIndex>
            <component>
               <NetCDFExtract>
                  <arraySize>12  64  128</arraySize>
                  <fileList>
                     <FileList id="McZqKyhs">
                        <fileNames>/badc/ipcc-ddc/data/netcdf/ar4_v2/tas/MIMR_SRB1_1_tas-change_2010-2039.nc /badc/ipcc-ddc/data/netcdf/ar4_v2/tas/MIMR_SRB1_1_tas-change_2040-2069.nc /badc/ipcc-ddc/data/netcdf/ar4_v2/tas/MIMR_SRB1_1_tas-change_2070-2099.nc</fileNames>
                     </FileList>
                  </fileList>
                  <variableName>air_temperature_anomaly</variableName>
               </NetCDFExtract>
            </component>
         </AggregatedArray>
      </descriptor>
      <descriptor>
         <AggregatedArray id="OLUjQ99o">
            <arraySize>98304</arraySize>
            <uom>m.s-1</uom>
            <aggType>new</aggType>
            <aggIndex>1</aggIndex>
            <component>
               <NetCDFExtract>
                  <arraySize>12  64  128</arraySize>
                  <fileList>
                     <FileList id="Xys93p4x">
                        <fileNames>/badc/ipcc-ddc/data/netcdf/ar4_v2/uas/MIMR_SRB1_1_uas-change_2010-2039.nc /badc/ipcc-ddc/data/netcdf/ar4_v2/uas/MIMR_SRB1_1_uas-change_2040-2069.nc /badc/ipcc-ddc/data/netcdf/ar4_v2/uas/MIMR_SRB1_1_uas-change_2070-2099.nc</fileNames>
                     </FileList>
                  </fileList>
                  <variableName>eastward_wind_anomaly</variableName>
               </NetCDFExtract>
            </component>
         </AggregatedArray>
      </descriptor>
      <descriptor>
         <AggregatedArray id="IECeUSFF">
            <arraySize>98304</arraySize>
            <uom>m.s-1</uom>
            <aggType>new</aggType>
            <aggIndex>1</aggIndex>
            <component>
               <NetCDFExtract>
                  <arraySize>12  64  128</arraySize>
                  <fileList>
                     <FileList id="NVsD7Nxw">
                        <fileNames>/badc/ipcc-ddc/data/netcdf/ar4_v2/vas/MIMR_SRB1_1_vas-change_2010-2039.nc /badc/ipcc-ddc/data/netcdf/ar4_v2/vas/MIMR_SRB1_1_vas-change_2040-2069.nc /badc/ipcc-ddc/data/netcdf/ar4_v2/vas/MIMR_SRB1_1_vas-change_2070-2099.nc</fileNames>
                     </FileList>
                  </fileList>
                  <variableName>northward_wind_anomaly</variableName>
               </NetCDFExtract>
            </component>
         </AggregatedArray>
      </descriptor>
   </CSMLStorageDescriptor>
</Dataset>