<?xml version="1.0" encoding="UTF-8"?><Dataset xmlns="http://ndg.nerc.ac.uk/csml"  xmlns:gml="http://www.opengis.net/gml" xmlns:om="http://www.opengis.net/om" xmlns:swe="http://www.opengis.net/swe"  xmlns:xsi="http://www.w3.org/2001/XMLSchema-instance" xmlns:moles="http://ndg.nerc.ac.uk/moles"  xmlns:xlink="http://www.w3.org/1999/xlink" xsi:schemaLocation="http://ndg.nerc.ac.uk/csml/ schemas/csmlDataset.xsd" id="ar4_CSMK3_20C3M_clim_30">
   <name>Scenario: 20C3M - Model: CSMK3 - 30 year mean climatology</name>
   <AccessControlPolicy>
      <dgSecurityCondition>
         <moles:effect>allow</moles:effect>
         <moles:simpleCondition>
            <moles:dgAttributeAuthority>http://aa.ceda.rl.ac.uk/</moles:dgAttributeAuthority>
            <moles:attrauthRole>badc</moles:attrauthRole>
         </moles:simpleCondition>
      </dgSecurityCondition>
   </AccessControlPolicy>
   <CSMLFeatureCollection gml:id="IJox4Z71">
      <gml:metaDataProperty></gml:metaDataProperty>
      <gml:boundedBy>
         <gml:EnvelopeWithTimePeriod srsName="WGS84">
            <gml:lowerCorner>0.0 -89.5043449402</gml:lowerCorner>
            <gml:upperCorner>360.0 89.5043449402</gml:upperCorner>
            <gml:beginPosition>1915-01-16T00:00:00.0</gml:beginPosition>
            <gml:endPosition>1975-12-16T00:00:00.0</gml:endPosition>
         </gml:EnvelopeWithTimePeriod>
      </gml:boundedBy>
      <featureMember>
         <GridSeriesFeature gml:id="precipitation_flux">
            <gml:description>missing description</gml:description>
            <gml:name>precipitation_flux</gml:name>
            <gml:boundedBy>
               <gml:EnvelopeWithTimePeriod srsName="WGS84">
                  <gml:lowerCorner>0.0 -89.5043449402</gml:lowerCorner>
                  <gml:upperCorner>360.0 89.5043449402</gml:upperCorner>
                  <gml:beginPosition>1915-01-16T00:00:00.0</gml:beginPosition>
                  <gml:endPosition>1975-12-16T00:00:00.0</gml:endPosition>
               </gml:EnvelopeWithTimePeriod>
            </gml:boundedBy>
            <value>
               <GridSeriesCoverage gml:id="XLE8nO6h">
                  <gridSeriesDomain>
                     <GridSeriesDomain srsName="ndg:crs:lonlatt" uomLabels="degree_east degree_north days_since_1901-01-01" gml:id="ZCcEMbw2" axisLabels="longitude latitude time" dimension="3" srsDimension="3">
                        <limits>
                           <gml:GridEnvelope>
                              <gml:low>0 0 0</gml:low>
                              <gml:high>0 0 0</gml:high>
                           </gml:GridEnvelope>
                        </limits>
                        <axisLabels>time latitude longitude</axisLabels>
                        <coordTransformTable>
                           <GridCoordinatesTable>
                              <gridOrdinate>
                                 <GridOrdinateDescription>
                                    <coordAxisLabel>time</coordAxisLabel>
                                    <coordAxisValues>
                                       <SpatialOrTemporalPositionList gml:id="QO0mFtCe">
                                          <timePositionList frame="ndg:standard">1915-01-16T00:00:00.0 1915-02-16T00:00:00.0 1915-03-16T00:00:00.0 1915-04-16T00:00:00.0 1915-05-16T00:00:00.0 1915-06-16T00:00:00.0 1915-07-16T00:00:00.0 1915-08-16T00:00:00.0 1915-09-16T00:00:00.0 1915-10-16T00:00:00.0 1915-11-16T00:00:00.0 1915-12-16T00:00:00.0 1945-01-16T00:00:00.0 1945-02-16T00:00:00.0 1945-03-16T00:00:00.0 1945-04-16T00:00:00.0 1945-05-16T00:00:00.0 1945-06-16T00:00:00.0 1945-07-16T00:00:00.0 1945-08-16T00:00:00.0 1945-09-16T00:00:00.0 1945-10-16T00:00:00.0 1945-11-16T00:00:00.0 1945-12-16T00:00:00.0 1975-01-16T00:00:00.0 1975-02-16T00:00:00.0 1975-03-16T00:00:00.0 1975-04-16T00:00:00.0 1975-05-16T00:00:00.0 1975-06-16T00:00:00.0 1975-07-16T00:00:00.0 1975-08-16T00:00:00.0 1975-09-16T00:00:00.0 1975-10-16T00:00:00.0 1975-11-16T00:00:00.0 1975-12-16T00:00:00.0</timePositionList>
                                       </SpatialOrTemporalPositionList>
                                    </coordAxisValues>
                                    <gridAxesSpanned>time</gridAxesSpanned>
                                    <sequenceRule axisOrder="+1">Linear</sequenceRule>
                                 </GridOrdinateDescription>
                              </gridOrdinate>
                              <gridOrdinate>
                                 <GridOrdinateDescription>
                                    <coordAxisLabel>latitude</coordAxisLabel>
                                    <coordAxisValues xlink:href="#JkX4Or2R" xlink:show="embed" xlink:arcrole="coordinateList" xlink:role="http://ndg.nerc.ac.uk/fileFormat/csmlStorageDescriptor">
                                       <SpatialOrTemporalPositionList gml:id="YCbjR68b">
                                          <coordinateList></coordinateList>
                                       </SpatialOrTemporalPositionList>
                                    </coordAxisValues>
                                    <gridAxesSpanned>latitude</gridAxesSpanned>
                                    <sequenceRule axisOrder="+1">Linear</sequenceRule>
                                 </GridOrdinateDescription>
                              </gridOrdinate>
                              <gridOrdinate>
                                 <GridOrdinateDescription>
                                    <coordAxisLabel>longitude</coordAxisLabel>
                                    <coordAxisValues xlink:href="#ZXdI1Hcg" xlink:show="embed" xlink:arcrole="coordinateList" xlink:role="http://ndg.nerc.ac.uk/fileFormat/csmlStorageDescriptor">
                                       <SpatialOrTemporalPositionList gml:id="UdpYwLjj">
                                          <coordinateList></coordinateList>
                                       </SpatialOrTemporalPositionList>
                                    </coordAxisValues>
                                    <gridAxesSpanned>longitude</gridAxesSpanned>
                                    <sequenceRule axisOrder="+1">Linear</sequenceRule>
                                 </GridOrdinateDescription>
                              </gridOrdinate>
                           </GridCoordinatesTable>
                        </coordTransformTable>
                     </GridSeriesDomain>
                  </gridSeriesDomain>
                  <gml:rangeSet>
                     <gml:ValueArray gml:id="TFpuHzPC">
                        <gml:valueComponent xlink:href="#Irj4opFJ" xlink:show="embed" xlink:arcrole="QuantityList" xlink:role="http://ndg.nerc.ac.uk/fileFormat/csmlStorageDescriptor">
                           <gml:QuantityList uom="kg.m-2.s-1"></gml:QuantityList>
                        </gml:valueComponent>
                     </gml:ValueArray>
                  </gml:rangeSet>
               </GridSeriesCoverage>
            </value>
            <parameter xlink:href="http://cfconventions.org/standard_names/precipitation_flux"></parameter>
         </GridSeriesFeature>
      </featureMember>
      <featureMember>
         <GridSeriesFeature gml:id="air_pressure_at_sea_level">
            <gml:description>missing description</gml:description>
            <gml:name>air_pressure_at_sea_level</gml:name>
            <gml:boundedBy>
               <gml:EnvelopeWithTimePeriod srsName="WGS84">
                  <gml:lowerCorner>0.0 -89.5043449402</gml:lowerCorner>
                  <gml:upperCorner>360.0 89.5043449402</gml:upperCorner>
                  <gml:beginPosition>1915-01-16T00:00:00.0</gml:beginPosition>
                  <gml:endPosition>1975-12-16T00:00:00.0</gml:endPosition>
               </gml:EnvelopeWithTimePeriod>
            </gml:boundedBy>
            <value>
               <GridSeriesCoverage gml:id="QTl9UZ5S">
                  <gridSeriesDomain>
                     <GridSeriesDomain srsName="ndg:crs:lonlatt" uomLabels="degree_east degree_north days_since_1901-01-01" gml:id="S5Mwlf1C" axisLabels="longitude latitude time" dimension="3" srsDimension="3">
                        <limits>
                           <gml:GridEnvelope>
                              <gml:low>0 0 0</gml:low>
                              <gml:high>0 0 0</gml:high>
                           </gml:GridEnvelope>
                        </limits>
                        <axisLabels>time latitude longitude</axisLabels>
                        <coordTransformTable>
                           <GridCoordinatesTable>
                              <gridOrdinate>
                                 <GridOrdinateDescription>
                                    <coordAxisLabel>time</coordAxisLabel>
                                    <coordAxisValues>
                                       <SpatialOrTemporalPositionList gml:id="ZS5hLDCm">
                                          <timePositionList frame="ndg:standard">1915-01-16T00:00:00.0 1915-02-16T00:00:00.0 1915-03-16T00:00:00.0 1915-04-16T00:00:00.0 1915-05-16T00:00:00.0 1915-06-16T00:00:00.0 1915-07-16T00:00:00.0 1915-08-16T00:00:00.0 1915-09-16T00:00:00.0 1915-10-16T00:00:00.0 1915-11-16T00:00:00.0 1915-12-16T00:00:00.0 1945-01-16T00:00:00.0 1945-02-16T00:00:00.0 1945-03-16T00:00:00.0 1945-04-16T00:00:00.0 1945-05-16T00:00:00.0 1945-06-16T00:00:00.0 1945-07-16T00:00:00.0 1945-08-16T00:00:00.0 1945-09-16T00:00:00.0 1945-10-16T00:00:00.0 1945-11-16T00:00:00.0 1945-12-16T00:00:00.0 1975-01-16T00:00:00.0 1975-02-16T00:00:00.0 1975-03-16T00:00:00.0 1975-04-16T00:00:00.0 1975-05-16T00:00:00.0 1975-06-16T00:00:00.0 1975-07-16T00:00:00.0 1975-08-16T00:00:00.0 1975-09-16T00:00:00.0 1975-10-16T00:00:00.0 1975-11-16T00:00:00.0 1975-12-16T00:00:00.0</timePositionList>
                                       </SpatialOrTemporalPositionList>
                                    </coordAxisValues>
                                    <gridAxesSpanned>time</gridAxesSpanned>
                                    <sequenceRule axisOrder="+1">Linear</sequenceRule>
                                 </GridOrdinateDescription>
                              </gridOrdinate>
                              <gridOrdinate>
                                 <GridOrdinateDescription>
                                    <coordAxisLabel>latitude</coordAxisLabel>
                                    <coordAxisValues xlink:href="#NUe6IIfr" xlink:show="embed" xlink:arcrole="coordinateList" xlink:role="http://ndg.nerc.ac.uk/fileFormat/csmlStorageDescriptor">
                                       <SpatialOrTemporalPositionList gml:id="G7gZMP1q">
                                          <coordinateList></coordinateList>
                                       </SpatialOrTemporalPositionList>
                                    </coordAxisValues>
                                    <gridAxesSpanned>latitude</gridAxesSpanned>
                                    <sequenceRule axisOrder="+1">Linear</sequenceRule>
                                 </GridOrdinateDescription>
                              </gridOrdinate>
                              <gridOrdinate>
                                 <GridOrdinateDescription>
                                    <coordAxisLabel>longitude</coordAxisLabel>
                                    <coordAxisValues xlink:href="#HZyf57Bl" xlink:show="embed" xlink:arcrole="coordinateList" xlink:role="http://ndg.nerc.ac.uk/fileFormat/csmlStorageDescriptor">
                                       <SpatialOrTemporalPositionList gml:id="RA7XPeap">
                                          <coordinateList></coordinateList>
                                       </SpatialOrTemporalPositionList>
                                    </coordAxisValues>
                                    <gridAxesSpanned>longitude</gridAxesSpanned>
                                    <sequenceRule axisOrder="+1">Linear</sequenceRule>
                                 </GridOrdinateDescription>
                              </gridOrdinate>
                           </GridCoordinatesTable>
                        </coordTransformTable>
                     </GridSeriesDomain>
                  </gridSeriesDomain>
                  <gml:rangeSet>
                     <gml:ValueArray gml:id="H7rKmKYJ">
                        <gml:valueComponent xlink:href="#PhfFhGIg" xlink:show="embed" xlink:arcrole="QuantityList" xlink:role="http://ndg.nerc.ac.uk/fileFormat/csmlStorageDescriptor">
                           <gml:QuantityList uom="Pa"></gml:QuantityList>
                        </gml:valueComponent>
                     </gml:ValueArray>
                  </gml:rangeSet>
               </GridSeriesCoverage>
            </value>
            <parameter xlink:href="http://cfconventions.org/standard_names/air_pressure_at_sea_level"></parameter>
         </GridSeriesFeature>
      </featureMember>
      <featureMember>
         <GridSeriesFeature gml:id="surface_downwelling_shortwave_flux_in_air">
            <gml:description>missing description</gml:description>
            <gml:name>surface_downwelling_shortwave_flux_in_air</gml:name>
            <gml:boundedBy>
               <gml:EnvelopeWithTimePeriod srsName="WGS84">
                  <gml:lowerCorner>0.0 -89.5043449402</gml:lowerCorner>
                  <gml:upperCorner>360.0 89.5043449402</gml:upperCorner>
                  <gml:beginPosition>1915-01-16T00:00:00.0</gml:beginPosition>
                  <gml:endPosition>1975-12-16T00:00:00.0</gml:endPosition>
               </gml:EnvelopeWithTimePeriod>
            </gml:boundedBy>
            <value>
               <GridSeriesCoverage gml:id="IxTgIPem">
                  <gridSeriesDomain>
                     <GridSeriesDomain srsName="ndg:crs:lonlatt" uomLabels="degree_east degree_north days_since_1901-01-01" gml:id="Br3eoWhj" axisLabels="longitude latitude time" dimension="3" srsDimension="3">
                        <limits>
                           <gml:GridEnvelope>
                              <gml:low>0 0 0</gml:low>
                              <gml:high>0 0 0</gml:high>
                           </gml:GridEnvelope>
                        </limits>
                        <axisLabels>time latitude longitude</axisLabels>
                        <coordTransformTable>
                           <GridCoordinatesTable>
                              <gridOrdinate>
                                 <GridOrdinateDescription>
                                    <coordAxisLabel>time</coordAxisLabel>
                                    <coordAxisValues>
                                       <SpatialOrTemporalPositionList gml:id="QKp2lsNs">
                                          <timePositionList frame="ndg:standard">1915-01-16T00:00:00.0 1915-02-16T00:00:00.0 1915-03-16T00:00:00.0 1915-04-16T00:00:00.0 1915-05-16T00:00:00.0 1915-06-16T00:00:00.0 1915-07-16T00:00:00.0 1915-08-16T00:00:00.0 1915-09-16T00:00:00.0 1915-10-16T00:00:00.0 1915-11-16T00:00:00.0 1915-12-16T00:00:00.0 1945-01-16T00:00:00.0 1945-02-16T00:00:00.0 1945-03-16T00:00:00.0 1945-04-16T00:00:00.0 1945-05-16T00:00:00.0 1945-06-16T00:00:00.0 1945-07-16T00:00:00.0 1945-08-16T00:00:00.0 1945-09-16T00:00:00.0 1945-10-16T00:00:00.0 1945-11-16T00:00:00.0 1945-12-16T00:00:00.0 1975-01-16T00:00:00.0 1975-02-16T00:00:00.0 1975-03-16T00:00:00.0 1975-04-16T00:00:00.0 1975-05-16T00:00:00.0 1975-06-16T00:00:00.0 1975-07-16T00:00:00.0 1975-08-16T00:00:00.0 1975-09-16T00:00:00.0 1975-10-16T00:00:00.0 1975-11-16T00:00:00.0 1975-12-16T00:00:00.0</timePositionList>
                                       </SpatialOrTemporalPositionList>
                                    </coordAxisValues>
                                    <gridAxesSpanned>time</gridAxesSpanned>
                                    <sequenceRule axisOrder="+1">Linear</sequenceRule>
                                 </GridOrdinateDescription>
                              </gridOrdinate>
                              <gridOrdinate>
                                 <GridOrdinateDescription>
                                    <coordAxisLabel>latitude</coordAxisLabel>
                                    <coordAxisValues xlink:href="#B4XKuPfx" xlink:show="embed" xlink:arcrole="coordinateList" xlink:role="http://ndg.nerc.ac.uk/fileFormat/csmlStorageDescriptor">
                                       <SpatialOrTemporalPositionList gml:id="X07qE2W3">
                                          <coordinateList></coordinateList>
                                       </SpatialOrTemporalPositionList>
                                    </coordAxisValues>
                                    <gridAxesSpanned>latitude</gridAxesSpanned>
                                    <sequenceRule axisOrder="+1">Linear</sequenceRule>
                                 </GridOrdinateDescription>
                              </gridOrdinate>
                              <gridOrdinate>
                                 <GridOrdinateDescription>
                                    <coordAxisLabel>longitude</coordAxisLabel>
                                    <coordAxisValues xlink:href="#BPqefnMj" xlink:show="embed" xlink:arcrole="coordinateList" xlink:role="http://ndg.nerc.ac.uk/fileFormat/csmlStorageDescriptor">
                                       <SpatialOrTemporalPositionList gml:id="LIFEvhBT">
                                          <coordinateList></coordinateList>
                                       </SpatialOrTemporalPositionList>
                                    </coordAxisValues>
                                    <gridAxesSpanned>longitude</gridAxesSpanned>
                                    <sequenceRule axisOrder="+1">Linear</sequenceRule>
                                 </GridOrdinateDescription>
                              </gridOrdinate>
                           </GridCoordinatesTable>
                        </coordTransformTable>
                     </GridSeriesDomain>
                  </gridSeriesDomain>
                  <gml:rangeSet>
                     <gml:ValueArray gml:id="WZ5Cour6">
                        <gml:valueComponent xlink:href="#XhEHDmFF" xlink:show="embed" xlink:arcrole="QuantityList" xlink:role="http://ndg.nerc.ac.uk/fileFormat/csmlStorageDescriptor">
                           <gml:QuantityList uom="W.m-2"></gml:QuantityList>
                        </gml:valueComponent>
                     </gml:ValueArray>
                  </gml:rangeSet>
               </GridSeriesCoverage>
            </value>
            <parameter xlink:href="http://cfconventions.org/standard_names/surface_downwelling_shortwave_flux_in_air"></parameter>
         </GridSeriesFeature>
      </featureMember>
      <featureMember>
         <GridSeriesFeature gml:id="air_temperature">
            <gml:description>missing description</gml:description>
            <gml:name>air_temperature</gml:name>
            <gml:boundedBy>
               <gml:EnvelopeWithTimePeriod srsName="WGS84">
                  <gml:lowerCorner>0.0 -89.5043449402</gml:lowerCorner>
                  <gml:upperCorner>360.0 89.5043449402</gml:upperCorner>
                  <gml:beginPosition>1915-01-16T00:00:00.0</gml:beginPosition>
                  <gml:endPosition>1975-12-16T00:00:00.0</gml:endPosition>
               </gml:EnvelopeWithTimePeriod>
            </gml:boundedBy>
            <value>
               <GridSeriesCoverage gml:id="DMdCHNWg">
                  <gridSeriesDomain>
                     <GridSeriesDomain srsName="ndg:crs:lonlatt" uomLabels="degree_east degree_north days_since_1901-01-01" gml:id="IMPe4xpz" axisLabels="longitude latitude time" dimension="3" srsDimension="3">
                        <limits>
                           <gml:GridEnvelope>
                              <gml:low>0 0 0</gml:low>
                              <gml:high>0 0 0</gml:high>
                           </gml:GridEnvelope>
                        </limits>
                        <axisLabels>time latitude longitude</axisLabels>
                        <coordTransformTable>
                           <GridCoordinatesTable>
                              <gridOrdinate>
                                 <GridOrdinateDescription>
                                    <coordAxisLabel>time</coordAxisLabel>
                                    <coordAxisValues>
                                       <SpatialOrTemporalPositionList gml:id="Og9SnduR">
                                          <timePositionList frame="ndg:standard">1915-01-16T00:00:00.0 1915-02-16T00:00:00.0 1915-03-16T00:00:00.0 1915-04-16T00:00:00.0 1915-05-16T00:00:00.0 1915-06-16T00:00:00.0 1915-07-16T00:00:00.0 1915-08-16T00:00:00.0 1915-09-16T00:00:00.0 1915-10-16T00:00:00.0 1915-11-16T00:00:00.0 1915-12-16T00:00:00.0 1945-01-16T00:00:00.0 1945-02-16T00:00:00.0 1945-03-16T00:00:00.0 1945-04-16T00:00:00.0 1945-05-16T00:00:00.0 1945-06-16T00:00:00.0 1945-07-16T00:00:00.0 1945-08-16T00:00:00.0 1945-09-16T00:00:00.0 1945-10-16T00:00:00.0 1945-11-16T00:00:00.0 1945-12-16T00:00:00.0 1975-01-16T00:00:00.0 1975-02-16T00:00:00.0 1975-03-16T00:00:00.0 1975-04-16T00:00:00.0 1975-05-16T00:00:00.0 1975-06-16T00:00:00.0 1975-07-16T00:00:00.0 1975-08-16T00:00:00.0 1975-09-16T00:00:00.0 1975-10-16T00:00:00.0 1975-11-16T00:00:00.0 1975-12-16T00:00:00.0</timePositionList>
                                       </SpatialOrTemporalPositionList>
                                    </coordAxisValues>
                                    <gridAxesSpanned>time</gridAxesSpanned>
                                    <sequenceRule axisOrder="+1">Linear</sequenceRule>
                                 </GridOrdinateDescription>
                              </gridOrdinate>
                              <gridOrdinate>
                                 <GridOrdinateDescription>
                                    <coordAxisLabel>latitude</coordAxisLabel>
                                    <coordAxisValues xlink:href="#XjQh1jYY" xlink:show="embed" xlink:arcrole="coordinateList" xlink:role="http://ndg.nerc.ac.uk/fileFormat/csmlStorageDescriptor">
                                       <SpatialOrTemporalPositionList gml:id="Ms99rPrc">
                                          <coordinateList></coordinateList>
                                       </SpatialOrTemporalPositionList>
                                    </coordAxisValues>
                                    <gridAxesSpanned>latitude</gridAxesSpanned>
                                    <sequenceRule axisOrder="+1">Linear</sequenceRule>
                                 </GridOrdinateDescription>
                              </gridOrdinate>
                              <gridOrdinate>
                                 <GridOrdinateDescription>
                                    <coordAxisLabel>longitude</coordAxisLabel>
                                    <coordAxisValues xlink:href="#ZQwkbHnf" xlink:show="embed" xlink:arcrole="coordinateList" xlink:role="http://ndg.nerc.ac.uk/fileFormat/csmlStorageDescriptor">
                                       <SpatialOrTemporalPositionList gml:id="GNihjoP6">
                                          <coordinateList></coordinateList>
                                       </SpatialOrTemporalPositionList>
                                    </coordAxisValues>
                                    <gridAxesSpanned>longitude</gridAxesSpanned>
                                    <sequenceRule axisOrder="+1">Linear</sequenceRule>
                                 </GridOrdinateDescription>
                              </gridOrdinate>
                           </GridCoordinatesTable>
                        </coordTransformTable>
                     </GridSeriesDomain>
                  </gridSeriesDomain>
                  <gml:rangeSet>
                     <gml:ValueArray gml:id="MMNUAqCF">
                        <gml:valueComponent xlink:href="#UsIDXRY0" xlink:show="embed" xlink:arcrole="QuantityList" xlink:role="http://ndg.nerc.ac.uk/fileFormat/csmlStorageDescriptor">
                           <gml:QuantityList uom="K"></gml:QuantityList>
                        </gml:valueComponent>
                     </gml:ValueArray>
                  </gml:rangeSet>
               </GridSeriesCoverage>
            </value>
            <parameter xlink:href="http://cfconventions.org/standard_names/air_temperature"></parameter>
         </GridSeriesFeature>
      </featureMember>
      <featureMember>
         <GridSeriesFeature gml:id="air_temperature_daily_max">
            <gml:description>missing description</gml:description>
            <gml:name>air_temperature_daily_max</gml:name>
            <gml:boundedBy>
               <gml:EnvelopeWithTimePeriod srsName="WGS84">
                  <gml:lowerCorner>0.0 -89.5043449402</gml:lowerCorner>
                  <gml:upperCorner>360.0 89.5043449402</gml:upperCorner>
                  <gml:beginPosition>1915-01-16T00:00:00.0</gml:beginPosition>
                  <gml:endPosition>1975-12-16T00:00:00.0</gml:endPosition>
               </gml:EnvelopeWithTimePeriod>
            </gml:boundedBy>
            <value>
               <GridSeriesCoverage gml:id="BZPnzbh6">
                  <gridSeriesDomain>
                     <GridSeriesDomain srsName="ndg:crs:lonlatt" uomLabels="degree_east degree_north days_since_1901-01-01" gml:id="HMqA1WsD" axisLabels="longitude latitude time" dimension="3" srsDimension="3">
                        <limits>
                           <gml:GridEnvelope>
                              <gml:low>0 0 0</gml:low>
                              <gml:high>0 0 0</gml:high>
                           </gml:GridEnvelope>
                        </limits>
                        <axisLabels>time latitude longitude</axisLabels>
                        <coordTransformTable>
                           <GridCoordinatesTable>
                              <gridOrdinate>
                                 <GridOrdinateDescription>
                                    <coordAxisLabel>time</coordAxisLabel>
                                    <coordAxisValues>
                                       <SpatialOrTemporalPositionList gml:id="MB5YdTi6">
                                          <timePositionList frame="ndg:standard">1915-01-16T00:00:00.0 1915-02-16T00:00:00.0 1915-03-16T00:00:00.0 1915-04-16T00:00:00.0 1915-05-16T00:00:00.0 1915-06-16T00:00:00.0 1915-07-16T00:00:00.0 1915-08-16T00:00:00.0 1915-09-16T00:00:00.0 1915-10-16T00:00:00.0 1915-11-16T00:00:00.0 1915-12-16T00:00:00.0 1945-01-16T00:00:00.0 1945-02-16T00:00:00.0 1945-03-16T00:00:00.0 1945-04-16T00:00:00.0 1945-05-16T00:00:00.0 1945-06-16T00:00:00.0 1945-07-16T00:00:00.0 1945-08-16T00:00:00.0 1945-09-16T00:00:00.0 1945-10-16T00:00:00.0 1945-11-16T00:00:00.0 1945-12-16T00:00:00.0 1975-01-16T00:00:00.0 1975-02-16T00:00:00.0 1975-03-16T00:00:00.0 1975-04-16T00:00:00.0 1975-05-16T00:00:00.0 1975-06-16T00:00:00.0 1975-07-16T00:00:00.0 1975-08-16T00:00:00.0 1975-09-16T00:00:00.0 1975-10-16T00:00:00.0 1975-11-16T00:00:00.0 1975-12-16T00:00:00.0</timePositionList>
                                       </SpatialOrTemporalPositionList>
                                    </coordAxisValues>
                                    <gridAxesSpanned>time</gridAxesSpanned>
                                    <sequenceRule axisOrder="+1">Linear</sequenceRule>
                                 </GridOrdinateDescription>
                              </gridOrdinate>
                              <gridOrdinate>
                                 <GridOrdinateDescription>
                                    <coordAxisLabel>latitude</coordAxisLabel>
                                    <coordAxisValues xlink:href="#MgD0dAeO" xlink:show="embed" xlink:arcrole="coordinateList" xlink:role="http://ndg.nerc.ac.uk/fileFormat/csmlStorageDescriptor">
                                       <SpatialOrTemporalPositionList gml:id="HhneV7bc">
                                          <coordinateList></coordinateList>
                                       </SpatialOrTemporalPositionList>
                                    </coordAxisValues>
                                    <gridAxesSpanned>latitude</gridAxesSpanned>
                                    <sequenceRule axisOrder="+1">Linear</sequenceRule>
                                 </GridOrdinateDescription>
                              </gridOrdinate>
                              <gridOrdinate>
                                 <GridOrdinateDescription>
                                    <coordAxisLabel>longitude</coordAxisLabel>
                                    <coordAxisValues xlink:href="#J0PndYW2" xlink:show="embed" xlink:arcrole="coordinateList" xlink:role="http://ndg.nerc.ac.uk/fileFormat/csmlStorageDescriptor">
                                       <SpatialOrTemporalPositionList gml:id="WE7F9K5i">
                                          <coordinateList></coordinateList>
                                       </SpatialOrTemporalPositionList>
                                    </coordAxisValues>
                                    <gridAxesSpanned>longitude</gridAxesSpanned>
                                    <sequenceRule axisOrder="+1">Linear</sequenceRule>
                                 </GridOrdinateDescription>
                              </gridOrdinate>
                           </GridCoordinatesTable>
                        </coordTransformTable>
                     </GridSeriesDomain>
                  </gridSeriesDomain>
                  <gml:rangeSet>
                     <gml:ValueArray gml:id="ORolWjDJ">
                        <gml:valueComponent xlink:href="#B5Est0dE" xlink:show="embed" xlink:arcrole="QuantityList" xlink:role="http://ndg.nerc.ac.uk/fileFormat/csmlStorageDescriptor">
                           <gml:QuantityList uom="K"></gml:QuantityList>
                        </gml:valueComponent>
                     </gml:ValueArray>
                  </gml:rangeSet>
               </GridSeriesCoverage>
            </value>
            <parameter xlink:href="http://cfconventions.org/standard_names/air_temperature"></parameter>
         </GridSeriesFeature>
      </featureMember>
      <featureMember>
         <GridSeriesFeature gml:id="air_temperature_daily_min">
            <gml:description>missing description</gml:description>
            <gml:name>air_temperature_daily_min</gml:name>
            <gml:boundedBy>
               <gml:EnvelopeWithTimePeriod srsName="WGS84">
                  <gml:lowerCorner>0.0 -89.5043449402</gml:lowerCorner>
                  <gml:upperCorner>360.0 89.5043449402</gml:upperCorner>
                  <gml:beginPosition>1915-01-16T00:00:00.0</gml:beginPosition>
                  <gml:endPosition>1975-12-16T00:00:00.0</gml:endPosition>
               </gml:EnvelopeWithTimePeriod>
            </gml:boundedBy>
            <value>
               <GridSeriesCoverage gml:id="H7Mo9zBi">
                  <gridSeriesDomain>
                     <GridSeriesDomain srsName="ndg:crs:lonlatt" uomLabels="degree_east degree_north days_since_1901-01-01" gml:id="Cpcq7a43" axisLabels="longitude latitude time" dimension="3" srsDimension="3">
                        <limits>
                           <gml:GridEnvelope>
                              <gml:low>0 0 0</gml:low>
                              <gml:high>0 0 0</gml:high>
                           </gml:GridEnvelope>
                        </limits>
                        <axisLabels>time latitude longitude</axisLabels>
                        <coordTransformTable>
                           <GridCoordinatesTable>
                              <gridOrdinate>
                                 <GridOrdinateDescription>
                                    <coordAxisLabel>time</coordAxisLabel>
                                    <coordAxisValues>
                                       <SpatialOrTemporalPositionList gml:id="HjZFs5Si">
                                          <timePositionList frame="ndg:standard">1915-01-16T00:00:00.0 1915-02-16T00:00:00.0 1915-03-16T00:00:00.0 1915-04-16T00:00:00.0 1915-05-16T00:00:00.0 1915-06-16T00:00:00.0 1915-07-16T00:00:00.0 1915-08-16T00:00:00.0 1915-09-16T00:00:00.0 1915-10-16T00:00:00.0 1915-11-16T00:00:00.0 1915-12-16T00:00:00.0 1945-01-16T00:00:00.0 1945-02-16T00:00:00.0 1945-03-16T00:00:00.0 1945-04-16T00:00:00.0 1945-05-16T00:00:00.0 1945-06-16T00:00:00.0 1945-07-16T00:00:00.0 1945-08-16T00:00:00.0 1945-09-16T00:00:00.0 1945-10-16T00:00:00.0 1945-11-16T00:00:00.0 1945-12-16T00:00:00.0 1975-01-16T00:00:00.0 1975-02-16T00:00:00.0 1975-03-16T00:00:00.0 1975-04-16T00:00:00.0 1975-05-16T00:00:00.0 1975-06-16T00:00:00.0 1975-07-16T00:00:00.0 1975-08-16T00:00:00.0 1975-09-16T00:00:00.0 1975-10-16T00:00:00.0 1975-11-16T00:00:00.0 1975-12-16T00:00:00.0</timePositionList>
                                       </SpatialOrTemporalPositionList>
                                    </coordAxisValues>
                                    <gridAxesSpanned>time</gridAxesSpanned>
                                    <sequenceRule axisOrder="+1">Linear</sequenceRule>
                                 </GridOrdinateDescription>
                              </gridOrdinate>
                              <gridOrdinate>
                                 <GridOrdinateDescription>
                                    <coordAxisLabel>latitude</coordAxisLabel>
                                    <coordAxisValues xlink:href="#Il8AaEZW" xlink:show="embed" xlink:arcrole="coordinateList" xlink:role="http://ndg.nerc.ac.uk/fileFormat/csmlStorageDescriptor">
                                       <SpatialOrTemporalPositionList gml:id="VziSBNc8">
                                          <coordinateList></coordinateList>
                                       </SpatialOrTemporalPositionList>
                                    </coordAxisValues>
                                    <gridAxesSpanned>latitude</gridAxesSpanned>
                                    <sequenceRule axisOrder="+1">Linear</sequenceRule>
                                 </GridOrdinateDescription>
                              </gridOrdinate>
                              <gridOrdinate>
                                 <GridOrdinateDescription>
                                    <coordAxisLabel>longitude</coordAxisLabel>
                                    <coordAxisValues xlink:href="#HH598E6F" xlink:show="embed" xlink:arcrole="coordinateList" xlink:role="http://ndg.nerc.ac.uk/fileFormat/csmlStorageDescriptor">
                                       <SpatialOrTemporalPositionList gml:id="BJMHZ8Cb">
                                          <coordinateList></coordinateList>
                                       </SpatialOrTemporalPositionList>
                                    </coordAxisValues>
                                    <gridAxesSpanned>longitude</gridAxesSpanned>
                                    <sequenceRule axisOrder="+1">Linear</sequenceRule>
                                 </GridOrdinateDescription>
                              </gridOrdinate>
                           </GridCoordinatesTable>
                        </coordTransformTable>
                     </GridSeriesDomain>
                  </gridSeriesDomain>
                  <gml:rangeSet>
                     <gml:ValueArray gml:id="G5hzReRj">
                        <gml:valueComponent xlink:href="#OmWDjplq" xlink:show="embed" xlink:arcrole="QuantityList" xlink:role="http://ndg.nerc.ac.uk/fileFormat/csmlStorageDescriptor">
                           <gml:QuantityList uom="K"></gml:QuantityList>
                        </gml:valueComponent>
                     </gml:ValueArray>
                  </gml:rangeSet>
               </GridSeriesCoverage>
            </value>
            <parameter xlink:href="http://cfconventions.org/standard_names/air_temperature"></parameter>
         </GridSeriesFeature>
      </featureMember>
   </CSMLFeatureCollection>
   <CSMLStorageDescriptor>
      <descriptor>
         <NetCDFExtract id="JkX4Or2R">
            <arraySize>96</arraySize>
            <fileName>/badc/ipcc-ddc/data/netcdf/ar4_v2/pr/CSMK3_20C3M_1_pr_1901-1930.nc</fileName>
            <variableName>latitude</variableName>
         </NetCDFExtract>
      </descriptor>
      <descriptor>
         <NetCDFExtract id="N3ciz4je">
            <arraySize>2</arraySize>
            <fileName>/badc/ipcc-ddc/data/netcdf/ar4_v2/pr/CSMK3_20C3M_1_pr_1901-1930.nc</fileName>
            <variableName>bounds</variableName>
         </NetCDFExtract>
      </descriptor>
      <descriptor>
         <NetCDFExtract id="ZXdI1Hcg">
            <arraySize>192</arraySize>
            <fileName>/badc/ipcc-ddc/data/netcdf/ar4_v2/pr/CSMK3_20C3M_1_pr_1901-1930.nc</fileName>
            <variableName>longitude</variableName>
         </NetCDFExtract>
      </descriptor>
      <descriptor>
         <NetCDFExtract id="EScsuBV2">
            <arraySize>12</arraySize>
            <fileName>/badc/ipcc-ddc/data/netcdf/ar4_v2/pr/CSMK3_20C3M_1_pr_1901-1930.nc</fileName>
            <variableName>time</variableName>
         </NetCDFExtract>
      </descriptor>
      <descriptor>
         <NetCDFExtract id="NUe6IIfr">
            <arraySize>96</arraySize>
            <fileName>/badc/ipcc-ddc/data/netcdf/ar4_v2/psl/CSMK3_20C3M_1_psl_1901-1930.nc</fileName>
            <variableName>latitude</variableName>
         </NetCDFExtract>
      </descriptor>
      <descriptor>
         <NetCDFExtract id="Y6fBrsrx">
            <arraySize>2</arraySize>
            <fileName>/badc/ipcc-ddc/data/netcdf/ar4_v2/psl/CSMK3_20C3M_1_psl_1901-1930.nc</fileName>
            <variableName>bounds</variableName>
         </NetCDFExtract>
      </descriptor>
      <descriptor>
         <NetCDFExtract id="HZyf57Bl">
            <arraySize>192</arraySize>
            <fileName>/badc/ipcc-ddc/data/netcdf/ar4_v2/psl/CSMK3_20C3M_1_psl_1901-1930.nc</fileName>
            <variableName>longitude</variableName>
         </NetCDFExtract>
      </descriptor>
      <descriptor>
         <NetCDFExtract id="KJeSxoPV">
            <arraySize>12</arraySize>
            <fileName>/badc/ipcc-ddc/data/netcdf/ar4_v2/psl/CSMK3_20C3M_1_psl_1901-1930.nc</fileName>
            <variableName>time</variableName>
         </NetCDFExtract>
      </descriptor>
      <descriptor>
         <NetCDFExtract id="B4XKuPfx">
            <arraySize>96</arraySize>
            <fileName>/badc/ipcc-ddc/data/netcdf/ar4_v2/rsds/CSMK3_20C3M_1_rsds_1901-1930.nc</fileName>
            <variableName>latitude</variableName>
         </NetCDFExtract>
      </descriptor>
      <descriptor>
         <NetCDFExtract id="QrBBcH3g">
            <arraySize>2</arraySize>
            <fileName>/badc/ipcc-ddc/data/netcdf/ar4_v2/rsds/CSMK3_20C3M_1_rsds_1901-1930.nc</fileName>
            <variableName>bounds</variableName>
         </NetCDFExtract>
      </descriptor>
      <descriptor>
         <NetCDFExtract id="BPqefnMj">
            <arraySize>192</arraySize>
            <fileName>/badc/ipcc-ddc/data/netcdf/ar4_v2/rsds/CSMK3_20C3M_1_rsds_1901-1930.nc</fileName>
            <variableName>longitude</variableName>
         </NetCDFExtract>
      </descriptor>
      <descriptor>
         <NetCDFExtract id="URSF7Zni">
            <arraySize>12</arraySize>
            <fileName>/badc/ipcc-ddc/data/netcdf/ar4_v2/rsds/CSMK3_20C3M_1_rsds_1901-1930.nc</fileName>
            <variableName>time</variableName>
         </NetCDFExtract>
      </descriptor>
      <descriptor>
         <NetCDFExtract id="XjQh1jYY">
            <arraySize>96</arraySize>
            <fileName>/badc/ipcc-ddc/data/netcdf/ar4_v2/tas/CSMK3_20C3M_1_tas_1901-1930.nc</fileName>
            <variableName>latitude</variableName>
         </NetCDFExtract>
      </descriptor>
      <descriptor>
         <NetCDFExtract id="VATe41zf">
            <arraySize>2</arraySize>
            <fileName>/badc/ipcc-ddc/data/netcdf/ar4_v2/tas/CSMK3_20C3M_1_tas_1901-1930.nc</fileName>
            <variableName>bounds</variableName>
         </NetCDFExtract>
      </descriptor>
      <descriptor>
         <NetCDFExtract id="ZQwkbHnf">
            <arraySize>192</arraySize>
            <fileName>/badc/ipcc-ddc/data/netcdf/ar4_v2/tas/CSMK3_20C3M_1_tas_1901-1930.nc</fileName>
            <variableName>longitude</variableName>
         </NetCDFExtract>
      </descriptor>
      <descriptor>
         <NetCDFExtract id="PHud81Yt">
            <arraySize>12</arraySize>
            <fileName>/badc/ipcc-ddc/data/netcdf/ar4_v2/tas/CSMK3_20C3M_1_tas_1901-1930.nc</fileName>
            <variableName>time</variableName>
         </NetCDFExtract>
      </descriptor>
      <descriptor>
         <NetCDFExtract id="MgD0dAeO">
            <arraySize>96</arraySize>
            <fileName>/badc/ipcc-ddc/data/netcdf/ar4_v2/tasmax/CSMK3_20C3M_1_tasmax_1901-1930.nc</fileName>
            <variableName>latitude</variableName>
         </NetCDFExtract>
      </descriptor>
      <descriptor>
         <NetCDFExtract id="YhLthE7k">
            <arraySize>2</arraySize>
            <fileName>/badc/ipcc-ddc/data/netcdf/ar4_v2/tasmax/CSMK3_20C3M_1_tasmax_1901-1930.nc</fileName>
            <variableName>bounds</variableName>
         </NetCDFExtract>
      </descriptor>
      <descriptor>
         <NetCDFExtract id="J0PndYW2">
            <arraySize>192</arraySize>
            <fileName>/badc/ipcc-ddc/data/netcdf/ar4_v2/tasmax/CSMK3_20C3M_1_tasmax_1901-1930.nc</fileName>
            <variableName>longitude</variableName>
         </NetCDFExtract>
      </descriptor>
      <descriptor>
         <NetCDFExtract id="Qp5rn3k3">
            <arraySize>12</arraySize>
            <fileName>/badc/ipcc-ddc/data/netcdf/ar4_v2/tasmax/CSMK3_20C3M_1_tasmax_1901-1930.nc</fileName>
            <variableName>time</variableName>
         </NetCDFExtract>
      </descriptor>
      <descriptor>
         <NetCDFExtract id="Il8AaEZW">
            <arraySize>96</arraySize>
            <fileName>/badc/ipcc-ddc/data/netcdf/ar4_v2/tasmin/CSMK3_20C3M_1_tasmin_1901-1930.nc</fileName>
            <variableName>latitude</variableName>
         </NetCDFExtract>
      </descriptor>
      <descriptor>
         <NetCDFExtract id="ZlnHEdk9">
            <arraySize>2</arraySize>
            <fileName>/badc/ipcc-ddc/data/netcdf/ar4_v2/tasmin/CSMK3_20C3M_1_tasmin_1901-1930.nc</fileName>
            <variableName>bounds</variableName>
         </NetCDFExtract>
      </descriptor>
      <descriptor>
         <NetCDFExtract id="HH598E6F">
            <arraySize>192</arraySize>
            <fileName>/badc/ipcc-ddc/data/netcdf/ar4_v2/tasmin/CSMK3_20C3M_1_tasmin_1901-1930.nc</fileName>
            <variableName>longitude</variableName>
         </NetCDFExtract>
      </descriptor>
      <descriptor>
         <NetCDFExtract id="NgiKBkNE">
            <arraySize>12</arraySize>
            <fileName>/badc/ipcc-ddc/data/netcdf/ar4_v2/tasmin/CSMK3_20C3M_1_tasmin_1901-1930.nc</fileName>
            <variableName>time</variableName>
         </NetCDFExtract>
      </descriptor>
      <descriptor>
         <AggregatedArray id="Irj4opFJ">
            <arraySize>221184</arraySize>
            <uom>kg.m-2.s-1</uom>
            <aggType>new</aggType>
            <aggIndex>1</aggIndex>
            <component>
               <NetCDFExtract>
                  <arraySize>12  96  192</arraySize>
                  <fileList>
                     <FileList id="IrbmRFFI">
                        <fileNames>/badc/ipcc-ddc/data/netcdf/ar4_v2/pr/CSMK3_20C3M_1_pr_1901-1930.nc /badc/ipcc-ddc/data/netcdf/ar4_v2/pr/CSMK3_20C3M_1_pr_1931-1960.nc /badc/ipcc-ddc/data/netcdf/ar4_v2/pr/CSMK3_20C3M_1_pr_1961-1990.nc</fileNames>
                     </FileList>
                  </fileList>
                  <variableName>precipitation_flux</variableName>
               </NetCDFExtract>
            </component>
         </AggregatedArray>
      </descriptor>
      <descriptor>
         <AggregatedArray id="PhfFhGIg">
            <arraySize>221184</arraySize>
            <uom>Pa</uom>
            <aggType>new</aggType>
            <aggIndex>1</aggIndex>
            <component>
               <NetCDFExtract>
                  <arraySize>12  96  192</arraySize>
                  <fileList>
                     <FileList id="JsOsBECv">
                        <fileNames>/badc/ipcc-ddc/data/netcdf/ar4_v2/psl/CSMK3_20C3M_1_psl_1901-1930.nc /badc/ipcc-ddc/data/netcdf/ar4_v2/psl/CSMK3_20C3M_1_psl_1931-1960.nc /badc/ipcc-ddc/data/netcdf/ar4_v2/psl/CSMK3_20C3M_1_psl_1961-1990.nc</fileNames>
                     </FileList>
                  </fileList>
                  <variableName>air_pressure_at_sea_level</variableName>
               </NetCDFExtract>
            </component>
         </AggregatedArray>
      </descriptor>
      <descriptor>
         <AggregatedArray id="XhEHDmFF">
            <arraySize>221184</arraySize>
            <uom>W.m-2</uom>
            <aggType>new</aggType>
            <aggIndex>1</aggIndex>
            <component>
               <NetCDFExtract>
                  <arraySize>12  96  192</arraySize>
                  <fileList>
                     <FileList id="GBrAL7g3">
                        <fileNames>/badc/ipcc-ddc/data/netcdf/ar4_v2/rsds/CSMK3_20C3M_1_rsds_1901-1930.nc /badc/ipcc-ddc/data/netcdf/ar4_v2/rsds/CSMK3_20C3M_1_rsds_1931-1960.nc /badc/ipcc-ddc/data/netcdf/ar4_v2/rsds/CSMK3_20C3M_1_rsds_1961-1990.nc</fileNames>
                     </FileList>
                  </fileList>
                  <variableName>surface_downwelling_shortwave_flux_in_air</variableName>
               </NetCDFExtract>
            </component>
         </AggregatedArray>
      </descriptor>
      <descriptor>
         <AggregatedArray id="UsIDXRY0">
            <arraySize>221184</arraySize>
            <uom>K</uom>
            <aggType>new</aggType>
            <aggIndex>1</aggIndex>
            <component>
               <NetCDFExtract>
                  <arraySize>12  96  192</arraySize>
                  <fileList>
                     <FileList id="TTBN501p">
                        <fileNames>/badc/ipcc-ddc/data/netcdf/ar4_v2/tas/CSMK3_20C3M_1_tas_1901-1930.nc /badc/ipcc-ddc/data/netcdf/ar4_v2/tas/CSMK3_20C3M_1_tas_1931-1960.nc /badc/ipcc-ddc/data/netcdf/ar4_v2/tas/CSMK3_20C3M_1_tas_1961-1990.nc</fileNames>
                     </FileList>
                  </fileList>
                  <variableName>air_temperature</variableName>
               </NetCDFExtract>
            </component>
         </AggregatedArray>
      </descriptor>
      <descriptor>
         <AggregatedArray id="B5Est0dE">
            <arraySize>221184</arraySize>
            <uom>K</uom>
            <aggType>new</aggType>
            <aggIndex>1</aggIndex>
            <component>
               <NetCDFExtract>
                  <arraySize>12  96  192</arraySize>
                  <fileList>
                     <FileList id="CDm04Xri">
                        <fileNames>/badc/ipcc-ddc/data/netcdf/ar4_v2/tasmax/CSMK3_20C3M_1_tasmax_1901-1930.nc /badc/ipcc-ddc/data/netcdf/ar4_v2/tasmax/CSMK3_20C3M_1_tasmax_1931-1960.nc /badc/ipcc-ddc/data/netcdf/ar4_v2/tasmax/CSMK3_20C3M_1_tasmax_1961-1990.nc</fileNames>
                     </FileList>
                  </fileList>
                  <variableName>air_temperature_daily_max</variableName>
               </NetCDFExtract>
            </component>
         </AggregatedArray>
      </descriptor>
      <descriptor>
         <AggregatedArray id="OmWDjplq">
            <arraySize>221184</arraySize>
            <uom>K</uom>
            <aggType>new</aggType>
            <aggIndex>1</aggIndex>
            <component>
               <NetCDFExtract>
                  <arraySize>12  96  192</arraySize>
                  <fileList>
                     <FileList id="P1at8eb5">
                        <fileNames>/badc/ipcc-ddc/data/netcdf/ar4_v2/tasmin/CSMK3_20C3M_1_tasmin_1901-1930.nc /badc/ipcc-ddc/data/netcdf/ar4_v2/tasmin/CSMK3_20C3M_1_tasmin_1931-1960.nc /badc/ipcc-ddc/data/netcdf/ar4_v2/tasmin/CSMK3_20C3M_1_tasmin_1961-1990.nc</fileNames>
                     </FileList>
                  </fileList>
                  <variableName>air_temperature_daily_min</variableName>
               </NetCDFExtract>
            </component>
         </AggregatedArray>
      </descriptor>
   </CSMLStorageDescriptor>
</Dataset>