<?xml version="1.0" encoding="UTF-8"?><Dataset xmlns="http://ndg.nerc.ac.uk/csml"  xmlns:gml="http://www.opengis.net/gml" xmlns:om="http://www.opengis.net/om" xmlns:swe="http://www.opengis.net/swe"  xmlns:xsi="http://www.w3.org/2001/XMLSchema-instance" xmlns:moles="http://ndg.nerc.ac.uk/moles"  xmlns:xlink="http://www.w3.org/1999/xlink" xsi:schemaLocation="http://ndg.nerc.ac.uk/csml/ schemas/csmlDataset.xsd" id="ar4_GIAOM_20C3M_clim_30">
   <name>Scenario: 20C3M - Model: GIAOM - 30 year mean climatology</name>
   <AccessControlPolicy>
      <dgSecurityCondition>
         <moles:effect>allow</moles:effect>
         <moles:simpleCondition>
            <moles:dgAttributeAuthority>http://aa.ceda.rl.ac.uk/</moles:dgAttributeAuthority>
            <moles:attrauthRole>badc</moles:attrauthRole>
         </moles:simpleCondition>
      </dgSecurityCondition>
   </AccessControlPolicy>
   <CSMLFeatureCollection gml:id="HbYSWWzp">
      <gml:metaDataProperty></gml:metaDataProperty>
      <gml:boundedBy>
         <gml:EnvelopeWithTimePeriod srsName="WGS84">
            <gml:lowerCorner>0.0 -90.0</gml:lowerCorner>
            <gml:upperCorner>360.0 90.0</gml:upperCorner>
            <gml:beginPosition>1915-01-16T00:00:00.0</gml:beginPosition>
            <gml:endPosition>1975-12-16T00:00:00.0</gml:endPosition>
         </gml:EnvelopeWithTimePeriod>
      </gml:boundedBy>
      <featureMember>
         <GridSeriesFeature gml:id="specific_humidity">
            <gml:description>missing description</gml:description>
            <gml:name>specific_humidity</gml:name>
            <gml:boundedBy>
               <gml:EnvelopeWithTimePeriod srsName="WGS84">
                  <gml:lowerCorner>0.0 -90.0</gml:lowerCorner>
                  <gml:upperCorner>360.0 90.0</gml:upperCorner>
                  <gml:beginPosition>1915-01-16T00:00:00.0</gml:beginPosition>
                  <gml:endPosition>1975-12-16T00:00:00.0</gml:endPosition>
               </gml:EnvelopeWithTimePeriod>
            </gml:boundedBy>
            <value>
               <GridSeriesCoverage gml:id="Wrq7ymN3">
                  <gridSeriesDomain>
                     <GridSeriesDomain srsName="ndg:crs:lonlatt" uomLabels="degree_east degree_north days_since_1901-01-01" gml:id="WDhppV8o" axisLabels="longitude latitude time" dimension="3" srsDimension="3">
                        <limits>
                           <gml:GridEnvelope>
                              <gml:low>0 0 0</gml:low>
                              <gml:high>0 0 0</gml:high>
                           </gml:GridEnvelope>
                        </limits>
                        <axisLabels>time latitude longitude</axisLabels>
                        <coordTransformTable>
                           <GridCoordinatesTable>
                              <gridOrdinate>
                                 <GridOrdinateDescription>
                                    <coordAxisLabel>time</coordAxisLabel>
                                    <coordAxisValues>
                                       <SpatialOrTemporalPositionList gml:id="UySfvTvN">
                                          <timePositionList frame="ndg:standard">1915-01-16T00:00:00.0 1915-02-16T00:00:00.0 1915-03-16T00:00:00.0 1915-04-16T00:00:00.0 1915-05-16T00:00:00.0 1915-06-16T00:00:00.0 1915-07-16T00:00:00.0 1915-08-16T00:00:00.0 1915-09-16T00:00:00.0 1915-10-16T00:00:00.0 1915-11-16T00:00:00.0 1915-12-16T00:00:00.0 1945-01-16T00:00:00.0 1945-02-16T00:00:00.0 1945-03-16T00:00:00.0 1945-04-16T00:00:00.0 1945-05-16T00:00:00.0 1945-06-16T00:00:00.0 1945-07-16T00:00:00.0 1945-08-16T00:00:00.0 1945-09-16T00:00:00.0 1945-10-16T00:00:00.0 1945-11-16T00:00:00.0 1945-12-16T00:00:00.0 1975-01-16T00:00:00.0 1975-02-16T00:00:00.0 1975-03-16T00:00:00.0 1975-04-16T00:00:00.0 1975-05-16T00:00:00.0 1975-06-16T00:00:00.0 1975-07-16T00:00:00.0 1975-08-16T00:00:00.0 1975-09-16T00:00:00.0 1975-10-16T00:00:00.0 1975-11-16T00:00:00.0 1975-12-16T00:00:00.0</timePositionList>
                                       </SpatialOrTemporalPositionList>
                                    </coordAxisValues>
                                    <gridAxesSpanned>time</gridAxesSpanned>
                                    <sequenceRule axisOrder="+1">Linear</sequenceRule>
                                 </GridOrdinateDescription>
                              </gridOrdinate>
                              <gridOrdinate>
                                 <GridOrdinateDescription>
                                    <coordAxisLabel>latitude</coordAxisLabel>
                                    <coordAxisValues xlink:href="#A28bG8fQ" xlink:show="embed" xlink:arcrole="coordinateList" xlink:role="http://ndg.nerc.ac.uk/fileFormat/csmlStorageDescriptor">
                                       <SpatialOrTemporalPositionList gml:id="CkOm0cMd">
                                          <coordinateList></coordinateList>
                                       </SpatialOrTemporalPositionList>
                                    </coordAxisValues>
                                    <gridAxesSpanned>latitude</gridAxesSpanned>
                                    <sequenceRule axisOrder="+1">Linear</sequenceRule>
                                 </GridOrdinateDescription>
                              </gridOrdinate>
                              <gridOrdinate>
                                 <GridOrdinateDescription>
                                    <coordAxisLabel>longitude</coordAxisLabel>
                                    <coordAxisValues xlink:href="#RltODuhI" xlink:show="embed" xlink:arcrole="coordinateList" xlink:role="http://ndg.nerc.ac.uk/fileFormat/csmlStorageDescriptor">
                                       <SpatialOrTemporalPositionList gml:id="NMs7nBsg">
                                          <coordinateList></coordinateList>
                                       </SpatialOrTemporalPositionList>
                                    </coordAxisValues>
                                    <gridAxesSpanned>longitude</gridAxesSpanned>
                                    <sequenceRule axisOrder="+1">Linear</sequenceRule>
                                 </GridOrdinateDescription>
                              </gridOrdinate>
                           </GridCoordinatesTable>
                        </coordTransformTable>
                     </GridSeriesDomain>
                  </gridSeriesDomain>
                  <gml:rangeSet>
                     <gml:ValueArray gml:id="HUk3Aot6">
                        <gml:valueComponent xlink:href="#GTbLK95j" xlink:show="embed" xlink:arcrole="QuantityList" xlink:role="http://ndg.nerc.ac.uk/fileFormat/csmlStorageDescriptor">
                           <gml:QuantityList uom="1"></gml:QuantityList>
                        </gml:valueComponent>
                     </gml:ValueArray>
                  </gml:rangeSet>
               </GridSeriesCoverage>
            </value>
            <parameter xlink:href="http://cfconventions.org/standard_names/specific_humidity"></parameter>
         </GridSeriesFeature>
      </featureMember>
      <featureMember>
         <GridSeriesFeature gml:id="precipitation_flux">
            <gml:description>missing description</gml:description>
            <gml:name>precipitation_flux</gml:name>
            <gml:boundedBy>
               <gml:EnvelopeWithTimePeriod srsName="WGS84">
                  <gml:lowerCorner>0.0 -90.0</gml:lowerCorner>
                  <gml:upperCorner>360.0 90.0</gml:upperCorner>
                  <gml:beginPosition>1915-01-16T00:00:00.0</gml:beginPosition>
                  <gml:endPosition>1975-12-16T00:00:00.0</gml:endPosition>
               </gml:EnvelopeWithTimePeriod>
            </gml:boundedBy>
            <value>
               <GridSeriesCoverage gml:id="ObQEyeGC">
                  <gridSeriesDomain>
                     <GridSeriesDomain srsName="ndg:crs:lonlatt" uomLabels="degree_east degree_north days_since_1901-01-01" gml:id="DOM8HCUE" axisLabels="longitude latitude time" dimension="3" srsDimension="3">
                        <limits>
                           <gml:GridEnvelope>
                              <gml:low>0 0 0</gml:low>
                              <gml:high>0 0 0</gml:high>
                           </gml:GridEnvelope>
                        </limits>
                        <axisLabels>time latitude longitude</axisLabels>
                        <coordTransformTable>
                           <GridCoordinatesTable>
                              <gridOrdinate>
                                 <GridOrdinateDescription>
                                    <coordAxisLabel>time</coordAxisLabel>
                                    <coordAxisValues>
                                       <SpatialOrTemporalPositionList gml:id="CXt8meeA">
                                          <timePositionList frame="ndg:standard">1915-01-16T00:00:00.0 1915-02-16T00:00:00.0 1915-03-16T00:00:00.0 1915-04-16T00:00:00.0 1915-05-16T00:00:00.0 1915-06-16T00:00:00.0 1915-07-16T00:00:00.0 1915-08-16T00:00:00.0 1915-09-16T00:00:00.0 1915-10-16T00:00:00.0 1915-11-16T00:00:00.0 1915-12-16T00:00:00.0 1945-01-16T00:00:00.0 1945-02-16T00:00:00.0 1945-03-16T00:00:00.0 1945-04-16T00:00:00.0 1945-05-16T00:00:00.0 1945-06-16T00:00:00.0 1945-07-16T00:00:00.0 1945-08-16T00:00:00.0 1945-09-16T00:00:00.0 1945-10-16T00:00:00.0 1945-11-16T00:00:00.0 1945-12-16T00:00:00.0 1975-01-16T00:00:00.0 1975-02-16T00:00:00.0 1975-03-16T00:00:00.0 1975-04-16T00:00:00.0 1975-05-16T00:00:00.0 1975-06-16T00:00:00.0 1975-07-16T00:00:00.0 1975-08-16T00:00:00.0 1975-09-16T00:00:00.0 1975-10-16T00:00:00.0 1975-11-16T00:00:00.0 1975-12-16T00:00:00.0</timePositionList>
                                       </SpatialOrTemporalPositionList>
                                    </coordAxisValues>
                                    <gridAxesSpanned>time</gridAxesSpanned>
                                    <sequenceRule axisOrder="+1">Linear</sequenceRule>
                                 </GridOrdinateDescription>
                              </gridOrdinate>
                              <gridOrdinate>
                                 <GridOrdinateDescription>
                                    <coordAxisLabel>latitude</coordAxisLabel>
                                    <coordAxisValues xlink:href="#YIGvq4Q8" xlink:show="embed" xlink:arcrole="coordinateList" xlink:role="http://ndg.nerc.ac.uk/fileFormat/csmlStorageDescriptor">
                                       <SpatialOrTemporalPositionList gml:id="WI5dRXOl">
                                          <coordinateList></coordinateList>
                                       </SpatialOrTemporalPositionList>
                                    </coordAxisValues>
                                    <gridAxesSpanned>latitude</gridAxesSpanned>
                                    <sequenceRule axisOrder="+1">Linear</sequenceRule>
                                 </GridOrdinateDescription>
                              </gridOrdinate>
                              <gridOrdinate>
                                 <GridOrdinateDescription>
                                    <coordAxisLabel>longitude</coordAxisLabel>
                                    <coordAxisValues xlink:href="#FlbGKXjL" xlink:show="embed" xlink:arcrole="coordinateList" xlink:role="http://ndg.nerc.ac.uk/fileFormat/csmlStorageDescriptor">
                                       <SpatialOrTemporalPositionList gml:id="TRtwCUMi">
                                          <coordinateList></coordinateList>
                                       </SpatialOrTemporalPositionList>
                                    </coordAxisValues>
                                    <gridAxesSpanned>longitude</gridAxesSpanned>
                                    <sequenceRule axisOrder="+1">Linear</sequenceRule>
                                 </GridOrdinateDescription>
                              </gridOrdinate>
                           </GridCoordinatesTable>
                        </coordTransformTable>
                     </GridSeriesDomain>
                  </gridSeriesDomain>
                  <gml:rangeSet>
                     <gml:ValueArray gml:id="LOm5CGjy">
                        <gml:valueComponent xlink:href="#SJv5qldD" xlink:show="embed" xlink:arcrole="QuantityList" xlink:role="http://ndg.nerc.ac.uk/fileFormat/csmlStorageDescriptor">
                           <gml:QuantityList uom="kg.m-2.s-1"></gml:QuantityList>
                        </gml:valueComponent>
                     </gml:ValueArray>
                  </gml:rangeSet>
               </GridSeriesCoverage>
            </value>
            <parameter xlink:href="http://cfconventions.org/standard_names/precipitation_flux"></parameter>
         </GridSeriesFeature>
      </featureMember>
      <featureMember>
         <GridSeriesFeature gml:id="air_pressure_at_sea_level">
            <gml:description>missing description</gml:description>
            <gml:name>air_pressure_at_sea_level</gml:name>
            <gml:boundedBy>
               <gml:EnvelopeWithTimePeriod srsName="WGS84">
                  <gml:lowerCorner>0.0 -90.0</gml:lowerCorner>
                  <gml:upperCorner>360.0 90.0</gml:upperCorner>
                  <gml:beginPosition>1915-01-16T00:00:00.0</gml:beginPosition>
                  <gml:endPosition>1975-12-16T00:00:00.0</gml:endPosition>
               </gml:EnvelopeWithTimePeriod>
            </gml:boundedBy>
            <value>
               <GridSeriesCoverage gml:id="NnYMJTiG">
                  <gridSeriesDomain>
                     <GridSeriesDomain srsName="ndg:crs:lonlatt" uomLabels="degree_east degree_north days_since_1901-01-01" gml:id="JFvenbfe" axisLabels="longitude latitude time" dimension="3" srsDimension="3">
                        <limits>
                           <gml:GridEnvelope>
                              <gml:low>0 0 0</gml:low>
                              <gml:high>0 0 0</gml:high>
                           </gml:GridEnvelope>
                        </limits>
                        <axisLabels>time latitude longitude</axisLabels>
                        <coordTransformTable>
                           <GridCoordinatesTable>
                              <gridOrdinate>
                                 <GridOrdinateDescription>
                                    <coordAxisLabel>time</coordAxisLabel>
                                    <coordAxisValues>
                                       <SpatialOrTemporalPositionList gml:id="EJTVLwXs">
                                          <timePositionList frame="ndg:standard">1915-01-16T00:00:00.0 1915-02-16T00:00:00.0 1915-03-16T00:00:00.0 1915-04-16T00:00:00.0 1915-05-16T00:00:00.0 1915-06-16T00:00:00.0 1915-07-16T00:00:00.0 1915-08-16T00:00:00.0 1915-09-16T00:00:00.0 1915-10-16T00:00:00.0 1915-11-16T00:00:00.0 1915-12-16T00:00:00.0 1945-01-16T00:00:00.0 1945-02-16T00:00:00.0 1945-03-16T00:00:00.0 1945-04-16T00:00:00.0 1945-05-16T00:00:00.0 1945-06-16T00:00:00.0 1945-07-16T00:00:00.0 1945-08-16T00:00:00.0 1945-09-16T00:00:00.0 1945-10-16T00:00:00.0 1945-11-16T00:00:00.0 1945-12-16T00:00:00.0 1975-01-16T00:00:00.0 1975-02-16T00:00:00.0 1975-03-16T00:00:00.0 1975-04-16T00:00:00.0 1975-05-16T00:00:00.0 1975-06-16T00:00:00.0 1975-07-16T00:00:00.0 1975-08-16T00:00:00.0 1975-09-16T00:00:00.0 1975-10-16T00:00:00.0 1975-11-16T00:00:00.0 1975-12-16T00:00:00.0</timePositionList>
                                       </SpatialOrTemporalPositionList>
                                    </coordAxisValues>
                                    <gridAxesSpanned>time</gridAxesSpanned>
                                    <sequenceRule axisOrder="+1">Linear</sequenceRule>
                                 </GridOrdinateDescription>
                              </gridOrdinate>
                              <gridOrdinate>
                                 <GridOrdinateDescription>
                                    <coordAxisLabel>latitude</coordAxisLabel>
                                    <coordAxisValues xlink:href="#NDtlukL9" xlink:show="embed" xlink:arcrole="coordinateList" xlink:role="http://ndg.nerc.ac.uk/fileFormat/csmlStorageDescriptor">
                                       <SpatialOrTemporalPositionList gml:id="RhnBXCyO">
                                          <coordinateList></coordinateList>
                                       </SpatialOrTemporalPositionList>
                                    </coordAxisValues>
                                    <gridAxesSpanned>latitude</gridAxesSpanned>
                                    <sequenceRule axisOrder="+1">Linear</sequenceRule>
                                 </GridOrdinateDescription>
                              </gridOrdinate>
                              <gridOrdinate>
                                 <GridOrdinateDescription>
                                    <coordAxisLabel>longitude</coordAxisLabel>
                                    <coordAxisValues xlink:href="#TOzDL5K9" xlink:show="embed" xlink:arcrole="coordinateList" xlink:role="http://ndg.nerc.ac.uk/fileFormat/csmlStorageDescriptor">
                                       <SpatialOrTemporalPositionList gml:id="U3E6KN6C">
                                          <coordinateList></coordinateList>
                                       </SpatialOrTemporalPositionList>
                                    </coordAxisValues>
                                    <gridAxesSpanned>longitude</gridAxesSpanned>
                                    <sequenceRule axisOrder="+1">Linear</sequenceRule>
                                 </GridOrdinateDescription>
                              </gridOrdinate>
                           </GridCoordinatesTable>
                        </coordTransformTable>
                     </GridSeriesDomain>
                  </gridSeriesDomain>
                  <gml:rangeSet>
                     <gml:ValueArray gml:id="M555bOiT">
                        <gml:valueComponent xlink:href="#R5WH93W9" xlink:show="embed" xlink:arcrole="QuantityList" xlink:role="http://ndg.nerc.ac.uk/fileFormat/csmlStorageDescriptor">
                           <gml:QuantityList uom="Pa"></gml:QuantityList>
                        </gml:valueComponent>
                     </gml:ValueArray>
                  </gml:rangeSet>
               </GridSeriesCoverage>
            </value>
            <parameter xlink:href="http://cfconventions.org/standard_names/air_pressure_at_sea_level"></parameter>
         </GridSeriesFeature>
      </featureMember>
      <featureMember>
         <GridSeriesFeature gml:id="surface_downwelling_shortwave_flux_in_air">
            <gml:description>missing description</gml:description>
            <gml:name>surface_downwelling_shortwave_flux_in_air</gml:name>
            <gml:boundedBy>
               <gml:EnvelopeWithTimePeriod srsName="WGS84">
                  <gml:lowerCorner>0.0 -90.0</gml:lowerCorner>
                  <gml:upperCorner>360.0 90.0</gml:upperCorner>
                  <gml:beginPosition>1915-01-16T00:00:00.0</gml:beginPosition>
                  <gml:endPosition>1975-12-16T00:00:00.0</gml:endPosition>
               </gml:EnvelopeWithTimePeriod>
            </gml:boundedBy>
            <value>
               <GridSeriesCoverage gml:id="Xc2gA06d">
                  <gridSeriesDomain>
                     <GridSeriesDomain srsName="ndg:crs:lonlatt" uomLabels="degree_east degree_north days_since_1901-01-01" gml:id="Lt4z5HGx" axisLabels="longitude latitude time" dimension="3" srsDimension="3">
                        <limits>
                           <gml:GridEnvelope>
                              <gml:low>0 0 0</gml:low>
                              <gml:high>0 0 0</gml:high>
                           </gml:GridEnvelope>
                        </limits>
                        <axisLabels>time latitude longitude</axisLabels>
                        <coordTransformTable>
                           <GridCoordinatesTable>
                              <gridOrdinate>
                                 <GridOrdinateDescription>
                                    <coordAxisLabel>time</coordAxisLabel>
                                    <coordAxisValues>
                                       <SpatialOrTemporalPositionList gml:id="IIT78Gna">
                                          <timePositionList frame="ndg:standard">1915-01-16T00:00:00.0 1915-02-16T00:00:00.0 1915-03-16T00:00:00.0 1915-04-16T00:00:00.0 1915-05-16T00:00:00.0 1915-06-16T00:00:00.0 1915-07-16T00:00:00.0 1915-08-16T00:00:00.0 1915-09-16T00:00:00.0 1915-10-16T00:00:00.0 1915-11-16T00:00:00.0 1915-12-16T00:00:00.0 1945-01-16T00:00:00.0 1945-02-16T00:00:00.0 1945-03-16T00:00:00.0 1945-04-16T00:00:00.0 1945-05-16T00:00:00.0 1945-06-16T00:00:00.0 1945-07-16T00:00:00.0 1945-08-16T00:00:00.0 1945-09-16T00:00:00.0 1945-10-16T00:00:00.0 1945-11-16T00:00:00.0 1945-12-16T00:00:00.0 1975-01-16T00:00:00.0 1975-02-16T00:00:00.0 1975-03-16T00:00:00.0 1975-04-16T00:00:00.0 1975-05-16T00:00:00.0 1975-06-16T00:00:00.0 1975-07-16T00:00:00.0 1975-08-16T00:00:00.0 1975-09-16T00:00:00.0 1975-10-16T00:00:00.0 1975-11-16T00:00:00.0 1975-12-16T00:00:00.0</timePositionList>
                                       </SpatialOrTemporalPositionList>
                                    </coordAxisValues>
                                    <gridAxesSpanned>time</gridAxesSpanned>
                                    <sequenceRule axisOrder="+1">Linear</sequenceRule>
                                 </GridOrdinateDescription>
                              </gridOrdinate>
                              <gridOrdinate>
                                 <GridOrdinateDescription>
                                    <coordAxisLabel>latitude</coordAxisLabel>
                                    <coordAxisValues xlink:href="#CjAygRv5" xlink:show="embed" xlink:arcrole="coordinateList" xlink:role="http://ndg.nerc.ac.uk/fileFormat/csmlStorageDescriptor">
                                       <SpatialOrTemporalPositionList gml:id="Icuc0KbM">
                                          <coordinateList></coordinateList>
                                       </SpatialOrTemporalPositionList>
                                    </coordAxisValues>
                                    <gridAxesSpanned>latitude</gridAxesSpanned>
                                    <sequenceRule axisOrder="+1">Linear</sequenceRule>
                                 </GridOrdinateDescription>
                              </gridOrdinate>
                              <gridOrdinate>
                                 <GridOrdinateDescription>
                                    <coordAxisLabel>longitude</coordAxisLabel>
                                    <coordAxisValues xlink:href="#ITS5S1lq" xlink:show="embed" xlink:arcrole="coordinateList" xlink:role="http://ndg.nerc.ac.uk/fileFormat/csmlStorageDescriptor">
                                       <SpatialOrTemporalPositionList gml:id="OwDG95jj">
                                          <coordinateList></coordinateList>
                                       </SpatialOrTemporalPositionList>
                                    </coordAxisValues>
                                    <gridAxesSpanned>longitude</gridAxesSpanned>
                                    <sequenceRule axisOrder="+1">Linear</sequenceRule>
                                 </GridOrdinateDescription>
                              </gridOrdinate>
                           </GridCoordinatesTable>
                        </coordTransformTable>
                     </GridSeriesDomain>
                  </gridSeriesDomain>
                  <gml:rangeSet>
                     <gml:ValueArray gml:id="BTA6xXQG">
                        <gml:valueComponent xlink:href="#HV3Gvegr" xlink:show="embed" xlink:arcrole="QuantityList" xlink:role="http://ndg.nerc.ac.uk/fileFormat/csmlStorageDescriptor">
                           <gml:QuantityList uom="W.m-2"></gml:QuantityList>
                        </gml:valueComponent>
                     </gml:ValueArray>
                  </gml:rangeSet>
               </GridSeriesCoverage>
            </value>
            <parameter xlink:href="http://cfconventions.org/standard_names/surface_downwelling_shortwave_flux_in_air"></parameter>
         </GridSeriesFeature>
      </featureMember>
      <featureMember>
         <GridSeriesFeature gml:id="air_temperature">
            <gml:description>missing description</gml:description>
            <gml:name>air_temperature</gml:name>
            <gml:boundedBy>
               <gml:EnvelopeWithTimePeriod srsName="WGS84">
                  <gml:lowerCorner>0.0 -90.0</gml:lowerCorner>
                  <gml:upperCorner>360.0 90.0</gml:upperCorner>
                  <gml:beginPosition>1915-01-16T00:00:00.0</gml:beginPosition>
                  <gml:endPosition>1975-12-16T00:00:00.0</gml:endPosition>
               </gml:EnvelopeWithTimePeriod>
            </gml:boundedBy>
            <value>
               <GridSeriesCoverage gml:id="DJPQ4Uw8">
                  <gridSeriesDomain>
                     <GridSeriesDomain srsName="ndg:crs:lonlatt" uomLabels="degree_east degree_north days_since_1901-01-01" gml:id="KZL5nbqY" axisLabels="longitude latitude time" dimension="3" srsDimension="3">
                        <limits>
                           <gml:GridEnvelope>
                              <gml:low>0 0 0</gml:low>
                              <gml:high>0 0 0</gml:high>
                           </gml:GridEnvelope>
                        </limits>
                        <axisLabels>time latitude longitude</axisLabels>
                        <coordTransformTable>
                           <GridCoordinatesTable>
                              <gridOrdinate>
                                 <GridOrdinateDescription>
                                    <coordAxisLabel>time</coordAxisLabel>
                                    <coordAxisValues>
                                       <SpatialOrTemporalPositionList gml:id="EhT4Q6ao">
                                          <timePositionList frame="ndg:standard">1915-01-16T00:00:00.0 1915-02-16T00:00:00.0 1915-03-16T00:00:00.0 1915-04-16T00:00:00.0 1915-05-16T00:00:00.0 1915-06-16T00:00:00.0 1915-07-16T00:00:00.0 1915-08-16T00:00:00.0 1915-09-16T00:00:00.0 1915-10-16T00:00:00.0 1915-11-16T00:00:00.0 1915-12-16T00:00:00.0 1945-01-16T00:00:00.0 1945-02-16T00:00:00.0 1945-03-16T00:00:00.0 1945-04-16T00:00:00.0 1945-05-16T00:00:00.0 1945-06-16T00:00:00.0 1945-07-16T00:00:00.0 1945-08-16T00:00:00.0 1945-09-16T00:00:00.0 1945-10-16T00:00:00.0 1945-11-16T00:00:00.0 1945-12-16T00:00:00.0 1975-01-16T00:00:00.0 1975-02-16T00:00:00.0 1975-03-16T00:00:00.0 1975-04-16T00:00:00.0 1975-05-16T00:00:00.0 1975-06-16T00:00:00.0 1975-07-16T00:00:00.0 1975-08-16T00:00:00.0 1975-09-16T00:00:00.0 1975-10-16T00:00:00.0 1975-11-16T00:00:00.0 1975-12-16T00:00:00.0</timePositionList>
                                       </SpatialOrTemporalPositionList>
                                    </coordAxisValues>
                                    <gridAxesSpanned>time</gridAxesSpanned>
                                    <sequenceRule axisOrder="+1">Linear</sequenceRule>
                                 </GridOrdinateDescription>
                              </gridOrdinate>
                              <gridOrdinate>
                                 <GridOrdinateDescription>
                                    <coordAxisLabel>latitude</coordAxisLabel>
                                    <coordAxisValues xlink:href="#XGJoTPAS" xlink:show="embed" xlink:arcrole="coordinateList" xlink:role="http://ndg.nerc.ac.uk/fileFormat/csmlStorageDescriptor">
                                       <SpatialOrTemporalPositionList gml:id="DYrhCeOh">
                                          <coordinateList></coordinateList>
                                       </SpatialOrTemporalPositionList>
                                    </coordAxisValues>
                                    <gridAxesSpanned>latitude</gridAxesSpanned>
                                    <sequenceRule axisOrder="+1">Linear</sequenceRule>
                                 </GridOrdinateDescription>
                              </gridOrdinate>
                              <gridOrdinate>
                                 <GridOrdinateDescription>
                                    <coordAxisLabel>longitude</coordAxisLabel>
                                    <coordAxisValues xlink:href="#BBDdnf0d" xlink:show="embed" xlink:arcrole="coordinateList" xlink:role="http://ndg.nerc.ac.uk/fileFormat/csmlStorageDescriptor">
                                       <SpatialOrTemporalPositionList gml:id="Qzl0Lgya">
                                          <coordinateList></coordinateList>
                                       </SpatialOrTemporalPositionList>
                                    </coordAxisValues>
                                    <gridAxesSpanned>longitude</gridAxesSpanned>
                                    <sequenceRule axisOrder="+1">Linear</sequenceRule>
                                 </GridOrdinateDescription>
                              </gridOrdinate>
                           </GridCoordinatesTable>
                        </coordTransformTable>
                     </GridSeriesDomain>
                  </gridSeriesDomain>
                  <gml:rangeSet>
                     <gml:ValueArray gml:id="Q3cY9nz9">
                        <gml:valueComponent xlink:href="#IG3UBDpM" xlink:show="embed" xlink:arcrole="QuantityList" xlink:role="http://ndg.nerc.ac.uk/fileFormat/csmlStorageDescriptor">
                           <gml:QuantityList uom="K"></gml:QuantityList>
                        </gml:valueComponent>
                     </gml:ValueArray>
                  </gml:rangeSet>
               </GridSeriesCoverage>
            </value>
            <parameter xlink:href="http://cfconventions.org/standard_names/air_temperature"></parameter>
         </GridSeriesFeature>
      </featureMember>
      <featureMember>
         <GridSeriesFeature gml:id="air_temperature_daily_max">
            <gml:description>missing description</gml:description>
            <gml:name>air_temperature_daily_max</gml:name>
            <gml:boundedBy>
               <gml:EnvelopeWithTimePeriod srsName="WGS84">
                  <gml:lowerCorner>0.0 -90.0</gml:lowerCorner>
                  <gml:upperCorner>360.0 90.0</gml:upperCorner>
                  <gml:beginPosition>1915-01-16T00:00:00.0</gml:beginPosition>
                  <gml:endPosition>1975-12-16T00:00:00.0</gml:endPosition>
               </gml:EnvelopeWithTimePeriod>
            </gml:boundedBy>
            <value>
               <GridSeriesCoverage gml:id="HXVfZJvj">
                  <gridSeriesDomain>
                     <GridSeriesDomain srsName="ndg:crs:lonlatt" uomLabels="degree_east degree_north days_since_1901-01-01" gml:id="Pd7JEIL4" axisLabels="longitude latitude time" dimension="3" srsDimension="3">
                        <limits>
                           <gml:GridEnvelope>
                              <gml:low>0 0 0</gml:low>
                              <gml:high>0 0 0</gml:high>
                           </gml:GridEnvelope>
                        </limits>
                        <axisLabels>time latitude longitude</axisLabels>
                        <coordTransformTable>
                           <GridCoordinatesTable>
                              <gridOrdinate>
                                 <GridOrdinateDescription>
                                    <coordAxisLabel>time</coordAxisLabel>
                                    <coordAxisValues>
                                       <SpatialOrTemporalPositionList gml:id="IYcCPXrY">
                                          <timePositionList frame="ndg:standard">1915-01-16T00:00:00.0 1915-02-16T00:00:00.0 1915-03-16T00:00:00.0 1915-04-16T00:00:00.0 1915-05-16T00:00:00.0 1915-06-16T00:00:00.0 1915-07-16T00:00:00.0 1915-08-16T00:00:00.0 1915-09-16T00:00:00.0 1915-10-16T00:00:00.0 1915-11-16T00:00:00.0 1915-12-16T00:00:00.0 1945-01-16T00:00:00.0 1945-02-16T00:00:00.0 1945-03-16T00:00:00.0 1945-04-16T00:00:00.0 1945-05-16T00:00:00.0 1945-06-16T00:00:00.0 1945-07-16T00:00:00.0 1945-08-16T00:00:00.0 1945-09-16T00:00:00.0 1945-10-16T00:00:00.0 1945-11-16T00:00:00.0 1945-12-16T00:00:00.0 1975-01-16T00:00:00.0 1975-02-16T00:00:00.0 1975-03-16T00:00:00.0 1975-04-16T00:00:00.0 1975-05-16T00:00:00.0 1975-06-16T00:00:00.0 1975-07-16T00:00:00.0 1975-08-16T00:00:00.0 1975-09-16T00:00:00.0 1975-10-16T00:00:00.0 1975-11-16T00:00:00.0 1975-12-16T00:00:00.0</timePositionList>
                                       </SpatialOrTemporalPositionList>
                                    </coordAxisValues>
                                    <gridAxesSpanned>time</gridAxesSpanned>
                                    <sequenceRule axisOrder="+1">Linear</sequenceRule>
                                 </GridOrdinateDescription>
                              </gridOrdinate>
                              <gridOrdinate>
                                 <GridOrdinateDescription>
                                    <coordAxisLabel>latitude</coordAxisLabel>
                                    <coordAxisValues xlink:href="#LyNA5NTV" xlink:show="embed" xlink:arcrole="coordinateList" xlink:role="http://ndg.nerc.ac.uk/fileFormat/csmlStorageDescriptor">
                                       <SpatialOrTemporalPositionList gml:id="Eh2OzGWa">
                                          <coordinateList></coordinateList>
                                       </SpatialOrTemporalPositionList>
                                    </coordAxisValues>
                                    <gridAxesSpanned>latitude</gridAxesSpanned>
                                    <sequenceRule axisOrder="+1">Linear</sequenceRule>
                                 </GridOrdinateDescription>
                              </gridOrdinate>
                              <gridOrdinate>
                                 <GridOrdinateDescription>
                                    <coordAxisLabel>longitude</coordAxisLabel>
                                    <coordAxisValues xlink:href="#CI8CLl0v" xlink:show="embed" xlink:arcrole="coordinateList" xlink:role="http://ndg.nerc.ac.uk/fileFormat/csmlStorageDescriptor">
                                       <SpatialOrTemporalPositionList gml:id="PYglI6Ei">
                                          <coordinateList></coordinateList>
                                       </SpatialOrTemporalPositionList>
                                    </coordAxisValues>
                                    <gridAxesSpanned>longitude</gridAxesSpanned>
                                    <sequenceRule axisOrder="+1">Linear</sequenceRule>
                                 </GridOrdinateDescription>
                              </gridOrdinate>
                           </GridCoordinatesTable>
                        </coordTransformTable>
                     </GridSeriesDomain>
                  </gridSeriesDomain>
                  <gml:rangeSet>
                     <gml:ValueArray gml:id="USVPkbzz">
                        <gml:valueComponent xlink:href="#NSvI0Prj" xlink:show="embed" xlink:arcrole="QuantityList" xlink:role="http://ndg.nerc.ac.uk/fileFormat/csmlStorageDescriptor">
                           <gml:QuantityList uom="K"></gml:QuantityList>
                        </gml:valueComponent>
                     </gml:ValueArray>
                  </gml:rangeSet>
               </GridSeriesCoverage>
            </value>
            <parameter xlink:href="http://cfconventions.org/standard_names/air_temperature"></parameter>
         </GridSeriesFeature>
      </featureMember>
      <featureMember>
         <GridSeriesFeature gml:id="air_temperature_daily_min">
            <gml:description>missing description</gml:description>
            <gml:name>air_temperature_daily_min</gml:name>
            <gml:boundedBy>
               <gml:EnvelopeWithTimePeriod srsName="WGS84">
                  <gml:lowerCorner>0.0 -90.0</gml:lowerCorner>
                  <gml:upperCorner>360.0 90.0</gml:upperCorner>
                  <gml:beginPosition>1915-01-16T00:00:00.0</gml:beginPosition>
                  <gml:endPosition>1975-12-16T00:00:00.0</gml:endPosition>
               </gml:EnvelopeWithTimePeriod>
            </gml:boundedBy>
            <value>
               <GridSeriesCoverage gml:id="KSFtdkkf">
                  <gridSeriesDomain>
                     <GridSeriesDomain srsName="ndg:crs:lonlatt" uomLabels="degree_east degree_north days_since_1901-01-01" gml:id="BuyyZQlt" axisLabels="longitude latitude time" dimension="3" srsDimension="3">
                        <limits>
                           <gml:GridEnvelope>
                              <gml:low>0 0 0</gml:low>
                              <gml:high>0 0 0</gml:high>
                           </gml:GridEnvelope>
                        </limits>
                        <axisLabels>time latitude longitude</axisLabels>
                        <coordTransformTable>
                           <GridCoordinatesTable>
                              <gridOrdinate>
                                 <GridOrdinateDescription>
                                    <coordAxisLabel>time</coordAxisLabel>
                                    <coordAxisValues>
                                       <SpatialOrTemporalPositionList gml:id="AIWIf4NI">
                                          <timePositionList frame="ndg:standard">1915-01-16T00:00:00.0 1915-02-16T00:00:00.0 1915-03-16T00:00:00.0 1915-04-16T00:00:00.0 1915-05-16T00:00:00.0 1915-06-16T00:00:00.0 1915-07-16T00:00:00.0 1915-08-16T00:00:00.0 1915-09-16T00:00:00.0 1915-10-16T00:00:00.0 1915-11-16T00:00:00.0 1915-12-16T00:00:00.0 1945-01-16T00:00:00.0 1945-02-16T00:00:00.0 1945-03-16T00:00:00.0 1945-04-16T00:00:00.0 1945-05-16T00:00:00.0 1945-06-16T00:00:00.0 1945-07-16T00:00:00.0 1945-08-16T00:00:00.0 1945-09-16T00:00:00.0 1945-10-16T00:00:00.0 1945-11-16T00:00:00.0 1945-12-16T00:00:00.0 1975-01-16T00:00:00.0 1975-02-16T00:00:00.0 1975-03-16T00:00:00.0 1975-04-16T00:00:00.0 1975-05-16T00:00:00.0 1975-06-16T00:00:00.0 1975-07-16T00:00:00.0 1975-08-16T00:00:00.0 1975-09-16T00:00:00.0 1975-10-16T00:00:00.0 1975-11-16T00:00:00.0 1975-12-16T00:00:00.0</timePositionList>
                                       </SpatialOrTemporalPositionList>
                                    </coordAxisValues>
                                    <gridAxesSpanned>time</gridAxesSpanned>
                                    <sequenceRule axisOrder="+1">Linear</sequenceRule>
                                 </GridOrdinateDescription>
                              </gridOrdinate>
                              <gridOrdinate>
                                 <GridOrdinateDescription>
                                    <coordAxisLabel>latitude</coordAxisLabel>
                                    <coordAxisValues xlink:href="#PkSoFFkP" xlink:show="embed" xlink:arcrole="coordinateList" xlink:role="http://ndg.nerc.ac.uk/fileFormat/csmlStorageDescriptor">
                                       <SpatialOrTemporalPositionList gml:id="ZRBCpnNy">
                                          <coordinateList></coordinateList>
                                       </SpatialOrTemporalPositionList>
                                    </coordAxisValues>
                                    <gridAxesSpanned>latitude</gridAxesSpanned>
                                    <sequenceRule axisOrder="+1">Linear</sequenceRule>
                                 </GridOrdinateDescription>
                              </gridOrdinate>
                              <gridOrdinate>
                                 <GridOrdinateDescription>
                                    <coordAxisLabel>longitude</coordAxisLabel>
                                    <coordAxisValues xlink:href="#VFkajKfT" xlink:show="embed" xlink:arcrole="coordinateList" xlink:role="http://ndg.nerc.ac.uk/fileFormat/csmlStorageDescriptor">
                                       <SpatialOrTemporalPositionList gml:id="GDwTbsjj">
                                          <coordinateList></coordinateList>
                                       </SpatialOrTemporalPositionList>
                                    </coordAxisValues>
                                    <gridAxesSpanned>longitude</gridAxesSpanned>
                                    <sequenceRule axisOrder="+1">Linear</sequenceRule>
                                 </GridOrdinateDescription>
                              </gridOrdinate>
                           </GridCoordinatesTable>
                        </coordTransformTable>
                     </GridSeriesDomain>
                  </gridSeriesDomain>
                  <gml:rangeSet>
                     <gml:ValueArray gml:id="XH9iEXe5">
                        <gml:valueComponent xlink:href="#QnKeiTo4" xlink:show="embed" xlink:arcrole="QuantityList" xlink:role="http://ndg.nerc.ac.uk/fileFormat/csmlStorageDescriptor">
                           <gml:QuantityList uom="K"></gml:QuantityList>
                        </gml:valueComponent>
                     </gml:ValueArray>
                  </gml:rangeSet>
               </GridSeriesCoverage>
            </value>
            <parameter xlink:href="http://cfconventions.org/standard_names/air_temperature"></parameter>
         </GridSeriesFeature>
      </featureMember>
      <featureMember>
         <GridSeriesFeature gml:id="eastward_wind">
            <gml:description>missing description</gml:description>
            <gml:name>eastward_wind</gml:name>
            <gml:boundedBy>
               <gml:EnvelopeWithTimePeriod srsName="WGS84">
                  <gml:lowerCorner>0.0 -90.0</gml:lowerCorner>
                  <gml:upperCorner>360.0 90.0</gml:upperCorner>
                  <gml:beginPosition>1915-01-16T00:00:00.0</gml:beginPosition>
                  <gml:endPosition>1975-12-16T00:00:00.0</gml:endPosition>
               </gml:EnvelopeWithTimePeriod>
            </gml:boundedBy>
            <value>
               <GridSeriesCoverage gml:id="SdxBYC7Q">
                  <gridSeriesDomain>
                     <GridSeriesDomain srsName="ndg:crs:lonlatt" uomLabels="degree_east degree_north days_since_1901-01-01" gml:id="P88jHi5a" axisLabels="longitude latitude time" dimension="3" srsDimension="3">
                        <limits>
                           <gml:GridEnvelope>
                              <gml:low>0 0 0</gml:low>
                              <gml:high>0 0 0</gml:high>
                           </gml:GridEnvelope>
                        </limits>
                        <axisLabels>time latitude longitude</axisLabels>
                        <coordTransformTable>
                           <GridCoordinatesTable>
                              <gridOrdinate>
                                 <GridOrdinateDescription>
                                    <coordAxisLabel>time</coordAxisLabel>
                                    <coordAxisValues>
                                       <SpatialOrTemporalPositionList gml:id="Zcnp5oyh">
                                          <timePositionList frame="ndg:standard">1915-01-16T00:00:00.0 1915-02-16T00:00:00.0 1915-03-16T00:00:00.0 1915-04-16T00:00:00.0 1915-05-16T00:00:00.0 1915-06-16T00:00:00.0 1915-07-16T00:00:00.0 1915-08-16T00:00:00.0 1915-09-16T00:00:00.0 1915-10-16T00:00:00.0 1915-11-16T00:00:00.0 1915-12-16T00:00:00.0 1945-01-16T00:00:00.0 1945-02-16T00:00:00.0 1945-03-16T00:00:00.0 1945-04-16T00:00:00.0 1945-05-16T00:00:00.0 1945-06-16T00:00:00.0 1945-07-16T00:00:00.0 1945-08-16T00:00:00.0 1945-09-16T00:00:00.0 1945-10-16T00:00:00.0 1945-11-16T00:00:00.0 1945-12-16T00:00:00.0 1975-01-16T00:00:00.0 1975-02-16T00:00:00.0 1975-03-16T00:00:00.0 1975-04-16T00:00:00.0 1975-05-16T00:00:00.0 1975-06-16T00:00:00.0 1975-07-16T00:00:00.0 1975-08-16T00:00:00.0 1975-09-16T00:00:00.0 1975-10-16T00:00:00.0 1975-11-16T00:00:00.0 1975-12-16T00:00:00.0</timePositionList>
                                       </SpatialOrTemporalPositionList>
                                    </coordAxisValues>
                                    <gridAxesSpanned>time</gridAxesSpanned>
                                    <sequenceRule axisOrder="+1">Linear</sequenceRule>
                                 </GridOrdinateDescription>
                              </gridOrdinate>
                              <gridOrdinate>
                                 <GridOrdinateDescription>
                                    <coordAxisLabel>latitude</coordAxisLabel>
                                    <coordAxisValues xlink:href="#CV39T7Oc" xlink:show="embed" xlink:arcrole="coordinateList" xlink:role="http://ndg.nerc.ac.uk/fileFormat/csmlStorageDescriptor">
                                       <SpatialOrTemporalPositionList gml:id="CBO1ub5Q">
                                          <coordinateList></coordinateList>
                                       </SpatialOrTemporalPositionList>
                                    </coordAxisValues>
                                    <gridAxesSpanned>latitude</gridAxesSpanned>
                                    <sequenceRule axisOrder="+1">Linear</sequenceRule>
                                 </GridOrdinateDescription>
                              </gridOrdinate>
                              <gridOrdinate>
                                 <GridOrdinateDescription>
                                    <coordAxisLabel>longitude</coordAxisLabel>
                                    <coordAxisValues xlink:href="#YP0llxvA" xlink:show="embed" xlink:arcrole="coordinateList" xlink:role="http://ndg.nerc.ac.uk/fileFormat/csmlStorageDescriptor">
                                       <SpatialOrTemporalPositionList gml:id="NXw8yloJ">
                                          <coordinateList></coordinateList>
                                       </SpatialOrTemporalPositionList>
                                    </coordAxisValues>
                                    <gridAxesSpanned>longitude</gridAxesSpanned>
                                    <sequenceRule axisOrder="+1">Linear</sequenceRule>
                                 </GridOrdinateDescription>
                              </gridOrdinate>
                           </GridCoordinatesTable>
                        </coordTransformTable>
                     </GridSeriesDomain>
                  </gridSeriesDomain>
                  <gml:rangeSet>
                     <gml:ValueArray gml:id="UfVhwCT9">
                        <gml:valueComponent xlink:href="#D2apvfxJ" xlink:show="embed" xlink:arcrole="QuantityList" xlink:role="http://ndg.nerc.ac.uk/fileFormat/csmlStorageDescriptor">
                           <gml:QuantityList uom="m.s-1"></gml:QuantityList>
                        </gml:valueComponent>
                     </gml:ValueArray>
                  </gml:rangeSet>
               </GridSeriesCoverage>
            </value>
            <parameter xlink:href="http://cfconventions.org/standard_names/eastward_wind"></parameter>
         </GridSeriesFeature>
      </featureMember>
      <featureMember>
         <GridSeriesFeature gml:id="northward_wind">
            <gml:description>missing description</gml:description>
            <gml:name>northward_wind</gml:name>
            <gml:boundedBy>
               <gml:EnvelopeWithTimePeriod srsName="WGS84">
                  <gml:lowerCorner>0.0 -90.0</gml:lowerCorner>
                  <gml:upperCorner>360.0 90.0</gml:upperCorner>
                  <gml:beginPosition>1915-01-16T00:00:00.0</gml:beginPosition>
                  <gml:endPosition>1975-12-16T00:00:00.0</gml:endPosition>
               </gml:EnvelopeWithTimePeriod>
            </gml:boundedBy>
            <value>
               <GridSeriesCoverage gml:id="CW04tzDo">
                  <gridSeriesDomain>
                     <GridSeriesDomain srsName="ndg:crs:lonlatt" uomLabels="degree_east degree_north days_since_1901-01-01" gml:id="JRsuYWls" axisLabels="longitude latitude time" dimension="3" srsDimension="3">
                        <limits>
                           <gml:GridEnvelope>
                              <gml:low>0 0 0</gml:low>
                              <gml:high>0 0 0</gml:high>
                           </gml:GridEnvelope>
                        </limits>
                        <axisLabels>time latitude longitude</axisLabels>
                        <coordTransformTable>
                           <GridCoordinatesTable>
                              <gridOrdinate>
                                 <GridOrdinateDescription>
                                    <coordAxisLabel>time</coordAxisLabel>
                                    <coordAxisValues>
                                       <SpatialOrTemporalPositionList gml:id="DiPIMl3G">
                                          <timePositionList frame="ndg:standard">1915-01-16T00:00:00.0 1915-02-16T00:00:00.0 1915-03-16T00:00:00.0 1915-04-16T00:00:00.0 1915-05-16T00:00:00.0 1915-06-16T00:00:00.0 1915-07-16T00:00:00.0 1915-08-16T00:00:00.0 1915-09-16T00:00:00.0 1915-10-16T00:00:00.0 1915-11-16T00:00:00.0 1915-12-16T00:00:00.0 1945-01-16T00:00:00.0 1945-02-16T00:00:00.0 1945-03-16T00:00:00.0 1945-04-16T00:00:00.0 1945-05-16T00:00:00.0 1945-06-16T00:00:00.0 1945-07-16T00:00:00.0 1945-08-16T00:00:00.0 1945-09-16T00:00:00.0 1945-10-16T00:00:00.0 1945-11-16T00:00:00.0 1945-12-16T00:00:00.0 1975-01-16T00:00:00.0 1975-02-16T00:00:00.0 1975-03-16T00:00:00.0 1975-04-16T00:00:00.0 1975-05-16T00:00:00.0 1975-06-16T00:00:00.0 1975-07-16T00:00:00.0 1975-08-16T00:00:00.0 1975-09-16T00:00:00.0 1975-10-16T00:00:00.0 1975-11-16T00:00:00.0 1975-12-16T00:00:00.0</timePositionList>
                                       </SpatialOrTemporalPositionList>
                                    </coordAxisValues>
                                    <gridAxesSpanned>time</gridAxesSpanned>
                                    <sequenceRule axisOrder="+1">Linear</sequenceRule>
                                 </GridOrdinateDescription>
                              </gridOrdinate>
                              <gridOrdinate>
                                 <GridOrdinateDescription>
                                    <coordAxisLabel>latitude</coordAxisLabel>
                                    <coordAxisValues xlink:href="#VYZ7CfbN" xlink:show="embed" xlink:arcrole="coordinateList" xlink:role="http://ndg.nerc.ac.uk/fileFormat/csmlStorageDescriptor">
                                       <SpatialOrTemporalPositionList gml:id="IrZwnJEE">
                                          <coordinateList></coordinateList>
                                       </SpatialOrTemporalPositionList>
                                    </coordAxisValues>
                                    <gridAxesSpanned>latitude</gridAxesSpanned>
                                    <sequenceRule axisOrder="+1">Linear</sequenceRule>
                                 </GridOrdinateDescription>
                              </gridOrdinate>
                              <gridOrdinate>
                                 <GridOrdinateDescription>
                                    <coordAxisLabel>longitude</coordAxisLabel>
                                    <coordAxisValues xlink:href="#OFBVacjN" xlink:show="embed" xlink:arcrole="coordinateList" xlink:role="http://ndg.nerc.ac.uk/fileFormat/csmlStorageDescriptor">
                                       <SpatialOrTemporalPositionList gml:id="OKt0J5Bh">
                                          <coordinateList></coordinateList>
                                       </SpatialOrTemporalPositionList>
                                    </coordAxisValues>
                                    <gridAxesSpanned>longitude</gridAxesSpanned>
                                    <sequenceRule axisOrder="+1">Linear</sequenceRule>
                                 </GridOrdinateDescription>
                              </gridOrdinate>
                           </GridCoordinatesTable>
                        </coordTransformTable>
                     </GridSeriesDomain>
                  </gridSeriesDomain>
                  <gml:rangeSet>
                     <gml:ValueArray gml:id="XPlJAc1V">
                        <gml:valueComponent xlink:href="#UjcCgfZm" xlink:show="embed" xlink:arcrole="QuantityList" xlink:role="http://ndg.nerc.ac.uk/fileFormat/csmlStorageDescriptor">
                           <gml:QuantityList uom="m.s-1"></gml:QuantityList>
                        </gml:valueComponent>
                     </gml:ValueArray>
                  </gml:rangeSet>
               </GridSeriesCoverage>
            </value>
            <parameter xlink:href="http://cfconventions.org/standard_names/northward_wind"></parameter>
         </GridSeriesFeature>
      </featureMember>
   </CSMLFeatureCollection>
   <CSMLStorageDescriptor>
      <descriptor>
         <NetCDFExtract id="A28bG8fQ">
            <arraySize>60</arraySize>
            <fileName>/badc/ipcc-ddc/data/netcdf/ar4_v2/huss/GIAOM_20C3M_1_huss_1901-1930.nc</fileName>
            <variableName>latitude</variableName>
         </NetCDFExtract>
      </descriptor>
      <descriptor>
         <NetCDFExtract id="ZVTUqfmp">
            <arraySize>2</arraySize>
            <fileName>/badc/ipcc-ddc/data/netcdf/ar4_v2/huss/GIAOM_20C3M_1_huss_1901-1930.nc</fileName>
            <variableName>bounds</variableName>
         </NetCDFExtract>
      </descriptor>
      <descriptor>
         <NetCDFExtract id="RltODuhI">
            <arraySize>90</arraySize>
            <fileName>/badc/ipcc-ddc/data/netcdf/ar4_v2/huss/GIAOM_20C3M_1_huss_1901-1930.nc</fileName>
            <variableName>longitude</variableName>
         </NetCDFExtract>
      </descriptor>
      <descriptor>
         <NetCDFExtract id="E9VsoTvl">
            <arraySize>12</arraySize>
            <fileName>/badc/ipcc-ddc/data/netcdf/ar4_v2/huss/GIAOM_20C3M_1_huss_1901-1930.nc</fileName>
            <variableName>time</variableName>
         </NetCDFExtract>
      </descriptor>
      <descriptor>
         <NetCDFExtract id="YIGvq4Q8">
            <arraySize>60</arraySize>
            <fileName>/badc/ipcc-ddc/data/netcdf/ar4_v2/pr/GIAOM_20C3M_1_pr_1901-1930.nc</fileName>
            <variableName>latitude</variableName>
         </NetCDFExtract>
      </descriptor>
      <descriptor>
         <NetCDFExtract id="LaTtDmGp">
            <arraySize>2</arraySize>
            <fileName>/badc/ipcc-ddc/data/netcdf/ar4_v2/pr/GIAOM_20C3M_1_pr_1901-1930.nc</fileName>
            <variableName>bounds</variableName>
         </NetCDFExtract>
      </descriptor>
      <descriptor>
         <NetCDFExtract id="FlbGKXjL">
            <arraySize>90</arraySize>
            <fileName>/badc/ipcc-ddc/data/netcdf/ar4_v2/pr/GIAOM_20C3M_1_pr_1901-1930.nc</fileName>
            <variableName>longitude</variableName>
         </NetCDFExtract>
      </descriptor>
      <descriptor>
         <NetCDFExtract id="KwPFBqEx">
            <arraySize>12</arraySize>
            <fileName>/badc/ipcc-ddc/data/netcdf/ar4_v2/pr/GIAOM_20C3M_1_pr_1901-1930.nc</fileName>
            <variableName>time</variableName>
         </NetCDFExtract>
      </descriptor>
      <descriptor>
         <NetCDFExtract id="NDtlukL9">
            <arraySize>60</arraySize>
            <fileName>/badc/ipcc-ddc/data/netcdf/ar4_v2/psl/GIAOM_20C3M_1_psl_1901-1930.nc</fileName>
            <variableName>latitude</variableName>
         </NetCDFExtract>
      </descriptor>
      <descriptor>
         <NetCDFExtract id="ST7lmzYP">
            <arraySize>2</arraySize>
            <fileName>/badc/ipcc-ddc/data/netcdf/ar4_v2/psl/GIAOM_20C3M_1_psl_1901-1930.nc</fileName>
            <variableName>bounds</variableName>
         </NetCDFExtract>
      </descriptor>
      <descriptor>
         <NetCDFExtract id="TOzDL5K9">
            <arraySize>90</arraySize>
            <fileName>/badc/ipcc-ddc/data/netcdf/ar4_v2/psl/GIAOM_20C3M_1_psl_1901-1930.nc</fileName>
            <variableName>longitude</variableName>
         </NetCDFExtract>
      </descriptor>
      <descriptor>
         <NetCDFExtract id="AW5dBWOf">
            <arraySize>12</arraySize>
            <fileName>/badc/ipcc-ddc/data/netcdf/ar4_v2/psl/GIAOM_20C3M_1_psl_1901-1930.nc</fileName>
            <variableName>time</variableName>
         </NetCDFExtract>
      </descriptor>
      <descriptor>
         <NetCDFExtract id="CjAygRv5">
            <arraySize>60</arraySize>
            <fileName>/badc/ipcc-ddc/data/netcdf/ar4_v2/rsds/GIAOM_20C3M_1_rsds_1901-1930.nc</fileName>
            <variableName>latitude</variableName>
         </NetCDFExtract>
      </descriptor>
      <descriptor>
         <NetCDFExtract id="N0HQqSZK">
            <arraySize>2</arraySize>
            <fileName>/badc/ipcc-ddc/data/netcdf/ar4_v2/rsds/GIAOM_20C3M_1_rsds_1901-1930.nc</fileName>
            <variableName>bounds</variableName>
         </NetCDFExtract>
      </descriptor>
      <descriptor>
         <NetCDFExtract id="ITS5S1lq">
            <arraySize>90</arraySize>
            <fileName>/badc/ipcc-ddc/data/netcdf/ar4_v2/rsds/GIAOM_20C3M_1_rsds_1901-1930.nc</fileName>
            <variableName>longitude</variableName>
         </NetCDFExtract>
      </descriptor>
      <descriptor>
         <NetCDFExtract id="UOgPIFj9">
            <arraySize>12</arraySize>
            <fileName>/badc/ipcc-ddc/data/netcdf/ar4_v2/rsds/GIAOM_20C3M_1_rsds_1901-1930.nc</fileName>
            <variableName>time</variableName>
         </NetCDFExtract>
      </descriptor>
      <descriptor>
         <NetCDFExtract id="XGJoTPAS">
            <arraySize>60</arraySize>
            <fileName>/badc/ipcc-ddc/data/netcdf/ar4_v2/tas/GIAOM_20C3M_1_tas_1901-1930.nc</fileName>
            <variableName>latitude</variableName>
         </NetCDFExtract>
      </descriptor>
      <descriptor>
         <NetCDFExtract id="TjCpXk2m">
            <arraySize>2</arraySize>
            <fileName>/badc/ipcc-ddc/data/netcdf/ar4_v2/tas/GIAOM_20C3M_1_tas_1901-1930.nc</fileName>
            <variableName>bounds</variableName>
         </NetCDFExtract>
      </descriptor>
      <descriptor>
         <NetCDFExtract id="BBDdnf0d">
            <arraySize>90</arraySize>
            <fileName>/badc/ipcc-ddc/data/netcdf/ar4_v2/tas/GIAOM_20C3M_1_tas_1901-1930.nc</fileName>
            <variableName>longitude</variableName>
         </NetCDFExtract>
      </descriptor>
      <descriptor>
         <NetCDFExtract id="TNgVNtnt">
            <arraySize>12</arraySize>
            <fileName>/badc/ipcc-ddc/data/netcdf/ar4_v2/tas/GIAOM_20C3M_1_tas_1901-1930.nc</fileName>
            <variableName>time</variableName>
         </NetCDFExtract>
      </descriptor>
      <descriptor>
         <NetCDFExtract id="LyNA5NTV">
            <arraySize>60</arraySize>
            <fileName>/badc/ipcc-ddc/data/netcdf/ar4_v2/tasmax/GIAOM_20C3M_1_tasmax_1901-1930.nc</fileName>
            <variableName>latitude</variableName>
         </NetCDFExtract>
      </descriptor>
      <descriptor>
         <NetCDFExtract id="JdRaxCgB">
            <arraySize>2</arraySize>
            <fileName>/badc/ipcc-ddc/data/netcdf/ar4_v2/tasmax/GIAOM_20C3M_1_tasmax_1901-1930.nc</fileName>
            <variableName>bounds</variableName>
         </NetCDFExtract>
      </descriptor>
      <descriptor>
         <NetCDFExtract id="CI8CLl0v">
            <arraySize>90</arraySize>
            <fileName>/badc/ipcc-ddc/data/netcdf/ar4_v2/tasmax/GIAOM_20C3M_1_tasmax_1901-1930.nc</fileName>
            <variableName>longitude</variableName>
         </NetCDFExtract>
      </descriptor>
      <descriptor>
         <NetCDFExtract id="JEM8t1f7">
            <arraySize>12</arraySize>
            <fileName>/badc/ipcc-ddc/data/netcdf/ar4_v2/tasmax/GIAOM_20C3M_1_tasmax_1901-1930.nc</fileName>
            <variableName>time</variableName>
         </NetCDFExtract>
      </descriptor>
      <descriptor>
         <NetCDFExtract id="PkSoFFkP">
            <arraySize>60</arraySize>
            <fileName>/badc/ipcc-ddc/data/netcdf/ar4_v2/tasmin/GIAOM_20C3M_1_tasmin_1901-1930.nc</fileName>
            <variableName>latitude</variableName>
         </NetCDFExtract>
      </descriptor>
      <descriptor>
         <NetCDFExtract id="QOe8s6TO">
            <arraySize>2</arraySize>
            <fileName>/badc/ipcc-ddc/data/netcdf/ar4_v2/tasmin/GIAOM_20C3M_1_tasmin_1901-1930.nc</fileName>
            <variableName>bounds</variableName>
         </NetCDFExtract>
      </descriptor>
      <descriptor>
         <NetCDFExtract id="VFkajKfT">
            <arraySize>90</arraySize>
            <fileName>/badc/ipcc-ddc/data/netcdf/ar4_v2/tasmin/GIAOM_20C3M_1_tasmin_1901-1930.nc</fileName>
            <variableName>longitude</variableName>
         </NetCDFExtract>
      </descriptor>
      <descriptor>
         <NetCDFExtract id="DEhCXXKt">
            <arraySize>12</arraySize>
            <fileName>/badc/ipcc-ddc/data/netcdf/ar4_v2/tasmin/GIAOM_20C3M_1_tasmin_1901-1930.nc</fileName>
            <variableName>time</variableName>
         </NetCDFExtract>
      </descriptor>
      <descriptor>
         <NetCDFExtract id="CV39T7Oc">
            <arraySize>60</arraySize>
            <fileName>/badc/ipcc-ddc/data/netcdf/ar4_v2/uas/GIAOM_20C3M_1_uas_1901-1930.nc</fileName>
            <variableName>latitude</variableName>
         </NetCDFExtract>
      </descriptor>
      <descriptor>
         <NetCDFExtract id="SrtuxgGG">
            <arraySize>2</arraySize>
            <fileName>/badc/ipcc-ddc/data/netcdf/ar4_v2/uas/GIAOM_20C3M_1_uas_1901-1930.nc</fileName>
            <variableName>bounds</variableName>
         </NetCDFExtract>
      </descriptor>
      <descriptor>
         <NetCDFExtract id="YP0llxvA">
            <arraySize>90</arraySize>
            <fileName>/badc/ipcc-ddc/data/netcdf/ar4_v2/uas/GIAOM_20C3M_1_uas_1901-1930.nc</fileName>
            <variableName>longitude</variableName>
         </NetCDFExtract>
      </descriptor>
      <descriptor>
         <NetCDFExtract id="AnfgSTk5">
            <arraySize>12</arraySize>
            <fileName>/badc/ipcc-ddc/data/netcdf/ar4_v2/uas/GIAOM_20C3M_1_uas_1901-1930.nc</fileName>
            <variableName>time</variableName>
         </NetCDFExtract>
      </descriptor>
      <descriptor>
         <NetCDFExtract id="VYZ7CfbN">
            <arraySize>60</arraySize>
            <fileName>/badc/ipcc-ddc/data/netcdf/ar4_v2/vas/GIAOM_20C3M_1_vas_1901-1930.nc</fileName>
            <variableName>latitude</variableName>
         </NetCDFExtract>
      </descriptor>
      <descriptor>
         <NetCDFExtract id="EOMy8Rma">
            <arraySize>2</arraySize>
            <fileName>/badc/ipcc-ddc/data/netcdf/ar4_v2/vas/GIAOM_20C3M_1_vas_1901-1930.nc</fileName>
            <variableName>bounds</variableName>
         </NetCDFExtract>
      </descriptor>
      <descriptor>
         <NetCDFExtract id="OFBVacjN">
            <arraySize>90</arraySize>
            <fileName>/badc/ipcc-ddc/data/netcdf/ar4_v2/vas/GIAOM_20C3M_1_vas_1901-1930.nc</fileName>
            <variableName>longitude</variableName>
         </NetCDFExtract>
      </descriptor>
      <descriptor>
         <NetCDFExtract id="GT6c13Yx">
            <arraySize>12</arraySize>
            <fileName>/badc/ipcc-ddc/data/netcdf/ar4_v2/vas/GIAOM_20C3M_1_vas_1901-1930.nc</fileName>
            <variableName>time</variableName>
         </NetCDFExtract>
      </descriptor>
      <descriptor>
         <AggregatedArray id="GTbLK95j">
            <arraySize>64800</arraySize>
            <uom>1</uom>
            <aggType>new</aggType>
            <aggIndex>1</aggIndex>
            <component>
               <NetCDFExtract>
                  <arraySize>12  60  90</arraySize>
                  <fileList>
                     <FileList id="TmD3yHFS">
                        <fileNames>/badc/ipcc-ddc/data/netcdf/ar4_v2/huss/GIAOM_20C3M_1_huss_1901-1930.nc /badc/ipcc-ddc/data/netcdf/ar4_v2/huss/GIAOM_20C3M_1_huss_1931-1960.nc /badc/ipcc-ddc/data/netcdf/ar4_v2/huss/GIAOM_20C3M_1_huss_1961-1990.nc</fileNames>
                     </FileList>
                  </fileList>
                  <variableName>specific_humidity</variableName>
               </NetCDFExtract>
            </component>
         </AggregatedArray>
      </descriptor>
      <descriptor>
         <AggregatedArray id="SJv5qldD">
            <arraySize>64800</arraySize>
            <uom>kg.m-2.s-1</uom>
            <aggType>new</aggType>
            <aggIndex>1</aggIndex>
            <component>
               <NetCDFExtract>
                  <arraySize>12  60  90</arraySize>
                  <fileList>
                     <FileList id="DMSQcHl2">
                        <fileNames>/badc/ipcc-ddc/data/netcdf/ar4_v2/pr/GIAOM_20C3M_1_pr_1901-1930.nc /badc/ipcc-ddc/data/netcdf/ar4_v2/pr/GIAOM_20C3M_1_pr_1931-1960.nc /badc/ipcc-ddc/data/netcdf/ar4_v2/pr/GIAOM_20C3M_1_pr_1961-1990.nc</fileNames>
                     </FileList>
                  </fileList>
                  <variableName>precipitation_flux</variableName>
               </NetCDFExtract>
            </component>
         </AggregatedArray>
      </descriptor>
      <descriptor>
         <AggregatedArray id="R5WH93W9">
            <arraySize>64800</arraySize>
            <uom>Pa</uom>
            <aggType>new</aggType>
            <aggIndex>1</aggIndex>
            <component>
               <NetCDFExtract>
                  <arraySize>12  60  90</arraySize>
                  <fileList>
                     <FileList id="H8jRdNCa">
                        <fileNames>/badc/ipcc-ddc/data/netcdf/ar4_v2/psl/GIAOM_20C3M_1_psl_1901-1930.nc /badc/ipcc-ddc/data/netcdf/ar4_v2/psl/GIAOM_20C3M_1_psl_1931-1960.nc /badc/ipcc-ddc/data/netcdf/ar4_v2/psl/GIAOM_20C3M_1_psl_1961-1990.nc</fileNames>
                     </FileList>
                  </fileList>
                  <variableName>air_pressure_at_sea_level</variableName>
               </NetCDFExtract>
            </component>
         </AggregatedArray>
      </descriptor>
      <descriptor>
         <AggregatedArray id="HV3Gvegr">
            <arraySize>64800</arraySize>
            <uom>W.m-2</uom>
            <aggType>new</aggType>
            <aggIndex>1</aggIndex>
            <component>
               <NetCDFExtract>
                  <arraySize>12  60  90</arraySize>
                  <fileList>
                     <FileList id="KvWruarv">
                        <fileNames>/badc/ipcc-ddc/data/netcdf/ar4_v2/rsds/GIAOM_20C3M_1_rsds_1901-1930.nc /badc/ipcc-ddc/data/netcdf/ar4_v2/rsds/GIAOM_20C3M_1_rsds_1931-1960.nc /badc/ipcc-ddc/data/netcdf/ar4_v2/rsds/GIAOM_20C3M_1_rsds_1961-1990.nc</fileNames>
                     </FileList>
                  </fileList>
                  <variableName>surface_downwelling_shortwave_flux_in_air</variableName>
               </NetCDFExtract>
            </component>
         </AggregatedArray>
      </descriptor>
      <descriptor>
         <AggregatedArray id="IG3UBDpM">
            <arraySize>64800</arraySize>
            <uom>K</uom>
            <aggType>new</aggType>
            <aggIndex>1</aggIndex>
            <component>
               <NetCDFExtract>
                  <arraySize>12  60  90</arraySize>
                  <fileList>
                     <FileList id="UUrhYS9h">
                        <fileNames>/badc/ipcc-ddc/data/netcdf/ar4_v2/tas/GIAOM_20C3M_1_tas_1901-1930.nc /badc/ipcc-ddc/data/netcdf/ar4_v2/tas/GIAOM_20C3M_1_tas_1931-1960.nc /badc/ipcc-ddc/data/netcdf/ar4_v2/tas/GIAOM_20C3M_1_tas_1961-1990.nc</fileNames>
                     </FileList>
                  </fileList>
                  <variableName>air_temperature</variableName>
               </NetCDFExtract>
            </component>
         </AggregatedArray>
      </descriptor>
      <descriptor>
         <AggregatedArray id="NSvI0Prj">
            <arraySize>64800</arraySize>
            <uom>K</uom>
            <aggType>new</aggType>
            <aggIndex>1</aggIndex>
            <component>
               <NetCDFExtract>
                  <arraySize>12  60  90</arraySize>
                  <fileList>
                     <FileList id="NEeyzurh">
                        <fileNames>/badc/ipcc-ddc/data/netcdf/ar4_v2/tasmax/GIAOM_20C3M_1_tasmax_1901-1930.nc /badc/ipcc-ddc/data/netcdf/ar4_v2/tasmax/GIAOM_20C3M_1_tasmax_1931-1960.nc /badc/ipcc-ddc/data/netcdf/ar4_v2/tasmax/GIAOM_20C3M_1_tasmax_1961-1990.nc</fileNames>
                     </FileList>
                  </fileList>
                  <variableName>air_temperature_daily_max</variableName>
               </NetCDFExtract>
            </component>
         </AggregatedArray>
      </descriptor>
      <descriptor>
         <AggregatedArray id="QnKeiTo4">
            <arraySize>64800</arraySize>
            <uom>K</uom>
            <aggType>new</aggType>
            <aggIndex>1</aggIndex>
            <component>
               <NetCDFExtract>
                  <arraySize>12  60  90</arraySize>
                  <fileList>
                     <FileList id="NXmofB2h">
                        <fileNames>/badc/ipcc-ddc/data/netcdf/ar4_v2/tasmin/GIAOM_20C3M_1_tasmin_1901-1930.nc /badc/ipcc-ddc/data/netcdf/ar4_v2/tasmin/GIAOM_20C3M_1_tasmin_1931-1960.nc /badc/ipcc-ddc/data/netcdf/ar4_v2/tasmin/GIAOM_20C3M_1_tasmin_1961-1990.nc</fileNames>
                     </FileList>
                  </fileList>
                  <variableName>air_temperature_daily_min</variableName>
               </NetCDFExtract>
            </component>
         </AggregatedArray>
      </descriptor>
      <descriptor>
         <AggregatedArray id="D2apvfxJ">
            <arraySize>64800</arraySize>
            <uom>m.s-1</uom>
            <aggType>new</aggType>
            <aggIndex>1</aggIndex>
            <component>
               <NetCDFExtract>
                  <arraySize>12  60  90</arraySize>
                  <fileList>
                     <FileList id="H4a3pQUH">
                        <fileNames>/badc/ipcc-ddc/data/netcdf/ar4_v2/uas/GIAOM_20C3M_1_uas_1901-1930.nc /badc/ipcc-ddc/data/netcdf/ar4_v2/uas/GIAOM_20C3M_1_uas_1931-1960.nc /badc/ipcc-ddc/data/netcdf/ar4_v2/uas/GIAOM_20C3M_1_uas_1961-1990.nc</fileNames>
                     </FileList>
                  </fileList>
                  <variableName>eastward_wind</variableName>
               </NetCDFExtract>
            </component>
         </AggregatedArray>
      </descriptor>
      <descriptor>
         <AggregatedArray id="UjcCgfZm">
            <arraySize>64800</arraySize>
            <uom>m.s-1</uom>
            <aggType>new</aggType>
            <aggIndex>1</aggIndex>
            <component>
               <NetCDFExtract>
                  <arraySize>12  60  90</arraySize>
                  <fileList>
                     <FileList id="WdnGjpjT">
                        <fileNames>/badc/ipcc-ddc/data/netcdf/ar4_v2/vas/GIAOM_20C3M_1_vas_1901-1930.nc /badc/ipcc-ddc/data/netcdf/ar4_v2/vas/GIAOM_20C3M_1_vas_1931-1960.nc /badc/ipcc-ddc/data/netcdf/ar4_v2/vas/GIAOM_20C3M_1_vas_1961-1990.nc</fileNames>
                     </FileList>
                  </fileList>
                  <variableName>northward_wind</variableName>
               </NetCDFExtract>
            </component>
         </AggregatedArray>
      </descriptor>
   </CSMLStorageDescriptor>
</Dataset>