<?xml version="1.0" encoding="UTF-8"?><Dataset xmlns="http://ndg.nerc.ac.uk/csml"  xmlns:gml="http://www.opengis.net/gml" xmlns:om="http://www.opengis.net/om" xmlns:swe="http://www.opengis.net/swe"  xmlns:xsi="http://www.w3.org/2001/XMLSchema-instance" xmlns:moles="http://ndg.nerc.ac.uk/moles"  xmlns:xlink="http://www.w3.org/1999/xlink" xsi:schemaLocation="http://ndg.nerc.ac.uk/csml/ schemas/csmlDataset.xsd" id="ar4_CGHR_SRA1B_change_30">
   <name>Scenario: SRA1B - Model: CGHR - 30 year mean anomaly</name>
   <AccessControlPolicy>
      <dgSecurityCondition>
         <moles:effect>allow</moles:effect>
         <moles:simpleCondition>
            <moles:dgAttributeAuthority>http://aa.ceda.rl.ac.uk/</moles:dgAttributeAuthority>
            <moles:attrauthRole>badc</moles:attrauthRole>
         </moles:simpleCondition>
      </dgSecurityCondition>
   </AccessControlPolicy>
   <CSMLFeatureCollection gml:id="CTrXTaHa">
      <gml:metaDataProperty></gml:metaDataProperty>
      <gml:boundedBy>
         <gml:EnvelopeWithTimePeriod srsName="WGS84">
            <gml:lowerCorner>0.0 -89.2586746216</gml:lowerCorner>
            <gml:upperCorner>360.0 89.2586746216</gml:upperCorner>
            <gml:beginPosition>2024-01-16T00:00:00.0</gml:beginPosition>
            <gml:endPosition>2084-12-16T00:00:00.0</gml:endPosition>
         </gml:EnvelopeWithTimePeriod>
      </gml:boundedBy>
      <featureMember>
         <GridSeriesFeature gml:id="specific_humidity_anomaly">
            <gml:description>missing description</gml:description>
            <gml:name>specific_humidity_anomaly</gml:name>
            <gml:boundedBy>
               <gml:EnvelopeWithTimePeriod srsName="WGS84">
                  <gml:lowerCorner>0.0 -89.2586746216</gml:lowerCorner>
                  <gml:upperCorner>360.0 89.2586746216</gml:upperCorner>
                  <gml:beginPosition>2024-01-16T00:00:00.0</gml:beginPosition>
                  <gml:endPosition>2084-12-16T00:00:00.0</gml:endPosition>
               </gml:EnvelopeWithTimePeriod>
            </gml:boundedBy>
            <value>
               <GridSeriesCoverage gml:id="IAdvdIRL">
                  <gridSeriesDomain>
                     <GridSeriesDomain srsName="ndg:crs:lonlatt" uomLabels="degree_east degree_north days_since_2010-01-01" gml:id="KLy5YMEZ" axisLabels="longitude latitude time" dimension="3" srsDimension="3">
                        <limits>
                           <gml:GridEnvelope>
                              <gml:low>0 0 0</gml:low>
                              <gml:high>0 0 0</gml:high>
                           </gml:GridEnvelope>
                        </limits>
                        <axisLabels>time latitude longitude</axisLabels>
                        <coordTransformTable>
                           <GridCoordinatesTable>
                              <gridOrdinate>
                                 <GridOrdinateDescription>
                                    <coordAxisLabel>time</coordAxisLabel>
                                    <coordAxisValues>
                                       <SpatialOrTemporalPositionList gml:id="TohlOTJ6">
                                          <timePositionList frame="ndg:standard">2024-01-16T00:00:00.0 2024-02-16T00:00:00.0 2024-03-16T00:00:00.0 2024-04-16T00:00:00.0 2024-05-16T00:00:00.0 2024-06-16T00:00:00.0 2024-07-16T00:00:00.0 2024-08-16T00:00:00.0 2024-09-16T00:00:00.0 2024-10-16T00:00:00.0 2024-11-16T00:00:00.0 2024-12-16T00:00:00.0 2054-01-16T00:00:00.0 2054-02-16T00:00:00.0 2054-03-16T00:00:00.0 2054-04-16T00:00:00.0 2054-05-16T00:00:00.0 2054-06-16T00:00:00.0 2054-07-16T00:00:00.0 2054-08-16T00:00:00.0 2054-09-16T00:00:00.0 2054-10-16T00:00:00.0 2054-11-16T00:00:00.0 2054-12-16T00:00:00.0 2084-01-16T00:00:00.0 2084-02-16T00:00:00.0 2084-03-16T00:00:00.0 2084-04-16T00:00:00.0 2084-05-16T00:00:00.0 2084-06-16T00:00:00.0 2084-07-16T00:00:00.0 2084-08-16T00:00:00.0 2084-09-16T00:00:00.0 2084-10-16T00:00:00.0 2084-11-16T00:00:00.0 2084-12-16T00:00:00.0</timePositionList>
                                       </SpatialOrTemporalPositionList>
                                    </coordAxisValues>
                                    <gridAxesSpanned>time</gridAxesSpanned>
                                    <sequenceRule axisOrder="+1">Linear</sequenceRule>
                                 </GridOrdinateDescription>
                              </gridOrdinate>
                              <gridOrdinate>
                                 <GridOrdinateDescription>
                                    <coordAxisLabel>latitude</coordAxisLabel>
                                    <coordAxisValues xlink:href="#SQQQi8fA" xlink:show="embed" xlink:arcrole="coordinateList" xlink:role="http://ndg.nerc.ac.uk/fileFormat/csmlStorageDescriptor">
                                       <SpatialOrTemporalPositionList gml:id="KfYeulJo">
                                          <coordinateList></coordinateList>
                                       </SpatialOrTemporalPositionList>
                                    </coordAxisValues>
                                    <gridAxesSpanned>latitude</gridAxesSpanned>
                                    <sequenceRule axisOrder="+1">Linear</sequenceRule>
                                 </GridOrdinateDescription>
                              </gridOrdinate>
                              <gridOrdinate>
                                 <GridOrdinateDescription>
                                    <coordAxisLabel>longitude</coordAxisLabel>
                                    <coordAxisValues xlink:href="#YmAIVY2G" xlink:show="embed" xlink:arcrole="coordinateList" xlink:role="http://ndg.nerc.ac.uk/fileFormat/csmlStorageDescriptor">
                                       <SpatialOrTemporalPositionList gml:id="JDb5dhoT">
                                          <coordinateList></coordinateList>
                                       </SpatialOrTemporalPositionList>
                                    </coordAxisValues>
                                    <gridAxesSpanned>longitude</gridAxesSpanned>
                                    <sequenceRule axisOrder="+1">Linear</sequenceRule>
                                 </GridOrdinateDescription>
                              </gridOrdinate>
                           </GridCoordinatesTable>
                        </coordTransformTable>
                     </GridSeriesDomain>
                  </gridSeriesDomain>
                  <gml:rangeSet>
                     <gml:ValueArray gml:id="TA38GE7N">
                        <gml:valueComponent xlink:href="#HLQ3pxPO" xlink:show="embed" xlink:arcrole="QuantityList" xlink:role="http://ndg.nerc.ac.uk/fileFormat/csmlStorageDescriptor">
                           <gml:QuantityList uom="1"></gml:QuantityList>
                        </gml:valueComponent>
                     </gml:ValueArray>
                  </gml:rangeSet>
               </GridSeriesCoverage>
            </value>
            <parameter xlink:href="http://cfconventions.org/standard_names/specific_humidity_anomaly"></parameter>
         </GridSeriesFeature>
      </featureMember>
      <featureMember>
         <GridSeriesFeature gml:id="precipitation_flux_anomaly">
            <gml:description>missing description</gml:description>
            <gml:name>precipitation_flux_anomaly</gml:name>
            <gml:boundedBy>
               <gml:EnvelopeWithTimePeriod srsName="WGS84">
                  <gml:lowerCorner>0.0 -89.2586746216</gml:lowerCorner>
                  <gml:upperCorner>360.0 89.2586746216</gml:upperCorner>
                  <gml:beginPosition>2024-01-16T00:00:00.0</gml:beginPosition>
                  <gml:endPosition>2084-12-16T00:00:00.0</gml:endPosition>
               </gml:EnvelopeWithTimePeriod>
            </gml:boundedBy>
            <value>
               <GridSeriesCoverage gml:id="C1rYRZfx">
                  <gridSeriesDomain>
                     <GridSeriesDomain srsName="ndg:crs:lonlatt" uomLabels="degree_east degree_north days_since_2010-01-01" gml:id="CZEkkfqv" axisLabels="longitude latitude time" dimension="3" srsDimension="3">
                        <limits>
                           <gml:GridEnvelope>
                              <gml:low>0 0 0</gml:low>
                              <gml:high>0 0 0</gml:high>
                           </gml:GridEnvelope>
                        </limits>
                        <axisLabels>time latitude longitude</axisLabels>
                        <coordTransformTable>
                           <GridCoordinatesTable>
                              <gridOrdinate>
                                 <GridOrdinateDescription>
                                    <coordAxisLabel>time</coordAxisLabel>
                                    <coordAxisValues>
                                       <SpatialOrTemporalPositionList gml:id="SRqOhxo0">
                                          <timePositionList frame="ndg:standard">2024-01-16T00:00:00.0 2024-02-16T00:00:00.0 2024-03-16T00:00:00.0 2024-04-16T00:00:00.0 2024-05-16T00:00:00.0 2024-06-16T00:00:00.0 2024-07-16T00:00:00.0 2024-08-16T00:00:00.0 2024-09-16T00:00:00.0 2024-10-16T00:00:00.0 2024-11-16T00:00:00.0 2024-12-16T00:00:00.0 2054-01-16T00:00:00.0 2054-02-16T00:00:00.0 2054-03-16T00:00:00.0 2054-04-16T00:00:00.0 2054-05-16T00:00:00.0 2054-06-16T00:00:00.0 2054-07-16T00:00:00.0 2054-08-16T00:00:00.0 2054-09-16T00:00:00.0 2054-10-16T00:00:00.0 2054-11-16T00:00:00.0 2054-12-16T00:00:00.0 2084-01-16T00:00:00.0 2084-02-16T00:00:00.0 2084-03-16T00:00:00.0 2084-04-16T00:00:00.0 2084-05-16T00:00:00.0 2084-06-16T00:00:00.0 2084-07-16T00:00:00.0 2084-08-16T00:00:00.0 2084-09-16T00:00:00.0 2084-10-16T00:00:00.0 2084-11-16T00:00:00.0 2084-12-16T00:00:00.0</timePositionList>
                                       </SpatialOrTemporalPositionList>
                                    </coordAxisValues>
                                    <gridAxesSpanned>time</gridAxesSpanned>
                                    <sequenceRule axisOrder="+1">Linear</sequenceRule>
                                 </GridOrdinateDescription>
                              </gridOrdinate>
                              <gridOrdinate>
                                 <GridOrdinateDescription>
                                    <coordAxisLabel>latitude</coordAxisLabel>
                                    <coordAxisValues xlink:href="#Hg4L3hWO" xlink:show="embed" xlink:arcrole="coordinateList" xlink:role="http://ndg.nerc.ac.uk/fileFormat/csmlStorageDescriptor">
                                       <SpatialOrTemporalPositionList gml:id="VltRK2nH">
                                          <coordinateList></coordinateList>
                                       </SpatialOrTemporalPositionList>
                                    </coordAxisValues>
                                    <gridAxesSpanned>latitude</gridAxesSpanned>
                                    <sequenceRule axisOrder="+1">Linear</sequenceRule>
                                 </GridOrdinateDescription>
                              </gridOrdinate>
                              <gridOrdinate>
                                 <GridOrdinateDescription>
                                    <coordAxisLabel>longitude</coordAxisLabel>
                                    <coordAxisValues xlink:href="#Qaq473TE" xlink:show="embed" xlink:arcrole="coordinateList" xlink:role="http://ndg.nerc.ac.uk/fileFormat/csmlStorageDescriptor">
                                       <SpatialOrTemporalPositionList gml:id="Hfl7Mpm6">
                                          <coordinateList></coordinateList>
                                       </SpatialOrTemporalPositionList>
                                    </coordAxisValues>
                                    <gridAxesSpanned>longitude</gridAxesSpanned>
                                    <sequenceRule axisOrder="+1">Linear</sequenceRule>
                                 </GridOrdinateDescription>
                              </gridOrdinate>
                           </GridCoordinatesTable>
                        </coordTransformTable>
                     </GridSeriesDomain>
                  </gridSeriesDomain>
                  <gml:rangeSet>
                     <gml:ValueArray gml:id="Yfipendy">
                        <gml:valueComponent xlink:href="#BTklRYR9" xlink:show="embed" xlink:arcrole="QuantityList" xlink:role="http://ndg.nerc.ac.uk/fileFormat/csmlStorageDescriptor">
                           <gml:QuantityList uom="kg.m-2.s-1"></gml:QuantityList>
                        </gml:valueComponent>
                     </gml:ValueArray>
                  </gml:rangeSet>
               </GridSeriesCoverage>
            </value>
            <parameter xlink:href="http://cfconventions.org/standard_names/precipitation_flux_anomaly"></parameter>
         </GridSeriesFeature>
      </featureMember>
      <featureMember>
         <GridSeriesFeature gml:id="surface_downwelling_shortwave_flux_in_air_anomaly">
            <gml:description>missing description</gml:description>
            <gml:name>surface_downwelling_shortwave_flux_in_air_anomaly</gml:name>
            <gml:boundedBy>
               <gml:EnvelopeWithTimePeriod srsName="WGS84">
                  <gml:lowerCorner>0.0 -89.2586746216</gml:lowerCorner>
                  <gml:upperCorner>360.0 89.2586746216</gml:upperCorner>
                  <gml:beginPosition>2024-01-16T00:00:00.0</gml:beginPosition>
                  <gml:endPosition>2084-12-16T00:00:00.0</gml:endPosition>
               </gml:EnvelopeWithTimePeriod>
            </gml:boundedBy>
            <value>
               <GridSeriesCoverage gml:id="Tu45Vacl">
                  <gridSeriesDomain>
                     <GridSeriesDomain srsName="ndg:crs:lonlatt" uomLabels="degree_east degree_north days_since_2010-01-01" gml:id="OcE5aePl" axisLabels="longitude latitude time" dimension="3" srsDimension="3">
                        <limits>
                           <gml:GridEnvelope>
                              <gml:low>0 0 0</gml:low>
                              <gml:high>0 0 0</gml:high>
                           </gml:GridEnvelope>
                        </limits>
                        <axisLabels>time latitude longitude</axisLabels>
                        <coordTransformTable>
                           <GridCoordinatesTable>
                              <gridOrdinate>
                                 <GridOrdinateDescription>
                                    <coordAxisLabel>time</coordAxisLabel>
                                    <coordAxisValues>
                                       <SpatialOrTemporalPositionList gml:id="Y2Zoyg5P">
                                          <timePositionList frame="ndg:standard">2024-01-16T00:00:00.0 2024-02-16T00:00:00.0 2024-03-16T00:00:00.0 2024-04-16T00:00:00.0 2024-05-16T00:00:00.0 2024-06-16T00:00:00.0 2024-07-16T00:00:00.0 2024-08-16T00:00:00.0 2024-09-16T00:00:00.0 2024-10-16T00:00:00.0 2024-11-16T00:00:00.0 2024-12-16T00:00:00.0 2054-01-16T00:00:00.0 2054-02-16T00:00:00.0 2054-03-16T00:00:00.0 2054-04-16T00:00:00.0 2054-05-16T00:00:00.0 2054-06-16T00:00:00.0 2054-07-16T00:00:00.0 2054-08-16T00:00:00.0 2054-09-16T00:00:00.0 2054-10-16T00:00:00.0 2054-11-16T00:00:00.0 2054-12-16T00:00:00.0 2084-01-16T00:00:00.0 2084-02-16T00:00:00.0 2084-03-16T00:00:00.0 2084-04-16T00:00:00.0 2084-05-16T00:00:00.0 2084-06-16T00:00:00.0 2084-07-16T00:00:00.0 2084-08-16T00:00:00.0 2084-09-16T00:00:00.0 2084-10-16T00:00:00.0 2084-11-16T00:00:00.0 2084-12-16T00:00:00.0</timePositionList>
                                       </SpatialOrTemporalPositionList>
                                    </coordAxisValues>
                                    <gridAxesSpanned>time</gridAxesSpanned>
                                    <sequenceRule axisOrder="+1">Linear</sequenceRule>
                                 </GridOrdinateDescription>
                              </gridOrdinate>
                              <gridOrdinate>
                                 <GridOrdinateDescription>
                                    <coordAxisLabel>latitude</coordAxisLabel>
                                    <coordAxisValues xlink:href="#IRkm8TT8" xlink:show="embed" xlink:arcrole="coordinateList" xlink:role="http://ndg.nerc.ac.uk/fileFormat/csmlStorageDescriptor">
                                       <SpatialOrTemporalPositionList gml:id="YgPnL57h">
                                          <coordinateList></coordinateList>
                                       </SpatialOrTemporalPositionList>
                                    </coordAxisValues>
                                    <gridAxesSpanned>latitude</gridAxesSpanned>
                                    <sequenceRule axisOrder="+1">Linear</sequenceRule>
                                 </GridOrdinateDescription>
                              </gridOrdinate>
                              <gridOrdinate>
                                 <GridOrdinateDescription>
                                    <coordAxisLabel>longitude</coordAxisLabel>
                                    <coordAxisValues xlink:href="#BlmscNAl" xlink:show="embed" xlink:arcrole="coordinateList" xlink:role="http://ndg.nerc.ac.uk/fileFormat/csmlStorageDescriptor">
                                       <SpatialOrTemporalPositionList gml:id="GBQp9aP6">
                                          <coordinateList></coordinateList>
                                       </SpatialOrTemporalPositionList>
                                    </coordAxisValues>
                                    <gridAxesSpanned>longitude</gridAxesSpanned>
                                    <sequenceRule axisOrder="+1">Linear</sequenceRule>
                                 </GridOrdinateDescription>
                              </gridOrdinate>
                           </GridCoordinatesTable>
                        </coordTransformTable>
                     </GridSeriesDomain>
                  </gridSeriesDomain>
                  <gml:rangeSet>
                     <gml:ValueArray gml:id="KEV3ZR56">
                        <gml:valueComponent xlink:href="#QWfFLIru" xlink:show="embed" xlink:arcrole="QuantityList" xlink:role="http://ndg.nerc.ac.uk/fileFormat/csmlStorageDescriptor">
                           <gml:QuantityList uom="W.m-2"></gml:QuantityList>
                        </gml:valueComponent>
                     </gml:ValueArray>
                  </gml:rangeSet>
               </GridSeriesCoverage>
            </value>
            <parameter xlink:href="http://cfconventions.org/standard_names/surface_downwelling_shortwave_flux_in_air_anomaly"></parameter>
         </GridSeriesFeature>
      </featureMember>
      <featureMember>
         <GridSeriesFeature gml:id="air_temperature_anomaly">
            <gml:description>missing description</gml:description>
            <gml:name>air_temperature_anomaly</gml:name>
            <gml:boundedBy>
               <gml:EnvelopeWithTimePeriod srsName="WGS84">
                  <gml:lowerCorner>0.0 -89.2586746216</gml:lowerCorner>
                  <gml:upperCorner>360.0 89.2586746216</gml:upperCorner>
                  <gml:beginPosition>2024-01-16T00:00:00.0</gml:beginPosition>
                  <gml:endPosition>2084-12-16T00:00:00.0</gml:endPosition>
               </gml:EnvelopeWithTimePeriod>
            </gml:boundedBy>
            <value>
               <GridSeriesCoverage gml:id="QFbFKYWv">
                  <gridSeriesDomain>
                     <GridSeriesDomain srsName="ndg:crs:lonlatt" uomLabels="degree_east degree_north days_since_2010-01-01" gml:id="IU97mWxb" axisLabels="longitude latitude time" dimension="3" srsDimension="3">
                        <limits>
                           <gml:GridEnvelope>
                              <gml:low>0 0 0</gml:low>
                              <gml:high>0 0 0</gml:high>
                           </gml:GridEnvelope>
                        </limits>
                        <axisLabels>time latitude longitude</axisLabels>
                        <coordTransformTable>
                           <GridCoordinatesTable>
                              <gridOrdinate>
                                 <GridOrdinateDescription>
                                    <coordAxisLabel>time</coordAxisLabel>
                                    <coordAxisValues>
                                       <SpatialOrTemporalPositionList gml:id="BtCj8Eoi">
                                          <timePositionList frame="ndg:standard">2024-01-16T00:00:00.0 2024-02-16T00:00:00.0 2024-03-16T00:00:00.0 2024-04-16T00:00:00.0 2024-05-16T00:00:00.0 2024-06-16T00:00:00.0 2024-07-16T00:00:00.0 2024-08-16T00:00:00.0 2024-09-16T00:00:00.0 2024-10-16T00:00:00.0 2024-11-16T00:00:00.0 2024-12-16T00:00:00.0 2054-01-16T00:00:00.0 2054-02-16T00:00:00.0 2054-03-16T00:00:00.0 2054-04-16T00:00:00.0 2054-05-16T00:00:00.0 2054-06-16T00:00:00.0 2054-07-16T00:00:00.0 2054-08-16T00:00:00.0 2054-09-16T00:00:00.0 2054-10-16T00:00:00.0 2054-11-16T00:00:00.0 2054-12-16T00:00:00.0 2084-01-16T00:00:00.0 2084-02-16T00:00:00.0 2084-03-16T00:00:00.0 2084-04-16T00:00:00.0 2084-05-16T00:00:00.0 2084-06-16T00:00:00.0 2084-07-16T00:00:00.0 2084-08-16T00:00:00.0 2084-09-16T00:00:00.0 2084-10-16T00:00:00.0 2084-11-16T00:00:00.0 2084-12-16T00:00:00.0</timePositionList>
                                       </SpatialOrTemporalPositionList>
                                    </coordAxisValues>
                                    <gridAxesSpanned>time</gridAxesSpanned>
                                    <sequenceRule axisOrder="+1">Linear</sequenceRule>
                                 </GridOrdinateDescription>
                              </gridOrdinate>
                              <gridOrdinate>
                                 <GridOrdinateDescription>
                                    <coordAxisLabel>latitude</coordAxisLabel>
                                    <coordAxisValues xlink:href="#PZG56AI0" xlink:show="embed" xlink:arcrole="coordinateList" xlink:role="http://ndg.nerc.ac.uk/fileFormat/csmlStorageDescriptor">
                                       <SpatialOrTemporalPositionList gml:id="KX4QNcFi">
                                          <coordinateList></coordinateList>
                                       </SpatialOrTemporalPositionList>
                                    </coordAxisValues>
                                    <gridAxesSpanned>latitude</gridAxesSpanned>
                                    <sequenceRule axisOrder="+1">Linear</sequenceRule>
                                 </GridOrdinateDescription>
                              </gridOrdinate>
                              <gridOrdinate>
                                 <GridOrdinateDescription>
                                    <coordAxisLabel>longitude</coordAxisLabel>
                                    <coordAxisValues xlink:href="#EYcWvIhS" xlink:show="embed" xlink:arcrole="coordinateList" xlink:role="http://ndg.nerc.ac.uk/fileFormat/csmlStorageDescriptor">
                                       <SpatialOrTemporalPositionList gml:id="UxnGUa3j">
                                          <coordinateList></coordinateList>
                                       </SpatialOrTemporalPositionList>
                                    </coordAxisValues>
                                    <gridAxesSpanned>longitude</gridAxesSpanned>
                                    <sequenceRule axisOrder="+1">Linear</sequenceRule>
                                 </GridOrdinateDescription>
                              </gridOrdinate>
                           </GridCoordinatesTable>
                        </coordTransformTable>
                     </GridSeriesDomain>
                  </gridSeriesDomain>
                  <gml:rangeSet>
                     <gml:ValueArray gml:id="FcF4RVxC">
                        <gml:valueComponent xlink:href="#ZVcfs0Ub" xlink:show="embed" xlink:arcrole="QuantityList" xlink:role="http://ndg.nerc.ac.uk/fileFormat/csmlStorageDescriptor">
                           <gml:QuantityList uom="K"></gml:QuantityList>
                        </gml:valueComponent>
                     </gml:ValueArray>
                  </gml:rangeSet>
               </GridSeriesCoverage>
            </value>
            <parameter xlink:href="http://cfconventions.org/standard_names/air_temperature_anomaly"></parameter>
         </GridSeriesFeature>
      </featureMember>
      <featureMember>
         <GridSeriesFeature gml:id="eastward_wind_anomaly">
            <gml:description>missing description</gml:description>
            <gml:name>eastward_wind_anomaly</gml:name>
            <gml:boundedBy>
               <gml:EnvelopeWithTimePeriod srsName="WGS84">
                  <gml:lowerCorner>0.0 -89.2586746216</gml:lowerCorner>
                  <gml:upperCorner>360.0 89.2586746216</gml:upperCorner>
                  <gml:beginPosition>2024-01-16T00:00:00.0</gml:beginPosition>
                  <gml:endPosition>2084-12-16T00:00:00.0</gml:endPosition>
               </gml:EnvelopeWithTimePeriod>
            </gml:boundedBy>
            <value>
               <GridSeriesCoverage gml:id="KqvgDUBh">
                  <gridSeriesDomain>
                     <GridSeriesDomain srsName="ndg:crs:lonlatt" uomLabels="degree_east degree_north days_since_2010-01-01" gml:id="Fs95G37X" axisLabels="longitude latitude time" dimension="3" srsDimension="3">
                        <limits>
                           <gml:GridEnvelope>
                              <gml:low>0 0 0</gml:low>
                              <gml:high>0 0 0</gml:high>
                           </gml:GridEnvelope>
                        </limits>
                        <axisLabels>time latitude longitude</axisLabels>
                        <coordTransformTable>
                           <GridCoordinatesTable>
                              <gridOrdinate>
                                 <GridOrdinateDescription>
                                    <coordAxisLabel>time</coordAxisLabel>
                                    <coordAxisValues>
                                       <SpatialOrTemporalPositionList gml:id="GQ5lnIEe">
                                          <timePositionList frame="ndg:standard">2024-01-16T00:00:00.0 2024-02-16T00:00:00.0 2024-03-16T00:00:00.0 2024-04-16T00:00:00.0 2024-05-16T00:00:00.0 2024-06-16T00:00:00.0 2024-07-16T00:00:00.0 2024-08-16T00:00:00.0 2024-09-16T00:00:00.0 2024-10-16T00:00:00.0 2024-11-16T00:00:00.0 2024-12-16T00:00:00.0 2054-01-16T00:00:00.0 2054-02-16T00:00:00.0 2054-03-16T00:00:00.0 2054-04-16T00:00:00.0 2054-05-16T00:00:00.0 2054-06-16T00:00:00.0 2054-07-16T00:00:00.0 2054-08-16T00:00:00.0 2054-09-16T00:00:00.0 2054-10-16T00:00:00.0 2054-11-16T00:00:00.0 2054-12-16T00:00:00.0 2084-01-16T00:00:00.0 2084-02-16T00:00:00.0 2084-03-16T00:00:00.0 2084-04-16T00:00:00.0 2084-05-16T00:00:00.0 2084-06-16T00:00:00.0 2084-07-16T00:00:00.0 2084-08-16T00:00:00.0 2084-09-16T00:00:00.0 2084-10-16T00:00:00.0 2084-11-16T00:00:00.0 2084-12-16T00:00:00.0</timePositionList>
                                       </SpatialOrTemporalPositionList>
                                    </coordAxisValues>
                                    <gridAxesSpanned>time</gridAxesSpanned>
                                    <sequenceRule axisOrder="+1">Linear</sequenceRule>
                                 </GridOrdinateDescription>
                              </gridOrdinate>
                              <gridOrdinate>
                                 <GridOrdinateDescription>
                                    <coordAxisLabel>latitude</coordAxisLabel>
                                    <coordAxisValues xlink:href="#Su1lt1OO" xlink:show="embed" xlink:arcrole="coordinateList" xlink:role="http://ndg.nerc.ac.uk/fileFormat/csmlStorageDescriptor">
                                       <SpatialOrTemporalPositionList gml:id="AfXy8J6e">
                                          <coordinateList></coordinateList>
                                       </SpatialOrTemporalPositionList>
                                    </coordAxisValues>
                                    <gridAxesSpanned>latitude</gridAxesSpanned>
                                    <sequenceRule axisOrder="+1">Linear</sequenceRule>
                                 </GridOrdinateDescription>
                              </gridOrdinate>
                              <gridOrdinate>
                                 <GridOrdinateDescription>
                                    <coordAxisLabel>longitude</coordAxisLabel>
                                    <coordAxisValues xlink:href="#YCuMcV7o" xlink:show="embed" xlink:arcrole="coordinateList" xlink:role="http://ndg.nerc.ac.uk/fileFormat/csmlStorageDescriptor">
                                       <SpatialOrTemporalPositionList gml:id="NtmImLHY">
                                          <coordinateList></coordinateList>
                                       </SpatialOrTemporalPositionList>
                                    </coordAxisValues>
                                    <gridAxesSpanned>longitude</gridAxesSpanned>
                                    <sequenceRule axisOrder="+1">Linear</sequenceRule>
                                 </GridOrdinateDescription>
                              </gridOrdinate>
                           </GridCoordinatesTable>
                        </coordTransformTable>
                     </GridSeriesDomain>
                  </gridSeriesDomain>
                  <gml:rangeSet>
                     <gml:ValueArray gml:id="TxRtTF5J">
                        <gml:valueComponent xlink:href="#MJxIeyyO" xlink:show="embed" xlink:arcrole="QuantityList" xlink:role="http://ndg.nerc.ac.uk/fileFormat/csmlStorageDescriptor">
                           <gml:QuantityList uom="m.s-1"></gml:QuantityList>
                        </gml:valueComponent>
                     </gml:ValueArray>
                  </gml:rangeSet>
               </GridSeriesCoverage>
            </value>
            <parameter xlink:href="http://cfconventions.org/standard_names/eastward_wind_anomaly"></parameter>
         </GridSeriesFeature>
      </featureMember>
      <featureMember>
         <GridSeriesFeature gml:id="northward_wind_anomaly">
            <gml:description>missing description</gml:description>
            <gml:name>northward_wind_anomaly</gml:name>
            <gml:boundedBy>
               <gml:EnvelopeWithTimePeriod srsName="WGS84">
                  <gml:lowerCorner>0.0 -89.2586746216</gml:lowerCorner>
                  <gml:upperCorner>360.0 89.2586746216</gml:upperCorner>
                  <gml:beginPosition>2024-01-16T00:00:00.0</gml:beginPosition>
                  <gml:endPosition>2084-12-16T00:00:00.0</gml:endPosition>
               </gml:EnvelopeWithTimePeriod>
            </gml:boundedBy>
            <value>
               <GridSeriesCoverage gml:id="XphGrd47">
                  <gridSeriesDomain>
                     <GridSeriesDomain srsName="ndg:crs:lonlatt" uomLabels="degree_east degree_north days_since_2010-01-01" gml:id="KoaGmqJa" axisLabels="longitude latitude time" dimension="3" srsDimension="3">
                        <limits>
                           <gml:GridEnvelope>
                              <gml:low>0 0 0</gml:low>
                              <gml:high>0 0 0</gml:high>
                           </gml:GridEnvelope>
                        </limits>
                        <axisLabels>time latitude longitude</axisLabels>
                        <coordTransformTable>
                           <GridCoordinatesTable>
                              <gridOrdinate>
                                 <GridOrdinateDescription>
                                    <coordAxisLabel>time</coordAxisLabel>
                                    <coordAxisValues>
                                       <SpatialOrTemporalPositionList gml:id="Ix2J4L68">
                                          <timePositionList frame="ndg:standard">2024-01-16T00:00:00.0 2024-02-16T00:00:00.0 2024-03-16T00:00:00.0 2024-04-16T00:00:00.0 2024-05-16T00:00:00.0 2024-06-16T00:00:00.0 2024-07-16T00:00:00.0 2024-08-16T00:00:00.0 2024-09-16T00:00:00.0 2024-10-16T00:00:00.0 2024-11-16T00:00:00.0 2024-12-16T00:00:00.0 2054-01-16T00:00:00.0 2054-02-16T00:00:00.0 2054-03-16T00:00:00.0 2054-04-16T00:00:00.0 2054-05-16T00:00:00.0 2054-06-16T00:00:00.0 2054-07-16T00:00:00.0 2054-08-16T00:00:00.0 2054-09-16T00:00:00.0 2054-10-16T00:00:00.0 2054-11-16T00:00:00.0 2054-12-16T00:00:00.0 2084-01-16T00:00:00.0 2084-02-16T00:00:00.0 2084-03-16T00:00:00.0 2084-04-16T00:00:00.0 2084-05-16T00:00:00.0 2084-06-16T00:00:00.0 2084-07-16T00:00:00.0 2084-08-16T00:00:00.0 2084-09-16T00:00:00.0 2084-10-16T00:00:00.0 2084-11-16T00:00:00.0 2084-12-16T00:00:00.0</timePositionList>
                                       </SpatialOrTemporalPositionList>
                                    </coordAxisValues>
                                    <gridAxesSpanned>time</gridAxesSpanned>
                                    <sequenceRule axisOrder="+1">Linear</sequenceRule>
                                 </GridOrdinateDescription>
                              </gridOrdinate>
                              <gridOrdinate>
                                 <GridOrdinateDescription>
                                    <coordAxisLabel>latitude</coordAxisLabel>
                                    <coordAxisValues xlink:href="#HBSwkT37" xlink:show="embed" xlink:arcrole="coordinateList" xlink:role="http://ndg.nerc.ac.uk/fileFormat/csmlStorageDescriptor">
                                       <SpatialOrTemporalPositionList gml:id="EEljjiUV">
                                          <coordinateList></coordinateList>
                                       </SpatialOrTemporalPositionList>
                                    </coordAxisValues>
                                    <gridAxesSpanned>latitude</gridAxesSpanned>
                                    <sequenceRule axisOrder="+1">Linear</sequenceRule>
                                 </GridOrdinateDescription>
                              </gridOrdinate>
                              <gridOrdinate>
                                 <GridOrdinateDescription>
                                    <coordAxisLabel>longitude</coordAxisLabel>
                                    <coordAxisValues xlink:href="#EevV6cNl" xlink:show="embed" xlink:arcrole="coordinateList" xlink:role="http://ndg.nerc.ac.uk/fileFormat/csmlStorageDescriptor">
                                       <SpatialOrTemporalPositionList gml:id="IJHuzO4R">
                                          <coordinateList></coordinateList>
                                       </SpatialOrTemporalPositionList>
                                    </coordAxisValues>
                                    <gridAxesSpanned>longitude</gridAxesSpanned>
                                    <sequenceRule axisOrder="+1">Linear</sequenceRule>
                                 </GridOrdinateDescription>
                              </gridOrdinate>
                           </GridCoordinatesTable>
                        </coordTransformTable>
                     </GridSeriesDomain>
                  </gridSeriesDomain>
                  <gml:rangeSet>
                     <gml:ValueArray gml:id="QICzTd90">
                        <gml:valueComponent xlink:href="#NSzuYvdB" xlink:show="embed" xlink:arcrole="QuantityList" xlink:role="http://ndg.nerc.ac.uk/fileFormat/csmlStorageDescriptor">
                           <gml:QuantityList uom="m.s-1"></gml:QuantityList>
                        </gml:valueComponent>
                     </gml:ValueArray>
                  </gml:rangeSet>
               </GridSeriesCoverage>
            </value>
            <parameter xlink:href="http://cfconventions.org/standard_names/northward_wind_anomaly"></parameter>
         </GridSeriesFeature>
      </featureMember>
   </CSMLFeatureCollection>
   <CSMLStorageDescriptor>
      <descriptor>
         <NetCDFExtract id="SQQQi8fA">
            <arraySize>64</arraySize>
            <fileName>/badc/ipcc-ddc/data/netcdf/ar4_v2/huss/CGHR_SRA1B_1_huss-change_2010-2039.nc</fileName>
            <variableName>latitude</variableName>
         </NetCDFExtract>
      </descriptor>
      <descriptor>
         <NetCDFExtract id="Vy8lAaB1">
            <arraySize>2</arraySize>
            <fileName>/badc/ipcc-ddc/data/netcdf/ar4_v2/huss/CGHR_SRA1B_1_huss-change_2010-2039.nc</fileName>
            <variableName>bounds</variableName>
         </NetCDFExtract>
      </descriptor>
      <descriptor>
         <NetCDFExtract id="YmAIVY2G">
            <arraySize>128</arraySize>
            <fileName>/badc/ipcc-ddc/data/netcdf/ar4_v2/huss/CGHR_SRA1B_1_huss-change_2010-2039.nc</fileName>
            <variableName>longitude</variableName>
         </NetCDFExtract>
      </descriptor>
      <descriptor>
         <NetCDFExtract id="MbLITors">
            <arraySize>12</arraySize>
            <fileName>/badc/ipcc-ddc/data/netcdf/ar4_v2/huss/CGHR_SRA1B_1_huss-change_2010-2039.nc</fileName>
            <variableName>time</variableName>
         </NetCDFExtract>
      </descriptor>
      <descriptor>
         <NetCDFExtract id="Hg4L3hWO">
            <arraySize>64</arraySize>
            <fileName>/badc/ipcc-ddc/data/netcdf/ar4_v2/pr/CGHR_SRA1B_1_pr-change_2010-2039.nc</fileName>
            <variableName>latitude</variableName>
         </NetCDFExtract>
      </descriptor>
      <descriptor>
         <NetCDFExtract id="QgGYBWPb">
            <arraySize>2</arraySize>
            <fileName>/badc/ipcc-ddc/data/netcdf/ar4_v2/pr/CGHR_SRA1B_1_pr-change_2010-2039.nc</fileName>
            <variableName>bounds</variableName>
         </NetCDFExtract>
      </descriptor>
      <descriptor>
         <NetCDFExtract id="Qaq473TE">
            <arraySize>128</arraySize>
            <fileName>/badc/ipcc-ddc/data/netcdf/ar4_v2/pr/CGHR_SRA1B_1_pr-change_2010-2039.nc</fileName>
            <variableName>longitude</variableName>
         </NetCDFExtract>
      </descriptor>
      <descriptor>
         <NetCDFExtract id="B47ztkW6">
            <arraySize>12</arraySize>
            <fileName>/badc/ipcc-ddc/data/netcdf/ar4_v2/pr/CGHR_SRA1B_1_pr-change_2010-2039.nc</fileName>
            <variableName>time</variableName>
         </NetCDFExtract>
      </descriptor>
      <descriptor>
         <NetCDFExtract id="IRkm8TT8">
            <arraySize>64</arraySize>
            <fileName>/badc/ipcc-ddc/data/netcdf/ar4_v2/rsds/CGHR_SRA1B_1_rsds-change_2010-2039.nc</fileName>
            <variableName>latitude</variableName>
         </NetCDFExtract>
      </descriptor>
      <descriptor>
         <NetCDFExtract id="LbLC0efI">
            <arraySize>2</arraySize>
            <fileName>/badc/ipcc-ddc/data/netcdf/ar4_v2/rsds/CGHR_SRA1B_1_rsds-change_2010-2039.nc</fileName>
            <variableName>bounds</variableName>
         </NetCDFExtract>
      </descriptor>
      <descriptor>
         <NetCDFExtract id="BlmscNAl">
            <arraySize>128</arraySize>
            <fileName>/badc/ipcc-ddc/data/netcdf/ar4_v2/rsds/CGHR_SRA1B_1_rsds-change_2010-2039.nc</fileName>
            <variableName>longitude</variableName>
         </NetCDFExtract>
      </descriptor>
      <descriptor>
         <NetCDFExtract id="HSYh3YQN">
            <arraySize>12</arraySize>
            <fileName>/badc/ipcc-ddc/data/netcdf/ar4_v2/rsds/CGHR_SRA1B_1_rsds-change_2010-2039.nc</fileName>
            <variableName>time</variableName>
         </NetCDFExtract>
      </descriptor>
      <descriptor>
         <NetCDFExtract id="PZG56AI0">
            <arraySize>64</arraySize>
            <fileName>/badc/ipcc-ddc/data/netcdf/ar4_v2/tas/CGHR_SRA1B_1_tas-change_2010-2039.nc</fileName>
            <variableName>latitude</variableName>
         </NetCDFExtract>
      </descriptor>
      <descriptor>
         <NetCDFExtract id="OVcBPMRf">
            <arraySize>2</arraySize>
            <fileName>/badc/ipcc-ddc/data/netcdf/ar4_v2/tas/CGHR_SRA1B_1_tas-change_2010-2039.nc</fileName>
            <variableName>bounds</variableName>
         </NetCDFExtract>
      </descriptor>
      <descriptor>
         <NetCDFExtract id="EYcWvIhS">
            <arraySize>128</arraySize>
            <fileName>/badc/ipcc-ddc/data/netcdf/ar4_v2/tas/CGHR_SRA1B_1_tas-change_2010-2039.nc</fileName>
            <variableName>longitude</variableName>
         </NetCDFExtract>
      </descriptor>
      <descriptor>
         <NetCDFExtract id="WS45BWvB">
            <arraySize>12</arraySize>
            <fileName>/badc/ipcc-ddc/data/netcdf/ar4_v2/tas/CGHR_SRA1B_1_tas-change_2010-2039.nc</fileName>
            <variableName>time</variableName>
         </NetCDFExtract>
      </descriptor>
      <descriptor>
         <NetCDFExtract id="Su1lt1OO">
            <arraySize>64</arraySize>
            <fileName>/badc/ipcc-ddc/data/netcdf/ar4_v2/uas/CGHR_SRA1B_1_uas-change_2070-2099.nc</fileName>
            <variableName>latitude</variableName>
         </NetCDFExtract>
      </descriptor>
      <descriptor>
         <NetCDFExtract id="IlEOE40o">
            <arraySize>2</arraySize>
            <fileName>/badc/ipcc-ddc/data/netcdf/ar4_v2/uas/CGHR_SRA1B_1_uas-change_2070-2099.nc</fileName>
            <variableName>bounds</variableName>
         </NetCDFExtract>
      </descriptor>
      <descriptor>
         <NetCDFExtract id="YCuMcV7o">
            <arraySize>128</arraySize>
            <fileName>/badc/ipcc-ddc/data/netcdf/ar4_v2/uas/CGHR_SRA1B_1_uas-change_2070-2099.nc</fileName>
            <variableName>longitude</variableName>
         </NetCDFExtract>
      </descriptor>
      <descriptor>
         <NetCDFExtract id="HN6gm7GS">
            <arraySize>12</arraySize>
            <fileName>/badc/ipcc-ddc/data/netcdf/ar4_v2/uas/CGHR_SRA1B_1_uas-change_2070-2099.nc</fileName>
            <variableName>time</variableName>
         </NetCDFExtract>
      </descriptor>
      <descriptor>
         <NetCDFExtract id="HBSwkT37">
            <arraySize>64</arraySize>
            <fileName>/badc/ipcc-ddc/data/netcdf/ar4_v2/vas/CGHR_SRA1B_1_vas-change_2010-2039.nc</fileName>
            <variableName>latitude</variableName>
         </NetCDFExtract>
      </descriptor>
      <descriptor>
         <NetCDFExtract id="LEztt7Bx">
            <arraySize>2</arraySize>
            <fileName>/badc/ipcc-ddc/data/netcdf/ar4_v2/vas/CGHR_SRA1B_1_vas-change_2010-2039.nc</fileName>
            <variableName>bounds</variableName>
         </NetCDFExtract>
      </descriptor>
      <descriptor>
         <NetCDFExtract id="EevV6cNl">
            <arraySize>128</arraySize>
            <fileName>/badc/ipcc-ddc/data/netcdf/ar4_v2/vas/CGHR_SRA1B_1_vas-change_2010-2039.nc</fileName>
            <variableName>longitude</variableName>
         </NetCDFExtract>
      </descriptor>
      <descriptor>
         <NetCDFExtract id="AoMqtAeu">
            <arraySize>12</arraySize>
            <fileName>/badc/ipcc-ddc/data/netcdf/ar4_v2/vas/CGHR_SRA1B_1_vas-change_2010-2039.nc</fileName>
            <variableName>time</variableName>
         </NetCDFExtract>
      </descriptor>
      <descriptor>
         <AggregatedArray id="HLQ3pxPO">
            <arraySize>98304</arraySize>
            <uom>1</uom>
            <aggType>new</aggType>
            <aggIndex>1</aggIndex>
            <component>
               <NetCDFExtract>
                  <arraySize>12  64  128</arraySize>
                  <fileList>
                     <FileList id="UitryDm9">
                        <fileNames>/badc/ipcc-ddc/data/netcdf/ar4_v2/huss/CGHR_SRA1B_1_huss-change_2010-2039.nc /badc/ipcc-ddc/data/netcdf/ar4_v2/huss/CGHR_SRA1B_1_huss-change_2040-2069.nc /badc/ipcc-ddc/data/netcdf/ar4_v2/huss/CGHR_SRA1B_1_huss-change_2070-2099.nc</fileNames>
                     </FileList>
                  </fileList>
                  <variableName>specific_humidity_anomaly</variableName>
               </NetCDFExtract>
            </component>
         </AggregatedArray>
      </descriptor>
      <descriptor>
         <AggregatedArray id="BTklRYR9">
            <arraySize>98304</arraySize>
            <uom>kg.m-2.s-1</uom>
            <aggType>new</aggType>
            <aggIndex>1</aggIndex>
            <component>
               <NetCDFExtract>
                  <arraySize>12  64  128</arraySize>
                  <fileList>
                     <FileList id="LOfSejWd">
                        <fileNames>/badc/ipcc-ddc/data/netcdf/ar4_v2/pr/CGHR_SRA1B_1_pr-change_2010-2039.nc /badc/ipcc-ddc/data/netcdf/ar4_v2/pr/CGHR_SRA1B_1_pr-change_2040-2069.nc /badc/ipcc-ddc/data/netcdf/ar4_v2/pr/CGHR_SRA1B_1_pr-change_2070-2099.nc</fileNames>
                     </FileList>
                  </fileList>
                  <variableName>precipitation_flux_anomaly</variableName>
               </NetCDFExtract>
            </component>
         </AggregatedArray>
      </descriptor>
      <descriptor>
         <AggregatedArray id="QWfFLIru">
            <arraySize>98304</arraySize>
            <uom>W.m-2</uom>
            <aggType>new</aggType>
            <aggIndex>1</aggIndex>
            <component>
               <NetCDFExtract>
                  <arraySize>12  64  128</arraySize>
                  <fileList>
                     <FileList id="HPKF78pz">
                        <fileNames>/badc/ipcc-ddc/data/netcdf/ar4_v2/rsds/CGHR_SRA1B_1_rsds-change_2010-2039.nc /badc/ipcc-ddc/data/netcdf/ar4_v2/rsds/CGHR_SRA1B_1_rsds-change_2040-2069.nc /badc/ipcc-ddc/data/netcdf/ar4_v2/rsds/CGHR_SRA1B_1_rsds-change_2070-2099.nc</fileNames>
                     </FileList>
                  </fileList>
                  <variableName>surface_downwelling_shortwave_flux_in_air_anomaly</variableName>
               </NetCDFExtract>
            </component>
         </AggregatedArray>
      </descriptor>
      <descriptor>
         <AggregatedArray id="ZVcfs0Ub">
            <arraySize>98304</arraySize>
            <uom>K</uom>
            <aggType>new</aggType>
            <aggIndex>1</aggIndex>
            <component>
               <NetCDFExtract>
                  <arraySize>12  64  128</arraySize>
                  <fileList>
                     <FileList id="D7boBFJo">
                        <fileNames>/badc/ipcc-ddc/data/netcdf/ar4_v2/tas/CGHR_SRA1B_1_tas-change_2010-2039.nc /badc/ipcc-ddc/data/netcdf/ar4_v2/tas/CGHR_SRA1B_1_tas-change_2040-2069.nc /badc/ipcc-ddc/data/netcdf/ar4_v2/tas/CGHR_SRA1B_1_tas-change_2070-2099.nc</fileNames>
                     </FileList>
                  </fileList>
                  <variableName>air_temperature_anomaly</variableName>
               </NetCDFExtract>
            </component>
         </AggregatedArray>
      </descriptor>
      <descriptor>
         <AggregatedArray id="MJxIeyyO">
            <arraySize>98304</arraySize>
            <uom>m.s-1</uom>
            <aggType>new</aggType>
            <aggIndex>1</aggIndex>
            <component>
               <NetCDFExtract>
                  <arraySize>12  64  128</arraySize>
                  <fileList>
                     <FileList id="LIHdpdzr">
                        <fileNames>/badc/ipcc-ddc/data/netcdf/ar4_v2/uas/CGHR_SRA1B_1_uas-change_2010-2039.nc /badc/ipcc-ddc/data/netcdf/ar4_v2/uas/CGHR_SRA1B_1_uas-change_2040-2069.nc /badc/ipcc-ddc/data/netcdf/ar4_v2/uas/CGHR_SRA1B_1_uas-change_2070-2099.nc</fileNames>
                     </FileList>
                  </fileList>
                  <variableName>eastward_wind_anomaly</variableName>
               </NetCDFExtract>
            </component>
         </AggregatedArray>
      </descriptor>
      <descriptor>
         <AggregatedArray id="NSzuYvdB">
            <arraySize>98304</arraySize>
            <uom>m.s-1</uom>
            <aggType>new</aggType>
            <aggIndex>1</aggIndex>
            <component>
               <NetCDFExtract>
                  <arraySize>12  64  128</arraySize>
                  <fileList>
                     <FileList id="D5AEPg9V">
                        <fileNames>/badc/ipcc-ddc/data/netcdf/ar4_v2/vas/CGHR_SRA1B_1_vas-change_2010-2039.nc /badc/ipcc-ddc/data/netcdf/ar4_v2/vas/CGHR_SRA1B_1_vas-change_2040-2069.nc /badc/ipcc-ddc/data/netcdf/ar4_v2/vas/CGHR_SRA1B_1_vas-change_2070-2099.nc</fileNames>
                     </FileList>
                  </fileList>
                  <variableName>northward_wind_anomaly</variableName>
               </NetCDFExtract>
            </component>
         </AggregatedArray>
      </descriptor>
   </CSMLStorageDescriptor>
</Dataset>