<?xml version="1.0" encoding="UTF-8"?><Dataset xmlns="http://ndg.nerc.ac.uk/csml"  xmlns:gml="http://www.opengis.net/gml" xmlns:om="http://www.opengis.net/om" xmlns:swe="http://www.opengis.net/swe"  xmlns:xsi="http://www.w3.org/2001/XMLSchema-instance" xmlns:moles="http://ndg.nerc.ac.uk/moles"  xmlns:xlink="http://www.w3.org/1999/xlink" xsi:schemaLocation="http://ndg.nerc.ac.uk/csml/ schemas/csmlDataset.xsd" id="ar4_CSMK3_PICTL_clim_30">
   <name>Scenario: PICTL - Model: CSMK3 - 30 year mean climatology</name>
   <AccessControlPolicy>
      <dgSecurityCondition>
         <moles:effect>allow</moles:effect>
         <moles:simpleCondition>
            <moles:dgAttributeAuthority>http://aa.ceda.rl.ac.uk/</moles:dgAttributeAuthority>
            <moles:attrauthRole>badc</moles:attrauthRole>
         </moles:simpleCondition>
      </dgSecurityCondition>
   </AccessControlPolicy>
   <CSMLFeatureCollection gml:id="KG7KW6Ek">
      <gml:metaDataProperty></gml:metaDataProperty>
      <gml:boundedBy>
         <gml:EnvelopeWithTimePeriod srsName="WGS84">
            <gml:lowerCorner>0.0 -89.5043449402</gml:lowerCorner>
            <gml:upperCorner>360.0 89.5043449402</gml:upperCorner>
            <gml:beginPosition>1886-01-16T00:00:00.0</gml:beginPosition>
            <gml:endPosition>1955-12-16T00:00:00.0</gml:endPosition>
         </gml:EnvelopeWithTimePeriod>
      </gml:boundedBy>
      <featureMember>
         <GridSeriesFeature gml:id="precipitation_flux">
            <gml:description>missing description</gml:description>
            <gml:name>precipitation_flux</gml:name>
            <gml:boundedBy>
               <gml:EnvelopeWithTimePeriod srsName="WGS84">
                  <gml:lowerCorner>0.0 -89.5043449402</gml:lowerCorner>
                  <gml:upperCorner>360.0 89.5043449402</gml:upperCorner>
                  <gml:beginPosition>1886-01-16T00:00:00.0</gml:beginPosition>
                  <gml:endPosition>1955-12-16T00:00:00.0</gml:endPosition>
               </gml:EnvelopeWithTimePeriod>
            </gml:boundedBy>
            <value>
               <GridSeriesCoverage gml:id="DczFXAtU">
                  <gridSeriesDomain>
                     <GridSeriesDomain srsName="ndg:crs:lonlatt" uomLabels="degree_east degree_north days_since_1872-01-01" gml:id="JfGqMMiH" axisLabels="longitude latitude time" dimension="3" srsDimension="3">
                        <limits>
                           <gml:GridEnvelope>
                              <gml:low>0 0 0</gml:low>
                              <gml:high>0 0 0</gml:high>
                           </gml:GridEnvelope>
                        </limits>
                        <axisLabels>time latitude longitude</axisLabels>
                        <coordTransformTable>
                           <GridCoordinatesTable>
                              <gridOrdinate>
                                 <GridOrdinateDescription>
                                    <coordAxisLabel>time</coordAxisLabel>
                                    <coordAxisValues>
                                       <SpatialOrTemporalPositionList gml:id="HsMa2akG">
                                          <timePositionList frame="ndg:standard">1886-01-16T00:00:00.0 1886-02-16T00:00:00.0 1886-03-16T00:00:00.0 1886-04-16T00:00:00.0 1886-05-16T00:00:00.0 1886-06-16T00:00:00.0 1886-07-16T00:00:00.0 1886-08-16T00:00:00.0 1886-09-16T00:00:00.0 1886-10-16T00:00:00.0 1886-11-16T00:00:00.0 1886-12-16T00:00:00.0 1895-01-16T00:00:00.0 1895-02-16T00:00:00.0 1895-03-16T00:00:00.0 1895-04-16T00:00:00.0 1895-05-16T00:00:00.0 1895-06-16T00:00:00.0 1895-07-16T00:00:00.0 1895-08-16T00:00:00.0 1895-09-16T00:00:00.0 1895-10-16T00:00:00.0 1895-11-16T00:00:00.0 1895-12-16T00:00:00.0 1916-01-16T00:00:00.0 1916-02-16T00:00:00.0 1916-03-16T00:00:00.0 1916-04-16T00:00:00.0 1916-05-16T00:00:00.0 1916-06-16T00:00:00.0 1916-07-16T00:00:00.0 1916-08-16T00:00:00.0 1916-09-16T00:00:00.0 1916-10-16T00:00:00.0 1916-11-16T00:00:00.0 1916-12-16T00:00:00.0 1925-01-16T00:00:00.0 1925-02-16T00:00:00.0 1925-03-16T00:00:00.0 1925-04-16T00:00:00.0 1925-05-16T00:00:00.0 1925-06-16T00:00:00.0 1925-07-16T00:00:00.0 1925-08-16T00:00:00.0 1925-09-16T00:00:00.0 1925-10-16T00:00:00.0 1925-11-16T00:00:00.0 1925-12-16T00:00:00.0 1946-01-16T00:00:00.0 1946-02-16T00:00:00.0 1946-03-16T00:00:00.0 1946-04-16T00:00:00.0 1946-05-16T00:00:00.0 1946-06-16T00:00:00.0 1946-07-16T00:00:00.0 1946-08-16T00:00:00.0 1946-09-16T00:00:00.0 1946-10-16T00:00:00.0 1946-11-16T00:00:00.0 1946-12-16T00:00:00.0 1955-01-16T00:00:00.0 1955-02-16T00:00:00.0 1955-03-16T00:00:00.0 1955-04-16T00:00:00.0 1955-05-16T00:00:00.0 1955-06-16T00:00:00.0 1955-07-16T00:00:00.0 1955-08-16T00:00:00.0 1955-09-16T00:00:00.0 1955-10-16T00:00:00.0 1955-11-16T00:00:00.0 1955-12-16T00:00:00.0</timePositionList>
                                       </SpatialOrTemporalPositionList>
                                    </coordAxisValues>
                                    <gridAxesSpanned>time</gridAxesSpanned>
                                    <sequenceRule axisOrder="+1">Linear</sequenceRule>
                                 </GridOrdinateDescription>
                              </gridOrdinate>
                              <gridOrdinate>
                                 <GridOrdinateDescription>
                                    <coordAxisLabel>latitude</coordAxisLabel>
                                    <coordAxisValues xlink:href="#GMjpZdPc" xlink:show="embed" xlink:arcrole="coordinateList" xlink:role="http://ndg.nerc.ac.uk/fileFormat/csmlStorageDescriptor">
                                       <SpatialOrTemporalPositionList gml:id="E1kHfW3L">
                                          <coordinateList></coordinateList>
                                       </SpatialOrTemporalPositionList>
                                    </coordAxisValues>
                                    <gridAxesSpanned>latitude</gridAxesSpanned>
                                    <sequenceRule axisOrder="+1">Linear</sequenceRule>
                                 </GridOrdinateDescription>
                              </gridOrdinate>
                              <gridOrdinate>
                                 <GridOrdinateDescription>
                                    <coordAxisLabel>longitude</coordAxisLabel>
                                    <coordAxisValues xlink:href="#FWozov1S" xlink:show="embed" xlink:arcrole="coordinateList" xlink:role="http://ndg.nerc.ac.uk/fileFormat/csmlStorageDescriptor">
                                       <SpatialOrTemporalPositionList gml:id="YKqorLJu">
                                          <coordinateList></coordinateList>
                                       </SpatialOrTemporalPositionList>
                                    </coordAxisValues>
                                    <gridAxesSpanned>longitude</gridAxesSpanned>
                                    <sequenceRule axisOrder="+1">Linear</sequenceRule>
                                 </GridOrdinateDescription>
                              </gridOrdinate>
                           </GridCoordinatesTable>
                        </coordTransformTable>
                     </GridSeriesDomain>
                  </gridSeriesDomain>
                  <gml:rangeSet>
                     <gml:ValueArray gml:id="R4skzIX2">
                        <gml:valueComponent xlink:href="#N3dFJdhM" xlink:show="embed" xlink:arcrole="QuantityList" xlink:role="http://ndg.nerc.ac.uk/fileFormat/csmlStorageDescriptor">
                           <gml:QuantityList uom="kg.m-2.s-1"></gml:QuantityList>
                        </gml:valueComponent>
                     </gml:ValueArray>
                  </gml:rangeSet>
               </GridSeriesCoverage>
            </value>
            <parameter xlink:href="http://cfconventions.org/standard_names/precipitation_flux"></parameter>
         </GridSeriesFeature>
      </featureMember>
      <featureMember>
         <GridSeriesFeature gml:id="air_pressure_at_sea_level">
            <gml:description>missing description</gml:description>
            <gml:name>air_pressure_at_sea_level</gml:name>
            <gml:boundedBy>
               <gml:EnvelopeWithTimePeriod srsName="WGS84">
                  <gml:lowerCorner>0.0 -89.5043449402</gml:lowerCorner>
                  <gml:upperCorner>360.0 89.5043449402</gml:upperCorner>
                  <gml:beginPosition>1886-01-16T00:00:00.0</gml:beginPosition>
                  <gml:endPosition>1955-12-16T00:00:00.0</gml:endPosition>
               </gml:EnvelopeWithTimePeriod>
            </gml:boundedBy>
            <value>
               <GridSeriesCoverage gml:id="Y7GbmJHo">
                  <gridSeriesDomain>
                     <GridSeriesDomain srsName="ndg:crs:lonlatt" uomLabels="degree_east degree_north days_since_1872-01-01" gml:id="Cma2CKlB" axisLabels="longitude latitude time" dimension="3" srsDimension="3">
                        <limits>
                           <gml:GridEnvelope>
                              <gml:low>0 0 0</gml:low>
                              <gml:high>0 0 0</gml:high>
                           </gml:GridEnvelope>
                        </limits>
                        <axisLabels>time latitude longitude</axisLabels>
                        <coordTransformTable>
                           <GridCoordinatesTable>
                              <gridOrdinate>
                                 <GridOrdinateDescription>
                                    <coordAxisLabel>time</coordAxisLabel>
                                    <coordAxisValues>
                                       <SpatialOrTemporalPositionList gml:id="M0e1NVUD">
                                          <timePositionList frame="ndg:standard">1886-01-16T00:00:00.0 1886-02-16T00:00:00.0 1886-03-16T00:00:00.0 1886-04-16T00:00:00.0 1886-05-16T00:00:00.0 1886-06-16T00:00:00.0 1886-07-16T00:00:00.0 1886-08-16T00:00:00.0 1886-09-16T00:00:00.0 1886-10-16T00:00:00.0 1886-11-16T00:00:00.0 1886-12-16T00:00:00.0 1895-01-16T00:00:00.0 1895-02-16T00:00:00.0 1895-03-16T00:00:00.0 1895-04-16T00:00:00.0 1895-05-16T00:00:00.0 1895-06-16T00:00:00.0 1895-07-16T00:00:00.0 1895-08-16T00:00:00.0 1895-09-16T00:00:00.0 1895-10-16T00:00:00.0 1895-11-16T00:00:00.0 1895-12-16T00:00:00.0 1916-01-16T00:00:00.0 1916-02-16T00:00:00.0 1916-03-16T00:00:00.0 1916-04-16T00:00:00.0 1916-05-16T00:00:00.0 1916-06-16T00:00:00.0 1916-07-16T00:00:00.0 1916-08-16T00:00:00.0 1916-09-16T00:00:00.0 1916-10-16T00:00:00.0 1916-11-16T00:00:00.0 1916-12-16T00:00:00.0 1925-01-16T00:00:00.0 1925-02-16T00:00:00.0 1925-03-16T00:00:00.0 1925-04-16T00:00:00.0 1925-05-16T00:00:00.0 1925-06-16T00:00:00.0 1925-07-16T00:00:00.0 1925-08-16T00:00:00.0 1925-09-16T00:00:00.0 1925-10-16T00:00:00.0 1925-11-16T00:00:00.0 1925-12-16T00:00:00.0 1946-01-16T00:00:00.0 1946-02-16T00:00:00.0 1946-03-16T00:00:00.0 1946-04-16T00:00:00.0 1946-05-16T00:00:00.0 1946-06-16T00:00:00.0 1946-07-16T00:00:00.0 1946-08-16T00:00:00.0 1946-09-16T00:00:00.0 1946-10-16T00:00:00.0 1946-11-16T00:00:00.0 1946-12-16T00:00:00.0 1955-01-16T00:00:00.0 1955-02-16T00:00:00.0 1955-03-16T00:00:00.0 1955-04-16T00:00:00.0 1955-05-16T00:00:00.0 1955-06-16T00:00:00.0 1955-07-16T00:00:00.0 1955-08-16T00:00:00.0 1955-09-16T00:00:00.0 1955-10-16T00:00:00.0 1955-11-16T00:00:00.0 1955-12-16T00:00:00.0</timePositionList>
                                       </SpatialOrTemporalPositionList>
                                    </coordAxisValues>
                                    <gridAxesSpanned>time</gridAxesSpanned>
                                    <sequenceRule axisOrder="+1">Linear</sequenceRule>
                                 </GridOrdinateDescription>
                              </gridOrdinate>
                              <gridOrdinate>
                                 <GridOrdinateDescription>
                                    <coordAxisLabel>latitude</coordAxisLabel>
                                    <coordAxisValues xlink:href="#XiF8zJQ8" xlink:show="embed" xlink:arcrole="coordinateList" xlink:role="http://ndg.nerc.ac.uk/fileFormat/csmlStorageDescriptor">
                                       <SpatialOrTemporalPositionList gml:id="V2GyEzNz">
                                          <coordinateList></coordinateList>
                                       </SpatialOrTemporalPositionList>
                                    </coordAxisValues>
                                    <gridAxesSpanned>latitude</gridAxesSpanned>
                                    <sequenceRule axisOrder="+1">Linear</sequenceRule>
                                 </GridOrdinateDescription>
                              </gridOrdinate>
                              <gridOrdinate>
                                 <GridOrdinateDescription>
                                    <coordAxisLabel>longitude</coordAxisLabel>
                                    <coordAxisValues xlink:href="#KHfwo3FK" xlink:show="embed" xlink:arcrole="coordinateList" xlink:role="http://ndg.nerc.ac.uk/fileFormat/csmlStorageDescriptor">
                                       <SpatialOrTemporalPositionList gml:id="VQbqADfV">
                                          <coordinateList></coordinateList>
                                       </SpatialOrTemporalPositionList>
                                    </coordAxisValues>
                                    <gridAxesSpanned>longitude</gridAxesSpanned>
                                    <sequenceRule axisOrder="+1">Linear</sequenceRule>
                                 </GridOrdinateDescription>
                              </gridOrdinate>
                           </GridCoordinatesTable>
                        </coordTransformTable>
                     </GridSeriesDomain>
                  </gridSeriesDomain>
                  <gml:rangeSet>
                     <gml:ValueArray gml:id="PII7pm4Q">
                        <gml:valueComponent xlink:href="#TqGliexe" xlink:show="embed" xlink:arcrole="QuantityList" xlink:role="http://ndg.nerc.ac.uk/fileFormat/csmlStorageDescriptor">
                           <gml:QuantityList uom="Pa"></gml:QuantityList>
                        </gml:valueComponent>
                     </gml:ValueArray>
                  </gml:rangeSet>
               </GridSeriesCoverage>
            </value>
            <parameter xlink:href="http://cfconventions.org/standard_names/air_pressure_at_sea_level"></parameter>
         </GridSeriesFeature>
      </featureMember>
      <featureMember>
         <GridSeriesFeature gml:id="surface_downwelling_shortwave_flux_in_air">
            <gml:description>missing description</gml:description>
            <gml:name>surface_downwelling_shortwave_flux_in_air</gml:name>
            <gml:boundedBy>
               <gml:EnvelopeWithTimePeriod srsName="WGS84">
                  <gml:lowerCorner>0.0 -89.5043449402</gml:lowerCorner>
                  <gml:upperCorner>360.0 89.5043449402</gml:upperCorner>
                  <gml:beginPosition>1886-01-16T00:00:00.0</gml:beginPosition>
                  <gml:endPosition>1955-12-16T00:00:00.0</gml:endPosition>
               </gml:EnvelopeWithTimePeriod>
            </gml:boundedBy>
            <value>
               <GridSeriesCoverage gml:id="E4f3wR28">
                  <gridSeriesDomain>
                     <GridSeriesDomain srsName="ndg:crs:lonlatt" uomLabels="degree_east degree_north days_since_1872-01-01" gml:id="Sg2nCN11" axisLabels="longitude latitude time" dimension="3" srsDimension="3">
                        <limits>
                           <gml:GridEnvelope>
                              <gml:low>0 0 0</gml:low>
                              <gml:high>0 0 0</gml:high>
                           </gml:GridEnvelope>
                        </limits>
                        <axisLabels>time latitude longitude</axisLabels>
                        <coordTransformTable>
                           <GridCoordinatesTable>
                              <gridOrdinate>
                                 <GridOrdinateDescription>
                                    <coordAxisLabel>time</coordAxisLabel>
                                    <coordAxisValues>
                                       <SpatialOrTemporalPositionList gml:id="CGOKloxj">
                                          <timePositionList frame="ndg:standard">1886-01-16T00:00:00.0 1886-02-16T00:00:00.0 1886-03-16T00:00:00.0 1886-04-16T00:00:00.0 1886-05-16T00:00:00.0 1886-06-16T00:00:00.0 1886-07-16T00:00:00.0 1886-08-16T00:00:00.0 1886-09-16T00:00:00.0 1886-10-16T00:00:00.0 1886-11-16T00:00:00.0 1886-12-16T00:00:00.0 1895-01-16T00:00:00.0 1895-02-16T00:00:00.0 1895-03-16T00:00:00.0 1895-04-16T00:00:00.0 1895-05-16T00:00:00.0 1895-06-16T00:00:00.0 1895-07-16T00:00:00.0 1895-08-16T00:00:00.0 1895-09-16T00:00:00.0 1895-10-16T00:00:00.0 1895-11-16T00:00:00.0 1895-12-16T00:00:00.0 1916-01-16T00:00:00.0 1916-02-16T00:00:00.0 1916-03-16T00:00:00.0 1916-04-16T00:00:00.0 1916-05-16T00:00:00.0 1916-06-16T00:00:00.0 1916-07-16T00:00:00.0 1916-08-16T00:00:00.0 1916-09-16T00:00:00.0 1916-10-16T00:00:00.0 1916-11-16T00:00:00.0 1916-12-16T00:00:00.0 1925-01-16T00:00:00.0 1925-02-16T00:00:00.0 1925-03-16T00:00:00.0 1925-04-16T00:00:00.0 1925-05-16T00:00:00.0 1925-06-16T00:00:00.0 1925-07-16T00:00:00.0 1925-08-16T00:00:00.0 1925-09-16T00:00:00.0 1925-10-16T00:00:00.0 1925-11-16T00:00:00.0 1925-12-16T00:00:00.0 1946-01-16T00:00:00.0 1946-02-16T00:00:00.0 1946-03-16T00:00:00.0 1946-04-16T00:00:00.0 1946-05-16T00:00:00.0 1946-06-16T00:00:00.0 1946-07-16T00:00:00.0 1946-08-16T00:00:00.0 1946-09-16T00:00:00.0 1946-10-16T00:00:00.0 1946-11-16T00:00:00.0 1946-12-16T00:00:00.0 1955-01-16T00:00:00.0 1955-02-16T00:00:00.0 1955-03-16T00:00:00.0 1955-04-16T00:00:00.0 1955-05-16T00:00:00.0 1955-06-16T00:00:00.0 1955-07-16T00:00:00.0 1955-08-16T00:00:00.0 1955-09-16T00:00:00.0 1955-10-16T00:00:00.0 1955-11-16T00:00:00.0 1955-12-16T00:00:00.0</timePositionList>
                                       </SpatialOrTemporalPositionList>
                                    </coordAxisValues>
                                    <gridAxesSpanned>time</gridAxesSpanned>
                                    <sequenceRule axisOrder="+1">Linear</sequenceRule>
                                 </GridOrdinateDescription>
                              </gridOrdinate>
                              <gridOrdinate>
                                 <GridOrdinateDescription>
                                    <coordAxisLabel>latitude</coordAxisLabel>
                                    <coordAxisValues xlink:href="#ZCtBlBDV" xlink:show="embed" xlink:arcrole="coordinateList" xlink:role="http://ndg.nerc.ac.uk/fileFormat/csmlStorageDescriptor">
                                       <SpatialOrTemporalPositionList gml:id="Pm1xofWw">
                                          <coordinateList></coordinateList>
                                       </SpatialOrTemporalPositionList>
                                    </coordAxisValues>
                                    <gridAxesSpanned>latitude</gridAxesSpanned>
                                    <sequenceRule axisOrder="+1">Linear</sequenceRule>
                                 </GridOrdinateDescription>
                              </gridOrdinate>
                              <gridOrdinate>
                                 <GridOrdinateDescription>
                                    <coordAxisLabel>longitude</coordAxisLabel>
                                    <coordAxisValues xlink:href="#PgkkXWRa" xlink:show="embed" xlink:arcrole="coordinateList" xlink:role="http://ndg.nerc.ac.uk/fileFormat/csmlStorageDescriptor">
                                       <SpatialOrTemporalPositionList gml:id="LI6IMQKH">
                                          <coordinateList></coordinateList>
                                       </SpatialOrTemporalPositionList>
                                    </coordAxisValues>
                                    <gridAxesSpanned>longitude</gridAxesSpanned>
                                    <sequenceRule axisOrder="+1">Linear</sequenceRule>
                                 </GridOrdinateDescription>
                              </gridOrdinate>
                           </GridCoordinatesTable>
                        </coordTransformTable>
                     </GridSeriesDomain>
                  </gridSeriesDomain>
                  <gml:rangeSet>
                     <gml:ValueArray gml:id="Z8NVk0t7">
                        <gml:valueComponent xlink:href="#XkA1S9MG" xlink:show="embed" xlink:arcrole="QuantityList" xlink:role="http://ndg.nerc.ac.uk/fileFormat/csmlStorageDescriptor">
                           <gml:QuantityList uom="W.m-2"></gml:QuantityList>
                        </gml:valueComponent>
                     </gml:ValueArray>
                  </gml:rangeSet>
               </GridSeriesCoverage>
            </value>
            <parameter xlink:href="http://cfconventions.org/standard_names/surface_downwelling_shortwave_flux_in_air"></parameter>
         </GridSeriesFeature>
      </featureMember>
      <featureMember>
         <GridSeriesFeature gml:id="air_temperature">
            <gml:description>missing description</gml:description>
            <gml:name>air_temperature</gml:name>
            <gml:boundedBy>
               <gml:EnvelopeWithTimePeriod srsName="WGS84">
                  <gml:lowerCorner>0.0 -89.5043449402</gml:lowerCorner>
                  <gml:upperCorner>360.0 89.5043449402</gml:upperCorner>
                  <gml:beginPosition>1886-01-16T00:00:00.0</gml:beginPosition>
                  <gml:endPosition>1955-12-16T00:00:00.0</gml:endPosition>
               </gml:EnvelopeWithTimePeriod>
            </gml:boundedBy>
            <value>
               <GridSeriesCoverage gml:id="XBOGGez5">
                  <gridSeriesDomain>
                     <GridSeriesDomain srsName="ndg:crs:lonlatt" uomLabels="degree_east degree_north days_since_1872-01-01" gml:id="GM7hb301" axisLabels="longitude latitude time" dimension="3" srsDimension="3">
                        <limits>
                           <gml:GridEnvelope>
                              <gml:low>0 0 0</gml:low>
                              <gml:high>0 0 0</gml:high>
                           </gml:GridEnvelope>
                        </limits>
                        <axisLabels>time latitude longitude</axisLabels>
                        <coordTransformTable>
                           <GridCoordinatesTable>
                              <gridOrdinate>
                                 <GridOrdinateDescription>
                                    <coordAxisLabel>time</coordAxisLabel>
                                    <coordAxisValues>
                                       <SpatialOrTemporalPositionList gml:id="Dk6cyIn7">
                                          <timePositionList frame="ndg:standard">1886-01-16T00:00:00.0 1886-02-16T00:00:00.0 1886-03-16T00:00:00.0 1886-04-16T00:00:00.0 1886-05-16T00:00:00.0 1886-06-16T00:00:00.0 1886-07-16T00:00:00.0 1886-08-16T00:00:00.0 1886-09-16T00:00:00.0 1886-10-16T00:00:00.0 1886-11-16T00:00:00.0 1886-12-16T00:00:00.0 1895-01-16T00:00:00.0 1895-02-16T00:00:00.0 1895-03-16T00:00:00.0 1895-04-16T00:00:00.0 1895-05-16T00:00:00.0 1895-06-16T00:00:00.0 1895-07-16T00:00:00.0 1895-08-16T00:00:00.0 1895-09-16T00:00:00.0 1895-10-16T00:00:00.0 1895-11-16T00:00:00.0 1895-12-16T00:00:00.0 1916-01-16T00:00:00.0 1916-02-16T00:00:00.0 1916-03-16T00:00:00.0 1916-04-16T00:00:00.0 1916-05-16T00:00:00.0 1916-06-16T00:00:00.0 1916-07-16T00:00:00.0 1916-08-16T00:00:00.0 1916-09-16T00:00:00.0 1916-10-16T00:00:00.0 1916-11-16T00:00:00.0 1916-12-16T00:00:00.0 1925-01-16T00:00:00.0 1925-02-16T00:00:00.0 1925-03-16T00:00:00.0 1925-04-16T00:00:00.0 1925-05-16T00:00:00.0 1925-06-16T00:00:00.0 1925-07-16T00:00:00.0 1925-08-16T00:00:00.0 1925-09-16T00:00:00.0 1925-10-16T00:00:00.0 1925-11-16T00:00:00.0 1925-12-16T00:00:00.0 1946-01-16T00:00:00.0 1946-02-16T00:00:00.0 1946-03-16T00:00:00.0 1946-04-16T00:00:00.0 1946-05-16T00:00:00.0 1946-06-16T00:00:00.0 1946-07-16T00:00:00.0 1946-08-16T00:00:00.0 1946-09-16T00:00:00.0 1946-10-16T00:00:00.0 1946-11-16T00:00:00.0 1946-12-16T00:00:00.0 1955-01-16T00:00:00.0 1955-02-16T00:00:00.0 1955-03-16T00:00:00.0 1955-04-16T00:00:00.0 1955-05-16T00:00:00.0 1955-06-16T00:00:00.0 1955-07-16T00:00:00.0 1955-08-16T00:00:00.0 1955-09-16T00:00:00.0 1955-10-16T00:00:00.0 1955-11-16T00:00:00.0 1955-12-16T00:00:00.0</timePositionList>
                                       </SpatialOrTemporalPositionList>
                                    </coordAxisValues>
                                    <gridAxesSpanned>time</gridAxesSpanned>
                                    <sequenceRule axisOrder="+1">Linear</sequenceRule>
                                 </GridOrdinateDescription>
                              </gridOrdinate>
                              <gridOrdinate>
                                 <GridOrdinateDescription>
                                    <coordAxisLabel>latitude</coordAxisLabel>
                                    <coordAxisValues xlink:href="#A0F2T2ew" xlink:show="embed" xlink:arcrole="coordinateList" xlink:role="http://ndg.nerc.ac.uk/fileFormat/csmlStorageDescriptor">
                                       <SpatialOrTemporalPositionList gml:id="VI8XP3Fb">
                                          <coordinateList></coordinateList>
                                       </SpatialOrTemporalPositionList>
                                    </coordAxisValues>
                                    <gridAxesSpanned>latitude</gridAxesSpanned>
                                    <sequenceRule axisOrder="+1">Linear</sequenceRule>
                                 </GridOrdinateDescription>
                              </gridOrdinate>
                              <gridOrdinate>
                                 <GridOrdinateDescription>
                                    <coordAxisLabel>longitude</coordAxisLabel>
                                    <coordAxisValues xlink:href="#TJSVUGcE" xlink:show="embed" xlink:arcrole="coordinateList" xlink:role="http://ndg.nerc.ac.uk/fileFormat/csmlStorageDescriptor">
                                       <SpatialOrTemporalPositionList gml:id="FCIE0jHO">
                                          <coordinateList></coordinateList>
                                       </SpatialOrTemporalPositionList>
                                    </coordAxisValues>
                                    <gridAxesSpanned>longitude</gridAxesSpanned>
                                    <sequenceRule axisOrder="+1">Linear</sequenceRule>
                                 </GridOrdinateDescription>
                              </gridOrdinate>
                           </GridCoordinatesTable>
                        </coordTransformTable>
                     </GridSeriesDomain>
                  </gridSeriesDomain>
                  <gml:rangeSet>
                     <gml:ValueArray gml:id="CQ6GWFVI">
                        <gml:valueComponent xlink:href="#DPM8m5rC" xlink:show="embed" xlink:arcrole="QuantityList" xlink:role="http://ndg.nerc.ac.uk/fileFormat/csmlStorageDescriptor">
                           <gml:QuantityList uom="K"></gml:QuantityList>
                        </gml:valueComponent>
                     </gml:ValueArray>
                  </gml:rangeSet>
               </GridSeriesCoverage>
            </value>
            <parameter xlink:href="http://cfconventions.org/standard_names/air_temperature"></parameter>
         </GridSeriesFeature>
      </featureMember>
      <featureMember>
         <GridSeriesFeature gml:id="air_temperature_daily_max">
            <gml:description>missing description</gml:description>
            <gml:name>air_temperature_daily_max</gml:name>
            <gml:boundedBy>
               <gml:EnvelopeWithTimePeriod srsName="WGS84">
                  <gml:lowerCorner>0.0 -89.5043449402</gml:lowerCorner>
                  <gml:upperCorner>360.0 89.5043449402</gml:upperCorner>
                  <gml:beginPosition>1886-01-16T00:00:00.0</gml:beginPosition>
                  <gml:endPosition>1955-12-16T00:00:00.0</gml:endPosition>
               </gml:EnvelopeWithTimePeriod>
            </gml:boundedBy>
            <value>
               <GridSeriesCoverage gml:id="MVwjDQL3">
                  <gridSeriesDomain>
                     <GridSeriesDomain srsName="ndg:crs:lonlatt" uomLabels="degree_east degree_north days_since_1872-01-01" gml:id="HiUhSwfu" axisLabels="longitude latitude time" dimension="3" srsDimension="3">
                        <limits>
                           <gml:GridEnvelope>
                              <gml:low>0 0 0</gml:low>
                              <gml:high>0 0 0</gml:high>
                           </gml:GridEnvelope>
                        </limits>
                        <axisLabels>time latitude longitude</axisLabels>
                        <coordTransformTable>
                           <GridCoordinatesTable>
                              <gridOrdinate>
                                 <GridOrdinateDescription>
                                    <coordAxisLabel>time</coordAxisLabel>
                                    <coordAxisValues>
                                       <SpatialOrTemporalPositionList gml:id="A8xQte3X">
                                          <timePositionList frame="ndg:standard">1886-01-16T00:00:00.0 1886-02-16T00:00:00.0 1886-03-16T00:00:00.0 1886-04-16T00:00:00.0 1886-05-16T00:00:00.0 1886-06-16T00:00:00.0 1886-07-16T00:00:00.0 1886-08-16T00:00:00.0 1886-09-16T00:00:00.0 1886-10-16T00:00:00.0 1886-11-16T00:00:00.0 1886-12-16T00:00:00.0 1895-01-16T00:00:00.0 1895-02-16T00:00:00.0 1895-03-16T00:00:00.0 1895-04-16T00:00:00.0 1895-05-16T00:00:00.0 1895-06-16T00:00:00.0 1895-07-16T00:00:00.0 1895-08-16T00:00:00.0 1895-09-16T00:00:00.0 1895-10-16T00:00:00.0 1895-11-16T00:00:00.0 1895-12-16T00:00:00.0 1916-01-16T00:00:00.0 1916-02-16T00:00:00.0 1916-03-16T00:00:00.0 1916-04-16T00:00:00.0 1916-05-16T00:00:00.0 1916-06-16T00:00:00.0 1916-07-16T00:00:00.0 1916-08-16T00:00:00.0 1916-09-16T00:00:00.0 1916-10-16T00:00:00.0 1916-11-16T00:00:00.0 1916-12-16T00:00:00.0 1925-01-16T00:00:00.0 1925-02-16T00:00:00.0 1925-03-16T00:00:00.0 1925-04-16T00:00:00.0 1925-05-16T00:00:00.0 1925-06-16T00:00:00.0 1925-07-16T00:00:00.0 1925-08-16T00:00:00.0 1925-09-16T00:00:00.0 1925-10-16T00:00:00.0 1925-11-16T00:00:00.0 1925-12-16T00:00:00.0 1946-01-16T00:00:00.0 1946-02-16T00:00:00.0 1946-03-16T00:00:00.0 1946-04-16T00:00:00.0 1946-05-16T00:00:00.0 1946-06-16T00:00:00.0 1946-07-16T00:00:00.0 1946-08-16T00:00:00.0 1946-09-16T00:00:00.0 1946-10-16T00:00:00.0 1946-11-16T00:00:00.0 1946-12-16T00:00:00.0 1955-01-16T00:00:00.0 1955-02-16T00:00:00.0 1955-03-16T00:00:00.0 1955-04-16T00:00:00.0 1955-05-16T00:00:00.0 1955-06-16T00:00:00.0 1955-07-16T00:00:00.0 1955-08-16T00:00:00.0 1955-09-16T00:00:00.0 1955-10-16T00:00:00.0 1955-11-16T00:00:00.0 1955-12-16T00:00:00.0</timePositionList>
                                       </SpatialOrTemporalPositionList>
                                    </coordAxisValues>
                                    <gridAxesSpanned>time</gridAxesSpanned>
                                    <sequenceRule axisOrder="+1">Linear</sequenceRule>
                                 </GridOrdinateDescription>
                              </gridOrdinate>
                              <gridOrdinate>
                                 <GridOrdinateDescription>
                                    <coordAxisLabel>latitude</coordAxisLabel>
                                    <coordAxisValues xlink:href="#Bi0XeU2G" xlink:show="embed" xlink:arcrole="coordinateList" xlink:role="http://ndg.nerc.ac.uk/fileFormat/csmlStorageDescriptor">
                                       <SpatialOrTemporalPositionList gml:id="ZC8XMKux">
                                          <coordinateList></coordinateList>
                                       </SpatialOrTemporalPositionList>
                                    </coordAxisValues>
                                    <gridAxesSpanned>latitude</gridAxesSpanned>
                                    <sequenceRule axisOrder="+1">Linear</sequenceRule>
                                 </GridOrdinateDescription>
                              </gridOrdinate>
                              <gridOrdinate>
                                 <GridOrdinateDescription>
                                    <coordAxisLabel>longitude</coordAxisLabel>
                                    <coordAxisValues xlink:href="#Mwc1XPge" xlink:show="embed" xlink:arcrole="coordinateList" xlink:role="http://ndg.nerc.ac.uk/fileFormat/csmlStorageDescriptor">
                                       <SpatialOrTemporalPositionList gml:id="D5aI2RAa">
                                          <coordinateList></coordinateList>
                                       </SpatialOrTemporalPositionList>
                                    </coordAxisValues>
                                    <gridAxesSpanned>longitude</gridAxesSpanned>
                                    <sequenceRule axisOrder="+1">Linear</sequenceRule>
                                 </GridOrdinateDescription>
                              </gridOrdinate>
                           </GridCoordinatesTable>
                        </coordTransformTable>
                     </GridSeriesDomain>
                  </gridSeriesDomain>
                  <gml:rangeSet>
                     <gml:ValueArray gml:id="U87d1xr1">
                        <gml:valueComponent xlink:href="#NL2tpbbf" xlink:show="embed" xlink:arcrole="QuantityList" xlink:role="http://ndg.nerc.ac.uk/fileFormat/csmlStorageDescriptor">
                           <gml:QuantityList uom="K"></gml:QuantityList>
                        </gml:valueComponent>
                     </gml:ValueArray>
                  </gml:rangeSet>
               </GridSeriesCoverage>
            </value>
            <parameter xlink:href="http://cfconventions.org/standard_names/air_temperature"></parameter>
         </GridSeriesFeature>
      </featureMember>
      <featureMember>
         <GridSeriesFeature gml:id="air_temperature_daily_min">
            <gml:description>missing description</gml:description>
            <gml:name>air_temperature_daily_min</gml:name>
            <gml:boundedBy>
               <gml:EnvelopeWithTimePeriod srsName="WGS84">
                  <gml:lowerCorner>0.0 -89.5043449402</gml:lowerCorner>
                  <gml:upperCorner>360.0 89.5043449402</gml:upperCorner>
                  <gml:beginPosition>1886-01-16T00:00:00.0</gml:beginPosition>
                  <gml:endPosition>1955-12-16T00:00:00.0</gml:endPosition>
               </gml:EnvelopeWithTimePeriod>
            </gml:boundedBy>
            <value>
               <GridSeriesCoverage gml:id="Id7CXYkk">
                  <gridSeriesDomain>
                     <GridSeriesDomain srsName="ndg:crs:lonlatt" uomLabels="degree_east degree_north days_since_1872-01-01" gml:id="WrudKj78" axisLabels="longitude latitude time" dimension="3" srsDimension="3">
                        <limits>
                           <gml:GridEnvelope>
                              <gml:low>0 0 0</gml:low>
                              <gml:high>0 0 0</gml:high>
                           </gml:GridEnvelope>
                        </limits>
                        <axisLabels>time latitude longitude</axisLabels>
                        <coordTransformTable>
                           <GridCoordinatesTable>
                              <gridOrdinate>
                                 <GridOrdinateDescription>
                                    <coordAxisLabel>time</coordAxisLabel>
                                    <coordAxisValues>
                                       <SpatialOrTemporalPositionList gml:id="MuMAaeeo">
                                          <timePositionList frame="ndg:standard">1886-01-16T00:00:00.0 1886-02-16T00:00:00.0 1886-03-16T00:00:00.0 1886-04-16T00:00:00.0 1886-05-16T00:00:00.0 1886-06-16T00:00:00.0 1886-07-16T00:00:00.0 1886-08-16T00:00:00.0 1886-09-16T00:00:00.0 1886-10-16T00:00:00.0 1886-11-16T00:00:00.0 1886-12-16T00:00:00.0 1895-01-16T00:00:00.0 1895-02-16T00:00:00.0 1895-03-16T00:00:00.0 1895-04-16T00:00:00.0 1895-05-16T00:00:00.0 1895-06-16T00:00:00.0 1895-07-16T00:00:00.0 1895-08-16T00:00:00.0 1895-09-16T00:00:00.0 1895-10-16T00:00:00.0 1895-11-16T00:00:00.0 1895-12-16T00:00:00.0 1916-01-16T00:00:00.0 1916-02-16T00:00:00.0 1916-03-16T00:00:00.0 1916-04-16T00:00:00.0 1916-05-16T00:00:00.0 1916-06-16T00:00:00.0 1916-07-16T00:00:00.0 1916-08-16T00:00:00.0 1916-09-16T00:00:00.0 1916-10-16T00:00:00.0 1916-11-16T00:00:00.0 1916-12-16T00:00:00.0 1925-01-16T00:00:00.0 1925-02-16T00:00:00.0 1925-03-16T00:00:00.0 1925-04-16T00:00:00.0 1925-05-16T00:00:00.0 1925-06-16T00:00:00.0 1925-07-16T00:00:00.0 1925-08-16T00:00:00.0 1925-09-16T00:00:00.0 1925-10-16T00:00:00.0 1925-11-16T00:00:00.0 1925-12-16T00:00:00.0 1946-01-16T00:00:00.0 1946-02-16T00:00:00.0 1946-03-16T00:00:00.0 1946-04-16T00:00:00.0 1946-05-16T00:00:00.0 1946-06-16T00:00:00.0 1946-07-16T00:00:00.0 1946-08-16T00:00:00.0 1946-09-16T00:00:00.0 1946-10-16T00:00:00.0 1946-11-16T00:00:00.0 1946-12-16T00:00:00.0 1955-01-16T00:00:00.0 1955-02-16T00:00:00.0 1955-03-16T00:00:00.0 1955-04-16T00:00:00.0 1955-05-16T00:00:00.0 1955-06-16T00:00:00.0 1955-07-16T00:00:00.0 1955-08-16T00:00:00.0 1955-09-16T00:00:00.0 1955-10-16T00:00:00.0 1955-11-16T00:00:00.0 1955-12-16T00:00:00.0</timePositionList>
                                       </SpatialOrTemporalPositionList>
                                    </coordAxisValues>
                                    <gridAxesSpanned>time</gridAxesSpanned>
                                    <sequenceRule axisOrder="+1">Linear</sequenceRule>
                                 </GridOrdinateDescription>
                              </gridOrdinate>
                              <gridOrdinate>
                                 <GridOrdinateDescription>
                                    <coordAxisLabel>latitude</coordAxisLabel>
                                    <coordAxisValues xlink:href="#Or00eWE6" xlink:show="embed" xlink:arcrole="coordinateList" xlink:role="http://ndg.nerc.ac.uk/fileFormat/csmlStorageDescriptor">
                                       <SpatialOrTemporalPositionList gml:id="RY2nYmiG">
                                          <coordinateList></coordinateList>
                                       </SpatialOrTemporalPositionList>
                                    </coordAxisValues>
                                    <gridAxesSpanned>latitude</gridAxesSpanned>
                                    <sequenceRule axisOrder="+1">Linear</sequenceRule>
                                 </GridOrdinateDescription>
                              </gridOrdinate>
                              <gridOrdinate>
                                 <GridOrdinateDescription>
                                    <coordAxisLabel>longitude</coordAxisLabel>
                                    <coordAxisValues xlink:href="#EhbgBMqE" xlink:show="embed" xlink:arcrole="coordinateList" xlink:role="http://ndg.nerc.ac.uk/fileFormat/csmlStorageDescriptor">
                                       <SpatialOrTemporalPositionList gml:id="OuwBCdmF">
                                          <coordinateList></coordinateList>
                                       </SpatialOrTemporalPositionList>
                                    </coordAxisValues>
                                    <gridAxesSpanned>longitude</gridAxesSpanned>
                                    <sequenceRule axisOrder="+1">Linear</sequenceRule>
                                 </GridOrdinateDescription>
                              </gridOrdinate>
                           </GridCoordinatesTable>
                        </coordTransformTable>
                     </GridSeriesDomain>
                  </gridSeriesDomain>
                  <gml:rangeSet>
                     <gml:ValueArray gml:id="MBWbCmse">
                        <gml:valueComponent xlink:href="#SjsN9XkA" xlink:show="embed" xlink:arcrole="QuantityList" xlink:role="http://ndg.nerc.ac.uk/fileFormat/csmlStorageDescriptor">
                           <gml:QuantityList uom="K"></gml:QuantityList>
                        </gml:valueComponent>
                     </gml:ValueArray>
                  </gml:rangeSet>
               </GridSeriesCoverage>
            </value>
            <parameter xlink:href="http://cfconventions.org/standard_names/air_temperature"></parameter>
         </GridSeriesFeature>
      </featureMember>
   </CSMLFeatureCollection>
   <CSMLStorageDescriptor>
      <descriptor>
         <NetCDFExtract id="GMjpZdPc">
            <arraySize>96</arraySize>
            <fileName>/badc/ipcc-ddc/data/netcdf/ar4_v2/pr/CSMK3_PICTL_1_pr_o0001-0030.nc</fileName>
            <variableName>latitude</variableName>
         </NetCDFExtract>
      </descriptor>
      <descriptor>
         <NetCDFExtract id="EEcHTVzm">
            <arraySize>2</arraySize>
            <fileName>/badc/ipcc-ddc/data/netcdf/ar4_v2/pr/CSMK3_PICTL_1_pr_o0001-0030.nc</fileName>
            <variableName>bounds</variableName>
         </NetCDFExtract>
      </descriptor>
      <descriptor>
         <NetCDFExtract id="FWozov1S">
            <arraySize>192</arraySize>
            <fileName>/badc/ipcc-ddc/data/netcdf/ar4_v2/pr/CSMK3_PICTL_1_pr_o0001-0030.nc</fileName>
            <variableName>longitude</variableName>
         </NetCDFExtract>
      </descriptor>
      <descriptor>
         <NetCDFExtract id="LagDLtqR">
            <arraySize>12</arraySize>
            <fileName>/badc/ipcc-ddc/data/netcdf/ar4_v2/pr/CSMK3_PICTL_1_pr_o0001-0030.nc</fileName>
            <variableName>time</variableName>
         </NetCDFExtract>
      </descriptor>
      <descriptor>
         <NetCDFExtract id="XiF8zJQ8">
            <arraySize>96</arraySize>
            <fileName>/badc/ipcc-ddc/data/netcdf/ar4_v2/psl/CSMK3_PICTL_1_psl_o0001-0030.nc</fileName>
            <variableName>latitude</variableName>
         </NetCDFExtract>
      </descriptor>
      <descriptor>
         <NetCDFExtract id="Q3JcWfvt">
            <arraySize>2</arraySize>
            <fileName>/badc/ipcc-ddc/data/netcdf/ar4_v2/psl/CSMK3_PICTL_1_psl_o0001-0030.nc</fileName>
            <variableName>bounds</variableName>
         </NetCDFExtract>
      </descriptor>
      <descriptor>
         <NetCDFExtract id="KHfwo3FK">
            <arraySize>192</arraySize>
            <fileName>/badc/ipcc-ddc/data/netcdf/ar4_v2/psl/CSMK3_PICTL_1_psl_o0001-0030.nc</fileName>
            <variableName>longitude</variableName>
         </NetCDFExtract>
      </descriptor>
      <descriptor>
         <NetCDFExtract id="SIBalEyE">
            <arraySize>12</arraySize>
            <fileName>/badc/ipcc-ddc/data/netcdf/ar4_v2/psl/CSMK3_PICTL_1_psl_o0001-0030.nc</fileName>
            <variableName>time</variableName>
         </NetCDFExtract>
      </descriptor>
      <descriptor>
         <NetCDFExtract id="ZCtBlBDV">
            <arraySize>96</arraySize>
            <fileName>/badc/ipcc-ddc/data/netcdf/ar4_v2/rsds/CSMK3_PICTL_1_rsds_o0001-0030.nc</fileName>
            <variableName>latitude</variableName>
         </NetCDFExtract>
      </descriptor>
      <descriptor>
         <NetCDFExtract id="NIulbIVb">
            <arraySize>2</arraySize>
            <fileName>/badc/ipcc-ddc/data/netcdf/ar4_v2/rsds/CSMK3_PICTL_1_rsds_o0001-0030.nc</fileName>
            <variableName>bounds</variableName>
         </NetCDFExtract>
      </descriptor>
      <descriptor>
         <NetCDFExtract id="PgkkXWRa">
            <arraySize>192</arraySize>
            <fileName>/badc/ipcc-ddc/data/netcdf/ar4_v2/rsds/CSMK3_PICTL_1_rsds_o0001-0030.nc</fileName>
            <variableName>longitude</variableName>
         </NetCDFExtract>
      </descriptor>
      <descriptor>
         <NetCDFExtract id="Zwv8brmU">
            <arraySize>12</arraySize>
            <fileName>/badc/ipcc-ddc/data/netcdf/ar4_v2/rsds/CSMK3_PICTL_1_rsds_o0001-0030.nc</fileName>
            <variableName>time</variableName>
         </NetCDFExtract>
      </descriptor>
      <descriptor>
         <NetCDFExtract id="A0F2T2ew">
            <arraySize>96</arraySize>
            <fileName>/badc/ipcc-ddc/data/netcdf/ar4_v2/tas/CSMK3_PICTL_1_tas_o0001-0030.nc</fileName>
            <variableName>latitude</variableName>
         </NetCDFExtract>
      </descriptor>
      <descriptor>
         <NetCDFExtract id="DmBECeAv">
            <arraySize>2</arraySize>
            <fileName>/badc/ipcc-ddc/data/netcdf/ar4_v2/tas/CSMK3_PICTL_1_tas_o0001-0030.nc</fileName>
            <variableName>bounds</variableName>
         </NetCDFExtract>
      </descriptor>
      <descriptor>
         <NetCDFExtract id="TJSVUGcE">
            <arraySize>192</arraySize>
            <fileName>/badc/ipcc-ddc/data/netcdf/ar4_v2/tas/CSMK3_PICTL_1_tas_o0001-0030.nc</fileName>
            <variableName>longitude</variableName>
         </NetCDFExtract>
      </descriptor>
      <descriptor>
         <NetCDFExtract id="HEtY7sMa">
            <arraySize>12</arraySize>
            <fileName>/badc/ipcc-ddc/data/netcdf/ar4_v2/tas/CSMK3_PICTL_1_tas_o0001-0030.nc</fileName>
            <variableName>time</variableName>
         </NetCDFExtract>
      </descriptor>
      <descriptor>
         <NetCDFExtract id="Bi0XeU2G">
            <arraySize>96</arraySize>
            <fileName>/badc/ipcc-ddc/data/netcdf/ar4_v2/tasmax/CSMK3_PICTL_1_tasmax_o0001-0030.nc</fileName>
            <variableName>latitude</variableName>
         </NetCDFExtract>
      </descriptor>
      <descriptor>
         <NetCDFExtract id="Jq2Ud2wk">
            <arraySize>2</arraySize>
            <fileName>/badc/ipcc-ddc/data/netcdf/ar4_v2/tasmax/CSMK3_PICTL_1_tasmax_o0001-0030.nc</fileName>
            <variableName>bounds</variableName>
         </NetCDFExtract>
      </descriptor>
      <descriptor>
         <NetCDFExtract id="Mwc1XPge">
            <arraySize>192</arraySize>
            <fileName>/badc/ipcc-ddc/data/netcdf/ar4_v2/tasmax/CSMK3_PICTL_1_tasmax_o0001-0030.nc</fileName>
            <variableName>longitude</variableName>
         </NetCDFExtract>
      </descriptor>
      <descriptor>
         <NetCDFExtract id="StoKoqXA">
            <arraySize>12</arraySize>
            <fileName>/badc/ipcc-ddc/data/netcdf/ar4_v2/tasmax/CSMK3_PICTL_1_tasmax_o0001-0030.nc</fileName>
            <variableName>time</variableName>
         </NetCDFExtract>
      </descriptor>
      <descriptor>
         <NetCDFExtract id="Or00eWE6">
            <arraySize>96</arraySize>
            <fileName>/badc/ipcc-ddc/data/netcdf/ar4_v2/tasmin/CSMK3_PICTL_1_tasmin_o0001-0030.nc</fileName>
            <variableName>latitude</variableName>
         </NetCDFExtract>
      </descriptor>
      <descriptor>
         <NetCDFExtract id="LhtMuVgQ">
            <arraySize>2</arraySize>
            <fileName>/badc/ipcc-ddc/data/netcdf/ar4_v2/tasmin/CSMK3_PICTL_1_tasmin_o0001-0030.nc</fileName>
            <variableName>bounds</variableName>
         </NetCDFExtract>
      </descriptor>
      <descriptor>
         <NetCDFExtract id="EhbgBMqE">
            <arraySize>192</arraySize>
            <fileName>/badc/ipcc-ddc/data/netcdf/ar4_v2/tasmin/CSMK3_PICTL_1_tasmin_o0001-0030.nc</fileName>
            <variableName>longitude</variableName>
         </NetCDFExtract>
      </descriptor>
      <descriptor>
         <NetCDFExtract id="ETsjdIjG">
            <arraySize>12</arraySize>
            <fileName>/badc/ipcc-ddc/data/netcdf/ar4_v2/tasmin/CSMK3_PICTL_1_tasmin_o0001-0030.nc</fileName>
            <variableName>time</variableName>
         </NetCDFExtract>
      </descriptor>
      <descriptor>
         <AggregatedArray id="N3dFJdhM">
            <arraySize>221184</arraySize>
            <uom>kg.m-2.s-1</uom>
            <aggType>new</aggType>
            <aggIndex>1</aggIndex>
            <component>
               <NetCDFExtract>
                  <arraySize>12  96  192</arraySize>
                  <fileList>
                     <FileList id="PcB10Hgc">
                        <fileNames>/badc/ipcc-ddc/data/netcdf/ar4_v2/pr/CSMK3_PICTL_1_pr_o0001-0030.nc /badc/ipcc-ddc/data/netcdf/ar4_v2/pr/CSMK3_PICTL_1_pr_o0010-0039.nc /badc/ipcc-ddc/data/netcdf/ar4_v2/pr/CSMK3_PICTL_1_pr_o0031-0060.nc /badc/ipcc-ddc/data/netcdf/ar4_v2/pr/CSMK3_PICTL_1_pr_o0040-0069.nc /badc/ipcc-ddc/data/netcdf/ar4_v2/pr/CSMK3_PICTL_1_pr_o0061-0090.nc /badc/ipcc-ddc/data/netcdf/ar4_v2/pr/CSMK3_PICTL_1_pr_o0070-0099.nc</fileNames>
                     </FileList>
                  </fileList>
                  <variableName>precipitation_flux</variableName>
               </NetCDFExtract>
            </component>
         </AggregatedArray>
      </descriptor>
      <descriptor>
         <AggregatedArray id="TqGliexe">
            <arraySize>221184</arraySize>
            <uom>Pa</uom>
            <aggType>new</aggType>
            <aggIndex>1</aggIndex>
            <component>
               <NetCDFExtract>
                  <arraySize>12  96  192</arraySize>
                  <fileList>
                     <FileList id="QZoIAGHq">
                        <fileNames>/badc/ipcc-ddc/data/netcdf/ar4_v2/psl/CSMK3_PICTL_1_psl_o0001-0030.nc /badc/ipcc-ddc/data/netcdf/ar4_v2/psl/CSMK3_PICTL_1_psl_o0010-0039.nc /badc/ipcc-ddc/data/netcdf/ar4_v2/psl/CSMK3_PICTL_1_psl_o0031-0060.nc /badc/ipcc-ddc/data/netcdf/ar4_v2/psl/CSMK3_PICTL_1_psl_o0040-0069.nc /badc/ipcc-ddc/data/netcdf/ar4_v2/psl/CSMK3_PICTL_1_psl_o0061-0090.nc /badc/ipcc-ddc/data/netcdf/ar4_v2/psl/CSMK3_PICTL_1_psl_o0070-0099.nc</fileNames>
                     </FileList>
                  </fileList>
                  <variableName>air_pressure_at_sea_level</variableName>
               </NetCDFExtract>
            </component>
         </AggregatedArray>
      </descriptor>
      <descriptor>
         <AggregatedArray id="XkA1S9MG">
            <arraySize>221184</arraySize>
            <uom>W.m-2</uom>
            <aggType>new</aggType>
            <aggIndex>1</aggIndex>
            <component>
               <NetCDFExtract>
                  <arraySize>12  96  192</arraySize>
                  <fileList>
                     <FileList id="AjDBMEgm">
                        <fileNames>/badc/ipcc-ddc/data/netcdf/ar4_v2/rsds/CSMK3_PICTL_1_rsds_o0001-0030.nc /badc/ipcc-ddc/data/netcdf/ar4_v2/rsds/CSMK3_PICTL_1_rsds_o0010-0039.nc /badc/ipcc-ddc/data/netcdf/ar4_v2/rsds/CSMK3_PICTL_1_rsds_o0031-0060.nc /badc/ipcc-ddc/data/netcdf/ar4_v2/rsds/CSMK3_PICTL_1_rsds_o0040-0069.nc /badc/ipcc-ddc/data/netcdf/ar4_v2/rsds/CSMK3_PICTL_1_rsds_o0061-0090.nc /badc/ipcc-ddc/data/netcdf/ar4_v2/rsds/CSMK3_PICTL_1_rsds_o0070-0099.nc</fileNames>
                     </FileList>
                  </fileList>
                  <variableName>surface_downwelling_shortwave_flux_in_air</variableName>
               </NetCDFExtract>
            </component>
         </AggregatedArray>
      </descriptor>
      <descriptor>
         <AggregatedArray id="DPM8m5rC">
            <arraySize>221184</arraySize>
            <uom>K</uom>
            <aggType>new</aggType>
            <aggIndex>1</aggIndex>
            <component>
               <NetCDFExtract>
                  <arraySize>12  96  192</arraySize>
                  <fileList>
                     <FileList id="VooYNQHU">
                        <fileNames>/badc/ipcc-ddc/data/netcdf/ar4_v2/tas/CSMK3_PICTL_1_tas_o0001-0030.nc /badc/ipcc-ddc/data/netcdf/ar4_v2/tas/CSMK3_PICTL_1_tas_o0010-0039.nc /badc/ipcc-ddc/data/netcdf/ar4_v2/tas/CSMK3_PICTL_1_tas_o0031-0060.nc /badc/ipcc-ddc/data/netcdf/ar4_v2/tas/CSMK3_PICTL_1_tas_o0040-0069.nc /badc/ipcc-ddc/data/netcdf/ar4_v2/tas/CSMK3_PICTL_1_tas_o0061-0090.nc /badc/ipcc-ddc/data/netcdf/ar4_v2/tas/CSMK3_PICTL_1_tas_o0070-0099.nc</fileNames>
                     </FileList>
                  </fileList>
                  <variableName>air_temperature</variableName>
               </NetCDFExtract>
            </component>
         </AggregatedArray>
      </descriptor>
      <descriptor>
         <AggregatedArray id="NL2tpbbf">
            <arraySize>221184</arraySize>
            <uom>K</uom>
            <aggType>new</aggType>
            <aggIndex>1</aggIndex>
            <component>
               <NetCDFExtract>
                  <arraySize>12  96  192</arraySize>
                  <fileList>
                     <FileList id="BWg1Mk0X">
                        <fileNames>/badc/ipcc-ddc/data/netcdf/ar4_v2/tasmax/CSMK3_PICTL_1_tasmax_o0001-0030.nc /badc/ipcc-ddc/data/netcdf/ar4_v2/tasmax/CSMK3_PICTL_1_tasmax_o0010-0039.nc /badc/ipcc-ddc/data/netcdf/ar4_v2/tasmax/CSMK3_PICTL_1_tasmax_o0031-0060.nc /badc/ipcc-ddc/data/netcdf/ar4_v2/tasmax/CSMK3_PICTL_1_tasmax_o0040-0069.nc /badc/ipcc-ddc/data/netcdf/ar4_v2/tasmax/CSMK3_PICTL_1_tasmax_o0061-0090.nc /badc/ipcc-ddc/data/netcdf/ar4_v2/tasmax/CSMK3_PICTL_1_tasmax_o0070-0099.nc</fileNames>
                     </FileList>
                  </fileList>
                  <variableName>air_temperature_daily_max</variableName>
               </NetCDFExtract>
            </component>
         </AggregatedArray>
      </descriptor>
      <descriptor>
         <AggregatedArray id="SjsN9XkA">
            <arraySize>221184</arraySize>
            <uom>K</uom>
            <aggType>new</aggType>
            <aggIndex>1</aggIndex>
            <component>
               <NetCDFExtract>
                  <arraySize>12  96  192</arraySize>
                  <fileList>
                     <FileList id="LDAoxTle">
                        <fileNames>/badc/ipcc-ddc/data/netcdf/ar4_v2/tasmin/CSMK3_PICTL_1_tasmin_o0001-0030.nc /badc/ipcc-ddc/data/netcdf/ar4_v2/tasmin/CSMK3_PICTL_1_tasmin_o0010-0039.nc /badc/ipcc-ddc/data/netcdf/ar4_v2/tasmin/CSMK3_PICTL_1_tasmin_o0031-0060.nc /badc/ipcc-ddc/data/netcdf/ar4_v2/tasmin/CSMK3_PICTL_1_tasmin_o0040-0069.nc /badc/ipcc-ddc/data/netcdf/ar4_v2/tasmin/CSMK3_PICTL_1_tasmin_o0061-0090.nc /badc/ipcc-ddc/data/netcdf/ar4_v2/tasmin/CSMK3_PICTL_1_tasmin_o0070-0099.nc</fileNames>
                     </FileList>
                  </fileList>
                  <variableName>air_temperature_daily_min</variableName>
               </NetCDFExtract>
            </component>
         </AggregatedArray>
      </descriptor>
   </CSMLStorageDescriptor>
</Dataset>