<?xml version="1.0" encoding="UTF-8"?><Dataset xmlns="http://ndg.nerc.ac.uk/csml"  xmlns:gml="http://www.opengis.net/gml" xmlns:om="http://www.opengis.net/om" xmlns:swe="http://www.opengis.net/swe"  xmlns:xsi="http://www.w3.org/2001/XMLSchema-instance" xmlns:moles="http://ndg.nerc.ac.uk/moles"  xmlns:xlink="http://www.w3.org/1999/xlink" xsi:schemaLocation="http://ndg.nerc.ac.uk/csml/ schemas/csmlDataset.xsd" id="ar4_HADCM3_SRA1B_clim_20">
   <name>Scenario: SRA1B - Model: HADCM3 - 20 year mean climatology</name>
   <AccessControlPolicy>
      <dgSecurityCondition>
         <moles:effect>allow</moles:effect>
         <moles:simpleCondition>
            <moles:dgAttributeAuthority>http://aa.ceda.rl.ac.uk/</moles:dgAttributeAuthority>
            <moles:attrauthRole>badc</moles:attrauthRole>
         </moles:simpleCondition>
      </dgSecurityCondition>
   </AccessControlPolicy>
   <CSMLFeatureCollection gml:id="U2ubt0Fl">
      <gml:metaDataProperty></gml:metaDataProperty>
      <gml:boundedBy>
         <gml:EnvelopeWithTimePeriod srsName="WGS84">
            <gml:lowerCorner>0.0 -90.0</gml:lowerCorner>
            <gml:upperCorner>360.0 90.0</gml:upperCorner>
            <gml:beginPosition>2020-01-16T00:00:00.0</gml:beginPosition>
            <gml:endPosition>2089-12-16T00:00:00.0</gml:endPosition>
         </gml:EnvelopeWithTimePeriod>
      </gml:boundedBy>
      <featureMember>
         <GridSeriesFeature gml:id="specific_humidity">
            <gml:description>missing description</gml:description>
            <gml:name>specific_humidity</gml:name>
            <gml:boundedBy>
               <gml:EnvelopeWithTimePeriod srsName="WGS84">
                  <gml:lowerCorner>0.0 -90.0</gml:lowerCorner>
                  <gml:upperCorner>360.0 90.0</gml:upperCorner>
                  <gml:beginPosition>2020-01-16T00:00:00.0</gml:beginPosition>
                  <gml:endPosition>2089-12-16T00:00:00.0</gml:endPosition>
               </gml:EnvelopeWithTimePeriod>
            </gml:boundedBy>
            <value>
               <GridSeriesCoverage gml:id="Le57QlWN">
                  <gridSeriesDomain>
                     <GridSeriesDomain srsName="ndg:crs:lonlatt" uomLabels="degree_east degree_north days_since_2011-01-01" gml:id="L2EEMqfe" axisLabels="longitude latitude time" dimension="3" srsDimension="3">
                        <limits>
                           <gml:GridEnvelope>
                              <gml:low>0 0 0</gml:low>
                              <gml:high>0 0 0</gml:high>
                           </gml:GridEnvelope>
                        </limits>
                        <axisLabels>time latitude longitude</axisLabels>
                        <coordTransformTable>
                           <GridCoordinatesTable>
                              <gridOrdinate>
                                 <GridOrdinateDescription>
                                    <coordAxisLabel>time</coordAxisLabel>
                                    <coordAxisValues>
                                       <SpatialOrTemporalPositionList gml:id="Oh9ufEbG">
                                          <timePositionList frame="ndg:standard">2020-01-16T00:00:00.0 2020-02-16T00:00:00.0 2020-03-16T00:00:00.0 2020-04-16T00:00:00.0 2020-05-16T00:00:00.0 2020-06-16T00:00:00.0 2020-07-16T00:00:00.0 2020-08-16T00:00:00.0 2020-09-16T00:00:00.0 2020-10-16T00:00:00.0 2020-11-16T00:00:00.0 2020-12-16T00:00:00.0 2055-01-16T00:00:00.0 2055-02-16T00:00:00.0 2055-03-16T00:00:00.0 2055-04-16T00:00:00.0 2055-05-16T00:00:00.0 2055-06-16T00:00:00.0 2055-07-16T00:00:00.0 2055-08-16T00:00:00.0 2055-09-16T00:00:00.0 2055-10-16T00:00:00.0 2055-11-16T00:00:00.0 2055-12-16T00:00:00.0 2089-01-16T00:00:00.0 2089-02-16T00:00:00.0 2089-03-16T00:00:00.0 2089-04-16T00:00:00.0 2089-05-16T00:00:00.0 2089-06-16T00:00:00.0 2089-07-16T00:00:00.0 2089-08-16T00:00:00.0 2089-09-16T00:00:00.0 2089-10-16T00:00:00.0 2089-11-16T00:00:00.0 2089-12-16T00:00:00.0</timePositionList>
                                       </SpatialOrTemporalPositionList>
                                    </coordAxisValues>
                                    <gridAxesSpanned>time</gridAxesSpanned>
                                    <sequenceRule axisOrder="+1">Linear</sequenceRule>
                                 </GridOrdinateDescription>
                              </gridOrdinate>
                              <gridOrdinate>
                                 <GridOrdinateDescription>
                                    <coordAxisLabel>latitude</coordAxisLabel>
                                    <coordAxisValues xlink:href="#Rxs3hTgj" xlink:show="embed" xlink:arcrole="coordinateList" xlink:role="http://ndg.nerc.ac.uk/fileFormat/csmlStorageDescriptor">
                                       <SpatialOrTemporalPositionList gml:id="EwFsgOSn">
                                          <coordinateList></coordinateList>
                                       </SpatialOrTemporalPositionList>
                                    </coordAxisValues>
                                    <gridAxesSpanned>latitude</gridAxesSpanned>
                                    <sequenceRule axisOrder="+1">Linear</sequenceRule>
                                 </GridOrdinateDescription>
                              </gridOrdinate>
                              <gridOrdinate>
                                 <GridOrdinateDescription>
                                    <coordAxisLabel>longitude</coordAxisLabel>
                                    <coordAxisValues xlink:href="#EQv7s7OJ" xlink:show="embed" xlink:arcrole="coordinateList" xlink:role="http://ndg.nerc.ac.uk/fileFormat/csmlStorageDescriptor">
                                       <SpatialOrTemporalPositionList gml:id="ClNSayjF">
                                          <coordinateList></coordinateList>
                                       </SpatialOrTemporalPositionList>
                                    </coordAxisValues>
                                    <gridAxesSpanned>longitude</gridAxesSpanned>
                                    <sequenceRule axisOrder="+1">Linear</sequenceRule>
                                 </GridOrdinateDescription>
                              </gridOrdinate>
                           </GridCoordinatesTable>
                        </coordTransformTable>
                     </GridSeriesDomain>
                  </gridSeriesDomain>
                  <gml:rangeSet>
                     <gml:ValueArray gml:id="Hcj2oBrz">
                        <gml:valueComponent xlink:href="#RnK7HCqr" xlink:show="embed" xlink:arcrole="QuantityList" xlink:role="http://ndg.nerc.ac.uk/fileFormat/csmlStorageDescriptor">
                           <gml:QuantityList uom="1"></gml:QuantityList>
                        </gml:valueComponent>
                     </gml:ValueArray>
                  </gml:rangeSet>
               </GridSeriesCoverage>
            </value>
            <parameter xlink:href="http://cfconventions.org/standard_names/specific_humidity"></parameter>
         </GridSeriesFeature>
      </featureMember>
      <featureMember>
         <GridSeriesFeature gml:id="precipitation_flux">
            <gml:description>missing description</gml:description>
            <gml:name>precipitation_flux</gml:name>
            <gml:boundedBy>
               <gml:EnvelopeWithTimePeriod srsName="WGS84">
                  <gml:lowerCorner>0.0 -90.0</gml:lowerCorner>
                  <gml:upperCorner>360.0 90.0</gml:upperCorner>
                  <gml:beginPosition>2020-01-16T00:00:00.0</gml:beginPosition>
                  <gml:endPosition>2089-12-16T00:00:00.0</gml:endPosition>
               </gml:EnvelopeWithTimePeriod>
            </gml:boundedBy>
            <value>
               <GridSeriesCoverage gml:id="ZCHmNNMo">
                  <gridSeriesDomain>
                     <GridSeriesDomain srsName="ndg:crs:lonlatt" uomLabels="degree_east degree_north days_since_2011-01-01" gml:id="Jv3HogPB" axisLabels="longitude latitude time" dimension="3" srsDimension="3">
                        <limits>
                           <gml:GridEnvelope>
                              <gml:low>0 0 0</gml:low>
                              <gml:high>0 0 0</gml:high>
                           </gml:GridEnvelope>
                        </limits>
                        <axisLabels>time latitude longitude</axisLabels>
                        <coordTransformTable>
                           <GridCoordinatesTable>
                              <gridOrdinate>
                                 <GridOrdinateDescription>
                                    <coordAxisLabel>time</coordAxisLabel>
                                    <coordAxisValues>
                                       <SpatialOrTemporalPositionList gml:id="KMYgLFZs">
                                          <timePositionList frame="ndg:standard">2020-01-16T00:00:00.0 2020-02-16T00:00:00.0 2020-03-16T00:00:00.0 2020-04-16T00:00:00.0 2020-05-16T00:00:00.0 2020-06-16T00:00:00.0 2020-07-16T00:00:00.0 2020-08-16T00:00:00.0 2020-09-16T00:00:00.0 2020-10-16T00:00:00.0 2020-11-16T00:00:00.0 2020-12-16T00:00:00.0 2055-01-16T00:00:00.0 2055-02-16T00:00:00.0 2055-03-16T00:00:00.0 2055-04-16T00:00:00.0 2055-05-16T00:00:00.0 2055-06-16T00:00:00.0 2055-07-16T00:00:00.0 2055-08-16T00:00:00.0 2055-09-16T00:00:00.0 2055-10-16T00:00:00.0 2055-11-16T00:00:00.0 2055-12-16T00:00:00.0 2089-01-16T00:00:00.0 2089-02-16T00:00:00.0 2089-03-16T00:00:00.0 2089-04-16T00:00:00.0 2089-05-16T00:00:00.0 2089-06-16T00:00:00.0 2089-07-16T00:00:00.0 2089-08-16T00:00:00.0 2089-09-16T00:00:00.0 2089-10-16T00:00:00.0 2089-11-16T00:00:00.0 2089-12-16T00:00:00.0</timePositionList>
                                       </SpatialOrTemporalPositionList>
                                    </coordAxisValues>
                                    <gridAxesSpanned>time</gridAxesSpanned>
                                    <sequenceRule axisOrder="+1">Linear</sequenceRule>
                                 </GridOrdinateDescription>
                              </gridOrdinate>
                              <gridOrdinate>
                                 <GridOrdinateDescription>
                                    <coordAxisLabel>latitude</coordAxisLabel>
                                    <coordAxisValues xlink:href="#MLrJVAyZ" xlink:show="embed" xlink:arcrole="coordinateList" xlink:role="http://ndg.nerc.ac.uk/fileFormat/csmlStorageDescriptor">
                                       <SpatialOrTemporalPositionList gml:id="M2QVrlS9">
                                          <coordinateList></coordinateList>
                                       </SpatialOrTemporalPositionList>
                                    </coordAxisValues>
                                    <gridAxesSpanned>latitude</gridAxesSpanned>
                                    <sequenceRule axisOrder="+1">Linear</sequenceRule>
                                 </GridOrdinateDescription>
                              </gridOrdinate>
                              <gridOrdinate>
                                 <GridOrdinateDescription>
                                    <coordAxisLabel>longitude</coordAxisLabel>
                                    <coordAxisValues xlink:href="#G1Dgl69c" xlink:show="embed" xlink:arcrole="coordinateList" xlink:role="http://ndg.nerc.ac.uk/fileFormat/csmlStorageDescriptor">
                                       <SpatialOrTemporalPositionList gml:id="Rs5a2hpo">
                                          <coordinateList></coordinateList>
                                       </SpatialOrTemporalPositionList>
                                    </coordAxisValues>
                                    <gridAxesSpanned>longitude</gridAxesSpanned>
                                    <sequenceRule axisOrder="+1">Linear</sequenceRule>
                                 </GridOrdinateDescription>
                              </gridOrdinate>
                           </GridCoordinatesTable>
                        </coordTransformTable>
                     </GridSeriesDomain>
                  </gridSeriesDomain>
                  <gml:rangeSet>
                     <gml:ValueArray gml:id="Bj77HC3j">
                        <gml:valueComponent xlink:href="#EJ0dklPW" xlink:show="embed" xlink:arcrole="QuantityList" xlink:role="http://ndg.nerc.ac.uk/fileFormat/csmlStorageDescriptor">
                           <gml:QuantityList uom="kg.m-2.s-1"></gml:QuantityList>
                        </gml:valueComponent>
                     </gml:ValueArray>
                  </gml:rangeSet>
               </GridSeriesCoverage>
            </value>
            <parameter xlink:href="http://cfconventions.org/standard_names/precipitation_flux"></parameter>
         </GridSeriesFeature>
      </featureMember>
      <featureMember>
         <GridSeriesFeature gml:id="air_pressure_at_sea_level">
            <gml:description>missing description</gml:description>
            <gml:name>air_pressure_at_sea_level</gml:name>
            <gml:boundedBy>
               <gml:EnvelopeWithTimePeriod srsName="WGS84">
                  <gml:lowerCorner>0.0 -90.0</gml:lowerCorner>
                  <gml:upperCorner>360.0 90.0</gml:upperCorner>
                  <gml:beginPosition>2020-01-16T00:00:00.0</gml:beginPosition>
                  <gml:endPosition>2089-12-16T00:00:00.0</gml:endPosition>
               </gml:EnvelopeWithTimePeriod>
            </gml:boundedBy>
            <value>
               <GridSeriesCoverage gml:id="Jdl9PvMo">
                  <gridSeriesDomain>
                     <GridSeriesDomain srsName="ndg:crs:lonlatt" uomLabels="degree_east degree_north days_since_2011-01-01" gml:id="BFT8nnFy" axisLabels="longitude latitude time" dimension="3" srsDimension="3">
                        <limits>
                           <gml:GridEnvelope>
                              <gml:low>0 0 0</gml:low>
                              <gml:high>0 0 0</gml:high>
                           </gml:GridEnvelope>
                        </limits>
                        <axisLabels>time latitude longitude</axisLabels>
                        <coordTransformTable>
                           <GridCoordinatesTable>
                              <gridOrdinate>
                                 <GridOrdinateDescription>
                                    <coordAxisLabel>time</coordAxisLabel>
                                    <coordAxisValues>
                                       <SpatialOrTemporalPositionList gml:id="FkfVc2HL">
                                          <timePositionList frame="ndg:standard">2020-01-16T00:00:00.0 2020-02-16T00:00:00.0 2020-03-16T00:00:00.0 2020-04-16T00:00:00.0 2020-05-16T00:00:00.0 2020-06-16T00:00:00.0 2020-07-16T00:00:00.0 2020-08-16T00:00:00.0 2020-09-16T00:00:00.0 2020-10-16T00:00:00.0 2020-11-16T00:00:00.0 2020-12-16T00:00:00.0 2055-01-16T00:00:00.0 2055-02-16T00:00:00.0 2055-03-16T00:00:00.0 2055-04-16T00:00:00.0 2055-05-16T00:00:00.0 2055-06-16T00:00:00.0 2055-07-16T00:00:00.0 2055-08-16T00:00:00.0 2055-09-16T00:00:00.0 2055-10-16T00:00:00.0 2055-11-16T00:00:00.0 2055-12-16T00:00:00.0 2089-01-16T00:00:00.0 2089-02-16T00:00:00.0 2089-03-16T00:00:00.0 2089-04-16T00:00:00.0 2089-05-16T00:00:00.0 2089-06-16T00:00:00.0 2089-07-16T00:00:00.0 2089-08-16T00:00:00.0 2089-09-16T00:00:00.0 2089-10-16T00:00:00.0 2089-11-16T00:00:00.0 2089-12-16T00:00:00.0</timePositionList>
                                       </SpatialOrTemporalPositionList>
                                    </coordAxisValues>
                                    <gridAxesSpanned>time</gridAxesSpanned>
                                    <sequenceRule axisOrder="+1">Linear</sequenceRule>
                                 </GridOrdinateDescription>
                              </gridOrdinate>
                              <gridOrdinate>
                                 <GridOrdinateDescription>
                                    <coordAxisLabel>latitude</coordAxisLabel>
                                    <coordAxisValues xlink:href="#C8Brx3i3" xlink:show="embed" xlink:arcrole="coordinateList" xlink:role="http://ndg.nerc.ac.uk/fileFormat/csmlStorageDescriptor">
                                       <SpatialOrTemporalPositionList gml:id="ZRBRAcAb">
                                          <coordinateList></coordinateList>
                                       </SpatialOrTemporalPositionList>
                                    </coordAxisValues>
                                    <gridAxesSpanned>latitude</gridAxesSpanned>
                                    <sequenceRule axisOrder="+1">Linear</sequenceRule>
                                 </GridOrdinateDescription>
                              </gridOrdinate>
                              <gridOrdinate>
                                 <GridOrdinateDescription>
                                    <coordAxisLabel>longitude</coordAxisLabel>
                                    <coordAxisValues xlink:href="#JMcqJ1gr" xlink:show="embed" xlink:arcrole="coordinateList" xlink:role="http://ndg.nerc.ac.uk/fileFormat/csmlStorageDescriptor">
                                       <SpatialOrTemporalPositionList gml:id="UUCNZkqy">
                                          <coordinateList></coordinateList>
                                       </SpatialOrTemporalPositionList>
                                    </coordAxisValues>
                                    <gridAxesSpanned>longitude</gridAxesSpanned>
                                    <sequenceRule axisOrder="+1">Linear</sequenceRule>
                                 </GridOrdinateDescription>
                              </gridOrdinate>
                           </GridCoordinatesTable>
                        </coordTransformTable>
                     </GridSeriesDomain>
                  </gridSeriesDomain>
                  <gml:rangeSet>
                     <gml:ValueArray gml:id="KU1NhWYH">
                        <gml:valueComponent xlink:href="#AiqJ7JFU" xlink:show="embed" xlink:arcrole="QuantityList" xlink:role="http://ndg.nerc.ac.uk/fileFormat/csmlStorageDescriptor">
                           <gml:QuantityList uom="Pa"></gml:QuantityList>
                        </gml:valueComponent>
                     </gml:ValueArray>
                  </gml:rangeSet>
               </GridSeriesCoverage>
            </value>
            <parameter xlink:href="http://cfconventions.org/standard_names/air_pressure_at_sea_level"></parameter>
         </GridSeriesFeature>
      </featureMember>
      <featureMember>
         <GridSeriesFeature gml:id="surface_downwelling_shortwave_flux_in_air">
            <gml:description>missing description</gml:description>
            <gml:name>surface_downwelling_shortwave_flux_in_air</gml:name>
            <gml:boundedBy>
               <gml:EnvelopeWithTimePeriod srsName="WGS84">
                  <gml:lowerCorner>0.0 -90.0</gml:lowerCorner>
                  <gml:upperCorner>360.0 90.0</gml:upperCorner>
                  <gml:beginPosition>2020-01-16T00:00:00.0</gml:beginPosition>
                  <gml:endPosition>2089-12-16T00:00:00.0</gml:endPosition>
               </gml:EnvelopeWithTimePeriod>
            </gml:boundedBy>
            <value>
               <GridSeriesCoverage gml:id="EWJ9BHtl">
                  <gridSeriesDomain>
                     <GridSeriesDomain srsName="ndg:crs:lonlatt" uomLabels="degree_east degree_north days_since_2011-01-01" gml:id="CVjBbXzz" axisLabels="longitude latitude time" dimension="3" srsDimension="3">
                        <limits>
                           <gml:GridEnvelope>
                              <gml:low>0 0 0</gml:low>
                              <gml:high>0 0 0</gml:high>
                           </gml:GridEnvelope>
                        </limits>
                        <axisLabels>time latitude longitude</axisLabels>
                        <coordTransformTable>
                           <GridCoordinatesTable>
                              <gridOrdinate>
                                 <GridOrdinateDescription>
                                    <coordAxisLabel>time</coordAxisLabel>
                                    <coordAxisValues>
                                       <SpatialOrTemporalPositionList gml:id="V9L7LAJQ">
                                          <timePositionList frame="ndg:standard">2020-01-16T00:00:00.0 2020-02-16T00:00:00.0 2020-03-16T00:00:00.0 2020-04-16T00:00:00.0 2020-05-16T00:00:00.0 2020-06-16T00:00:00.0 2020-07-16T00:00:00.0 2020-08-16T00:00:00.0 2020-09-16T00:00:00.0 2020-10-16T00:00:00.0 2020-11-16T00:00:00.0 2020-12-16T00:00:00.0 2055-01-16T00:00:00.0 2055-02-16T00:00:00.0 2055-03-16T00:00:00.0 2055-04-16T00:00:00.0 2055-05-16T00:00:00.0 2055-06-16T00:00:00.0 2055-07-16T00:00:00.0 2055-08-16T00:00:00.0 2055-09-16T00:00:00.0 2055-10-16T00:00:00.0 2055-11-16T00:00:00.0 2055-12-16T00:00:00.0 2089-01-16T00:00:00.0 2089-02-16T00:00:00.0 2089-03-16T00:00:00.0 2089-04-16T00:00:00.0 2089-05-16T00:00:00.0 2089-06-16T00:00:00.0 2089-07-16T00:00:00.0 2089-08-16T00:00:00.0 2089-09-16T00:00:00.0 2089-10-16T00:00:00.0 2089-11-16T00:00:00.0 2089-12-16T00:00:00.0</timePositionList>
                                       </SpatialOrTemporalPositionList>
                                    </coordAxisValues>
                                    <gridAxesSpanned>time</gridAxesSpanned>
                                    <sequenceRule axisOrder="+1">Linear</sequenceRule>
                                 </GridOrdinateDescription>
                              </gridOrdinate>
                              <gridOrdinate>
                                 <GridOrdinateDescription>
                                    <coordAxisLabel>latitude</coordAxisLabel>
                                    <coordAxisValues xlink:href="#Uf6vRuVV" xlink:show="embed" xlink:arcrole="coordinateList" xlink:role="http://ndg.nerc.ac.uk/fileFormat/csmlStorageDescriptor">
                                       <SpatialOrTemporalPositionList gml:id="YxBxgc43">
                                          <coordinateList></coordinateList>
                                       </SpatialOrTemporalPositionList>
                                    </coordAxisValues>
                                    <gridAxesSpanned>latitude</gridAxesSpanned>
                                    <sequenceRule axisOrder="+1">Linear</sequenceRule>
                                 </GridOrdinateDescription>
                              </gridOrdinate>
                              <gridOrdinate>
                                 <GridOrdinateDescription>
                                    <coordAxisLabel>longitude</coordAxisLabel>
                                    <coordAxisValues xlink:href="#Q8WBjipE" xlink:show="embed" xlink:arcrole="coordinateList" xlink:role="http://ndg.nerc.ac.uk/fileFormat/csmlStorageDescriptor">
                                       <SpatialOrTemporalPositionList gml:id="KQfepLkg">
                                          <coordinateList></coordinateList>
                                       </SpatialOrTemporalPositionList>
                                    </coordAxisValues>
                                    <gridAxesSpanned>longitude</gridAxesSpanned>
                                    <sequenceRule axisOrder="+1">Linear</sequenceRule>
                                 </GridOrdinateDescription>
                              </gridOrdinate>
                           </GridCoordinatesTable>
                        </coordTransformTable>
                     </GridSeriesDomain>
                  </gridSeriesDomain>
                  <gml:rangeSet>
                     <gml:ValueArray gml:id="E2AzazLd">
                        <gml:valueComponent xlink:href="#PmbGX4Gv" xlink:show="embed" xlink:arcrole="QuantityList" xlink:role="http://ndg.nerc.ac.uk/fileFormat/csmlStorageDescriptor">
                           <gml:QuantityList uom="W.m-2"></gml:QuantityList>
                        </gml:valueComponent>
                     </gml:ValueArray>
                  </gml:rangeSet>
               </GridSeriesCoverage>
            </value>
            <parameter xlink:href="http://cfconventions.org/standard_names/surface_downwelling_shortwave_flux_in_air"></parameter>
         </GridSeriesFeature>
      </featureMember>
      <featureMember>
         <GridSeriesFeature gml:id="air_temperature">
            <gml:description>missing description</gml:description>
            <gml:name>air_temperature</gml:name>
            <gml:boundedBy>
               <gml:EnvelopeWithTimePeriod srsName="WGS84">
                  <gml:lowerCorner>0.0 -90.0</gml:lowerCorner>
                  <gml:upperCorner>360.0 90.0</gml:upperCorner>
                  <gml:beginPosition>2020-01-16T00:00:00.0</gml:beginPosition>
                  <gml:endPosition>2089-12-16T00:00:00.0</gml:endPosition>
               </gml:EnvelopeWithTimePeriod>
            </gml:boundedBy>
            <value>
               <GridSeriesCoverage gml:id="Mo5xwcz7">
                  <gridSeriesDomain>
                     <GridSeriesDomain srsName="ndg:crs:lonlatt" uomLabels="degree_east degree_north days_since_2011-01-01" gml:id="NYADjmEh" axisLabels="longitude latitude time" dimension="3" srsDimension="3">
                        <limits>
                           <gml:GridEnvelope>
                              <gml:low>0 0 0</gml:low>
                              <gml:high>0 0 0</gml:high>
                           </gml:GridEnvelope>
                        </limits>
                        <axisLabels>time latitude longitude</axisLabels>
                        <coordTransformTable>
                           <GridCoordinatesTable>
                              <gridOrdinate>
                                 <GridOrdinateDescription>
                                    <coordAxisLabel>time</coordAxisLabel>
                                    <coordAxisValues>
                                       <SpatialOrTemporalPositionList gml:id="EQSK5zro">
                                          <timePositionList frame="ndg:standard">2020-01-16T00:00:00.0 2020-02-16T00:00:00.0 2020-03-16T00:00:00.0 2020-04-16T00:00:00.0 2020-05-16T00:00:00.0 2020-06-16T00:00:00.0 2020-07-16T00:00:00.0 2020-08-16T00:00:00.0 2020-09-16T00:00:00.0 2020-10-16T00:00:00.0 2020-11-16T00:00:00.0 2020-12-16T00:00:00.0 2055-01-16T00:00:00.0 2055-02-16T00:00:00.0 2055-03-16T00:00:00.0 2055-04-16T00:00:00.0 2055-05-16T00:00:00.0 2055-06-16T00:00:00.0 2055-07-16T00:00:00.0 2055-08-16T00:00:00.0 2055-09-16T00:00:00.0 2055-10-16T00:00:00.0 2055-11-16T00:00:00.0 2055-12-16T00:00:00.0 2089-01-16T00:00:00.0 2089-02-16T00:00:00.0 2089-03-16T00:00:00.0 2089-04-16T00:00:00.0 2089-05-16T00:00:00.0 2089-06-16T00:00:00.0 2089-07-16T00:00:00.0 2089-08-16T00:00:00.0 2089-09-16T00:00:00.0 2089-10-16T00:00:00.0 2089-11-16T00:00:00.0 2089-12-16T00:00:00.0</timePositionList>
                                       </SpatialOrTemporalPositionList>
                                    </coordAxisValues>
                                    <gridAxesSpanned>time</gridAxesSpanned>
                                    <sequenceRule axisOrder="+1">Linear</sequenceRule>
                                 </GridOrdinateDescription>
                              </gridOrdinate>
                              <gridOrdinate>
                                 <GridOrdinateDescription>
                                    <coordAxisLabel>latitude</coordAxisLabel>
                                    <coordAxisValues xlink:href="#QTQCOqrp" xlink:show="embed" xlink:arcrole="coordinateList" xlink:role="http://ndg.nerc.ac.uk/fileFormat/csmlStorageDescriptor">
                                       <SpatialOrTemporalPositionList gml:id="OTmc80XG">
                                          <coordinateList></coordinateList>
                                       </SpatialOrTemporalPositionList>
                                    </coordAxisValues>
                                    <gridAxesSpanned>latitude</gridAxesSpanned>
                                    <sequenceRule axisOrder="+1">Linear</sequenceRule>
                                 </GridOrdinateDescription>
                              </gridOrdinate>
                              <gridOrdinate>
                                 <GridOrdinateDescription>
                                    <coordAxisLabel>longitude</coordAxisLabel>
                                    <coordAxisValues xlink:href="#DnAbkPFy" xlink:show="embed" xlink:arcrole="coordinateList" xlink:role="http://ndg.nerc.ac.uk/fileFormat/csmlStorageDescriptor">
                                       <SpatialOrTemporalPositionList gml:id="Iz7l0tYA">
                                          <coordinateList></coordinateList>
                                       </SpatialOrTemporalPositionList>
                                    </coordAxisValues>
                                    <gridAxesSpanned>longitude</gridAxesSpanned>
                                    <sequenceRule axisOrder="+1">Linear</sequenceRule>
                                 </GridOrdinateDescription>
                              </gridOrdinate>
                           </GridCoordinatesTable>
                        </coordTransformTable>
                     </GridSeriesDomain>
                  </gridSeriesDomain>
                  <gml:rangeSet>
                     <gml:ValueArray gml:id="VxN4P79d">
                        <gml:valueComponent xlink:href="#C5FZVib5" xlink:show="embed" xlink:arcrole="QuantityList" xlink:role="http://ndg.nerc.ac.uk/fileFormat/csmlStorageDescriptor">
                           <gml:QuantityList uom="K"></gml:QuantityList>
                        </gml:valueComponent>
                     </gml:ValueArray>
                  </gml:rangeSet>
               </GridSeriesCoverage>
            </value>
            <parameter xlink:href="http://cfconventions.org/standard_names/air_temperature"></parameter>
         </GridSeriesFeature>
      </featureMember>
      <featureMember>
         <GridSeriesFeature gml:id="eastward_wind">
            <gml:description>missing description</gml:description>
            <gml:name>eastward_wind</gml:name>
            <gml:boundedBy>
               <gml:EnvelopeWithTimePeriod srsName="WGS84">
                  <gml:lowerCorner>0.0 -90.0</gml:lowerCorner>
                  <gml:upperCorner>360.0 90.0</gml:upperCorner>
                  <gml:beginPosition>2020-01-16T00:00:00.0</gml:beginPosition>
                  <gml:endPosition>2089-12-16T00:00:00.0</gml:endPosition>
               </gml:EnvelopeWithTimePeriod>
            </gml:boundedBy>
            <value>
               <GridSeriesCoverage gml:id="L1DfZlJN">
                  <gridSeriesDomain>
                     <GridSeriesDomain srsName="ndg:crs:lonlatt" uomLabels="degree_east degree_north days_since_2011-01-01" gml:id="XnrTSaya" axisLabels="longitude latitude time" dimension="3" srsDimension="3">
                        <limits>
                           <gml:GridEnvelope>
                              <gml:low>0 0 0</gml:low>
                              <gml:high>0 0 0</gml:high>
                           </gml:GridEnvelope>
                        </limits>
                        <axisLabels>time latitude longitude</axisLabels>
                        <coordTransformTable>
                           <GridCoordinatesTable>
                              <gridOrdinate>
                                 <GridOrdinateDescription>
                                    <coordAxisLabel>time</coordAxisLabel>
                                    <coordAxisValues>
                                       <SpatialOrTemporalPositionList gml:id="HmSmbcj2">
                                          <timePositionList frame="ndg:standard">2020-01-16T00:00:00.0 2020-02-16T00:00:00.0 2020-03-16T00:00:00.0 2020-04-16T00:00:00.0 2020-05-16T00:00:00.0 2020-06-16T00:00:00.0 2020-07-16T00:00:00.0 2020-08-16T00:00:00.0 2020-09-16T00:00:00.0 2020-10-16T00:00:00.0 2020-11-16T00:00:00.0 2020-12-16T00:00:00.0 2055-01-16T00:00:00.0 2055-02-16T00:00:00.0 2055-03-16T00:00:00.0 2055-04-16T00:00:00.0 2055-05-16T00:00:00.0 2055-06-16T00:00:00.0 2055-07-16T00:00:00.0 2055-08-16T00:00:00.0 2055-09-16T00:00:00.0 2055-10-16T00:00:00.0 2055-11-16T00:00:00.0 2055-12-16T00:00:00.0 2089-01-16T00:00:00.0 2089-02-16T00:00:00.0 2089-03-16T00:00:00.0 2089-04-16T00:00:00.0 2089-05-16T00:00:00.0 2089-06-16T00:00:00.0 2089-07-16T00:00:00.0 2089-08-16T00:00:00.0 2089-09-16T00:00:00.0 2089-10-16T00:00:00.0 2089-11-16T00:00:00.0 2089-12-16T00:00:00.0</timePositionList>
                                       </SpatialOrTemporalPositionList>
                                    </coordAxisValues>
                                    <gridAxesSpanned>time</gridAxesSpanned>
                                    <sequenceRule axisOrder="+1">Linear</sequenceRule>
                                 </GridOrdinateDescription>
                              </gridOrdinate>
                              <gridOrdinate>
                                 <GridOrdinateDescription>
                                    <coordAxisLabel>latitude</coordAxisLabel>
                                    <coordAxisValues xlink:href="#RTOo0Bp9" xlink:show="embed" xlink:arcrole="coordinateList" xlink:role="http://ndg.nerc.ac.uk/fileFormat/csmlStorageDescriptor">
                                       <SpatialOrTemporalPositionList gml:id="XKT3JWHV">
                                          <coordinateList></coordinateList>
                                       </SpatialOrTemporalPositionList>
                                    </coordAxisValues>
                                    <gridAxesSpanned>latitude</gridAxesSpanned>
                                    <sequenceRule axisOrder="+1">Linear</sequenceRule>
                                 </GridOrdinateDescription>
                              </gridOrdinate>
                              <gridOrdinate>
                                 <GridOrdinateDescription>
                                    <coordAxisLabel>longitude</coordAxisLabel>
                                    <coordAxisValues xlink:href="#SlPMO5Xi" xlink:show="embed" xlink:arcrole="coordinateList" xlink:role="http://ndg.nerc.ac.uk/fileFormat/csmlStorageDescriptor">
                                       <SpatialOrTemporalPositionList gml:id="Kvf1P90o">
                                          <coordinateList></coordinateList>
                                       </SpatialOrTemporalPositionList>
                                    </coordAxisValues>
                                    <gridAxesSpanned>longitude</gridAxesSpanned>
                                    <sequenceRule axisOrder="+1">Linear</sequenceRule>
                                 </GridOrdinateDescription>
                              </gridOrdinate>
                           </GridCoordinatesTable>
                        </coordTransformTable>
                     </GridSeriesDomain>
                  </gridSeriesDomain>
                  <gml:rangeSet>
                     <gml:ValueArray gml:id="BKZCKsmR">
                        <gml:valueComponent xlink:href="#TumIMUEk" xlink:show="embed" xlink:arcrole="QuantityList" xlink:role="http://ndg.nerc.ac.uk/fileFormat/csmlStorageDescriptor">
                           <gml:QuantityList uom="m.s-1"></gml:QuantityList>
                        </gml:valueComponent>
                     </gml:ValueArray>
                  </gml:rangeSet>
               </GridSeriesCoverage>
            </value>
            <parameter xlink:href="http://cfconventions.org/standard_names/eastward_wind"></parameter>
         </GridSeriesFeature>
      </featureMember>
      <featureMember>
         <GridSeriesFeature gml:id="northward_wind">
            <gml:description>missing description</gml:description>
            <gml:name>northward_wind</gml:name>
            <gml:boundedBy>
               <gml:EnvelopeWithTimePeriod srsName="WGS84">
                  <gml:lowerCorner>0.0 -90.0</gml:lowerCorner>
                  <gml:upperCorner>360.0 90.0</gml:upperCorner>
                  <gml:beginPosition>2020-01-16T00:00:00.0</gml:beginPosition>
                  <gml:endPosition>2089-12-16T00:00:00.0</gml:endPosition>
               </gml:EnvelopeWithTimePeriod>
            </gml:boundedBy>
            <value>
               <GridSeriesCoverage gml:id="UVGs0tZl">
                  <gridSeriesDomain>
                     <GridSeriesDomain srsName="ndg:crs:lonlatt" uomLabels="degree_east degree_north days_since_2011-01-01" gml:id="XLz6fIpK" axisLabels="longitude latitude time" dimension="3" srsDimension="3">
                        <limits>
                           <gml:GridEnvelope>
                              <gml:low>0 0 0</gml:low>
                              <gml:high>0 0 0</gml:high>
                           </gml:GridEnvelope>
                        </limits>
                        <axisLabels>time latitude longitude</axisLabels>
                        <coordTransformTable>
                           <GridCoordinatesTable>
                              <gridOrdinate>
                                 <GridOrdinateDescription>
                                    <coordAxisLabel>time</coordAxisLabel>
                                    <coordAxisValues>
                                       <SpatialOrTemporalPositionList gml:id="U9me4Rns">
                                          <timePositionList frame="ndg:standard">2020-01-16T00:00:00.0 2020-02-16T00:00:00.0 2020-03-16T00:00:00.0 2020-04-16T00:00:00.0 2020-05-16T00:00:00.0 2020-06-16T00:00:00.0 2020-07-16T00:00:00.0 2020-08-16T00:00:00.0 2020-09-16T00:00:00.0 2020-10-16T00:00:00.0 2020-11-16T00:00:00.0 2020-12-16T00:00:00.0 2055-01-16T00:00:00.0 2055-02-16T00:00:00.0 2055-03-16T00:00:00.0 2055-04-16T00:00:00.0 2055-05-16T00:00:00.0 2055-06-16T00:00:00.0 2055-07-16T00:00:00.0 2055-08-16T00:00:00.0 2055-09-16T00:00:00.0 2055-10-16T00:00:00.0 2055-11-16T00:00:00.0 2055-12-16T00:00:00.0 2089-01-16T00:00:00.0 2089-02-16T00:00:00.0 2089-03-16T00:00:00.0 2089-04-16T00:00:00.0 2089-05-16T00:00:00.0 2089-06-16T00:00:00.0 2089-07-16T00:00:00.0 2089-08-16T00:00:00.0 2089-09-16T00:00:00.0 2089-10-16T00:00:00.0 2089-11-16T00:00:00.0 2089-12-16T00:00:00.0</timePositionList>
                                       </SpatialOrTemporalPositionList>
                                    </coordAxisValues>
                                    <gridAxesSpanned>time</gridAxesSpanned>
                                    <sequenceRule axisOrder="+1">Linear</sequenceRule>
                                 </GridOrdinateDescription>
                              </gridOrdinate>
                              <gridOrdinate>
                                 <GridOrdinateDescription>
                                    <coordAxisLabel>latitude</coordAxisLabel>
                                    <coordAxisValues xlink:href="#GfoDXnww" xlink:show="embed" xlink:arcrole="coordinateList" xlink:role="http://ndg.nerc.ac.uk/fileFormat/csmlStorageDescriptor">
                                       <SpatialOrTemporalPositionList gml:id="CG6fQXsH">
                                          <coordinateList></coordinateList>
                                       </SpatialOrTemporalPositionList>
                                    </coordAxisValues>
                                    <gridAxesSpanned>latitude</gridAxesSpanned>
                                    <sequenceRule axisOrder="+1">Linear</sequenceRule>
                                 </GridOrdinateDescription>
                              </gridOrdinate>
                              <gridOrdinate>
                                 <GridOrdinateDescription>
                                    <coordAxisLabel>longitude</coordAxisLabel>
                                    <coordAxisValues xlink:href="#GJcJ18eq" xlink:show="embed" xlink:arcrole="coordinateList" xlink:role="http://ndg.nerc.ac.uk/fileFormat/csmlStorageDescriptor">
                                       <SpatialOrTemporalPositionList gml:id="AmiZWpkV">
                                          <coordinateList></coordinateList>
                                       </SpatialOrTemporalPositionList>
                                    </coordAxisValues>
                                    <gridAxesSpanned>longitude</gridAxesSpanned>
                                    <sequenceRule axisOrder="+1">Linear</sequenceRule>
                                 </GridOrdinateDescription>
                              </gridOrdinate>
                           </GridCoordinatesTable>
                        </coordTransformTable>
                     </GridSeriesDomain>
                  </gridSeriesDomain>
                  <gml:rangeSet>
                     <gml:ValueArray gml:id="DQTT2UOp">
                        <gml:valueComponent xlink:href="#WcEBoUs5" xlink:show="embed" xlink:arcrole="QuantityList" xlink:role="http://ndg.nerc.ac.uk/fileFormat/csmlStorageDescriptor">
                           <gml:QuantityList uom="m.s-1"></gml:QuantityList>
                        </gml:valueComponent>
                     </gml:ValueArray>
                  </gml:rangeSet>
               </GridSeriesCoverage>
            </value>
            <parameter xlink:href="http://cfconventions.org/standard_names/northward_wind"></parameter>
         </GridSeriesFeature>
      </featureMember>
   </CSMLFeatureCollection>
   <CSMLStorageDescriptor>
      <descriptor>
         <NetCDFExtract id="Rxs3hTgj">
            <arraySize>73</arraySize>
            <fileName>/badc/ipcc-ddc/data/netcdf/ar4_v2/huss/HADCM3_SRA1B_1_huss_2011-2030.nc</fileName>
            <variableName>latitude</variableName>
         </NetCDFExtract>
      </descriptor>
      <descriptor>
         <NetCDFExtract id="Miy5K2Oq">
            <arraySize>2</arraySize>
            <fileName>/badc/ipcc-ddc/data/netcdf/ar4_v2/huss/HADCM3_SRA1B_1_huss_2011-2030.nc</fileName>
            <variableName>bounds</variableName>
         </NetCDFExtract>
      </descriptor>
      <descriptor>
         <NetCDFExtract id="EQv7s7OJ">
            <arraySize>96</arraySize>
            <fileName>/badc/ipcc-ddc/data/netcdf/ar4_v2/huss/HADCM3_SRA1B_1_huss_2011-2030.nc</fileName>
            <variableName>longitude</variableName>
         </NetCDFExtract>
      </descriptor>
      <descriptor>
         <NetCDFExtract id="GxQocZeE">
            <arraySize>12</arraySize>
            <fileName>/badc/ipcc-ddc/data/netcdf/ar4_v2/huss/HADCM3_SRA1B_1_huss_2011-2030.nc</fileName>
            <variableName>time</variableName>
         </NetCDFExtract>
      </descriptor>
      <descriptor>
         <NetCDFExtract id="MLrJVAyZ">
            <arraySize>73</arraySize>
            <fileName>/badc/ipcc-ddc/data/netcdf/ar4_v2/pr/HADCM3_SRA1B_1_pr_2011-2030.nc</fileName>
            <variableName>latitude</variableName>
         </NetCDFExtract>
      </descriptor>
      <descriptor>
         <NetCDFExtract id="JsUHpq2s">
            <arraySize>2</arraySize>
            <fileName>/badc/ipcc-ddc/data/netcdf/ar4_v2/pr/HADCM3_SRA1B_1_pr_2011-2030.nc</fileName>
            <variableName>bounds</variableName>
         </NetCDFExtract>
      </descriptor>
      <descriptor>
         <NetCDFExtract id="G1Dgl69c">
            <arraySize>96</arraySize>
            <fileName>/badc/ipcc-ddc/data/netcdf/ar4_v2/pr/HADCM3_SRA1B_1_pr_2011-2030.nc</fileName>
            <variableName>longitude</variableName>
         </NetCDFExtract>
      </descriptor>
      <descriptor>
         <NetCDFExtract id="MNukyc4f">
            <arraySize>12</arraySize>
            <fileName>/badc/ipcc-ddc/data/netcdf/ar4_v2/pr/HADCM3_SRA1B_1_pr_2011-2030.nc</fileName>
            <variableName>time</variableName>
         </NetCDFExtract>
      </descriptor>
      <descriptor>
         <NetCDFExtract id="C8Brx3i3">
            <arraySize>73</arraySize>
            <fileName>/badc/ipcc-ddc/data/netcdf/ar4_v2/psl/HADCM3_SRA1B_1_psl_2011-2030.nc</fileName>
            <variableName>latitude</variableName>
         </NetCDFExtract>
      </descriptor>
      <descriptor>
         <NetCDFExtract id="ZTwTFGB3">
            <arraySize>2</arraySize>
            <fileName>/badc/ipcc-ddc/data/netcdf/ar4_v2/psl/HADCM3_SRA1B_1_psl_2011-2030.nc</fileName>
            <variableName>bounds</variableName>
         </NetCDFExtract>
      </descriptor>
      <descriptor>
         <NetCDFExtract id="JMcqJ1gr">
            <arraySize>96</arraySize>
            <fileName>/badc/ipcc-ddc/data/netcdf/ar4_v2/psl/HADCM3_SRA1B_1_psl_2011-2030.nc</fileName>
            <variableName>longitude</variableName>
         </NetCDFExtract>
      </descriptor>
      <descriptor>
         <NetCDFExtract id="NR16TnIp">
            <arraySize>12</arraySize>
            <fileName>/badc/ipcc-ddc/data/netcdf/ar4_v2/psl/HADCM3_SRA1B_1_psl_2011-2030.nc</fileName>
            <variableName>time</variableName>
         </NetCDFExtract>
      </descriptor>
      <descriptor>
         <NetCDFExtract id="Uf6vRuVV">
            <arraySize>73</arraySize>
            <fileName>/badc/ipcc-ddc/data/netcdf/ar4_v2/rsds/HADCM3_SRA1B_1_rsds_2011-2030.nc</fileName>
            <variableName>latitude</variableName>
         </NetCDFExtract>
      </descriptor>
      <descriptor>
         <NetCDFExtract id="WssFzwRe">
            <arraySize>2</arraySize>
            <fileName>/badc/ipcc-ddc/data/netcdf/ar4_v2/rsds/HADCM3_SRA1B_1_rsds_2011-2030.nc</fileName>
            <variableName>bounds</variableName>
         </NetCDFExtract>
      </descriptor>
      <descriptor>
         <NetCDFExtract id="Q8WBjipE">
            <arraySize>96</arraySize>
            <fileName>/badc/ipcc-ddc/data/netcdf/ar4_v2/rsds/HADCM3_SRA1B_1_rsds_2011-2030.nc</fileName>
            <variableName>longitude</variableName>
         </NetCDFExtract>
      </descriptor>
      <descriptor>
         <NetCDFExtract id="DeCpZU1I">
            <arraySize>12</arraySize>
            <fileName>/badc/ipcc-ddc/data/netcdf/ar4_v2/rsds/HADCM3_SRA1B_1_rsds_2011-2030.nc</fileName>
            <variableName>time</variableName>
         </NetCDFExtract>
      </descriptor>
      <descriptor>
         <NetCDFExtract id="QTQCOqrp">
            <arraySize>73</arraySize>
            <fileName>/badc/ipcc-ddc/data/netcdf/ar4_v2/tas/HADCM3_SRA1B_1_tas_2011-2030.nc</fileName>
            <variableName>latitude</variableName>
         </NetCDFExtract>
      </descriptor>
      <descriptor>
         <NetCDFExtract id="WE1uUFXj">
            <arraySize>2</arraySize>
            <fileName>/badc/ipcc-ddc/data/netcdf/ar4_v2/tas/HADCM3_SRA1B_1_tas_2011-2030.nc</fileName>
            <variableName>bounds</variableName>
         </NetCDFExtract>
      </descriptor>
      <descriptor>
         <NetCDFExtract id="DnAbkPFy">
            <arraySize>96</arraySize>
            <fileName>/badc/ipcc-ddc/data/netcdf/ar4_v2/tas/HADCM3_SRA1B_1_tas_2011-2030.nc</fileName>
            <variableName>longitude</variableName>
         </NetCDFExtract>
      </descriptor>
      <descriptor>
         <NetCDFExtract id="GgTeCFAO">
            <arraySize>12</arraySize>
            <fileName>/badc/ipcc-ddc/data/netcdf/ar4_v2/tas/HADCM3_SRA1B_1_tas_2011-2030.nc</fileName>
            <variableName>time</variableName>
         </NetCDFExtract>
      </descriptor>
      <descriptor>
         <NetCDFExtract id="RTOo0Bp9">
            <arraySize>72</arraySize>
            <fileName>/badc/ipcc-ddc/data/netcdf/ar4_v2/uas/HADCM3_SRA1B_1_uas_2011-2030.nc</fileName>
            <variableName>latitude</variableName>
         </NetCDFExtract>
      </descriptor>
      <descriptor>
         <NetCDFExtract id="TNmRrbbQ">
            <arraySize>2</arraySize>
            <fileName>/badc/ipcc-ddc/data/netcdf/ar4_v2/uas/HADCM3_SRA1B_1_uas_2011-2030.nc</fileName>
            <variableName>bounds</variableName>
         </NetCDFExtract>
      </descriptor>
      <descriptor>
         <NetCDFExtract id="SlPMO5Xi">
            <arraySize>96</arraySize>
            <fileName>/badc/ipcc-ddc/data/netcdf/ar4_v2/uas/HADCM3_SRA1B_1_uas_2011-2030.nc</fileName>
            <variableName>longitude</variableName>
         </NetCDFExtract>
      </descriptor>
      <descriptor>
         <NetCDFExtract id="P9fmP1KX">
            <arraySize>12</arraySize>
            <fileName>/badc/ipcc-ddc/data/netcdf/ar4_v2/uas/HADCM3_SRA1B_1_uas_2011-2030.nc</fileName>
            <variableName>time</variableName>
         </NetCDFExtract>
      </descriptor>
      <descriptor>
         <NetCDFExtract id="GfoDXnww">
            <arraySize>72</arraySize>
            <fileName>/badc/ipcc-ddc/data/netcdf/ar4_v2/vas/HADCM3_SRA1B_1_vas_2011-2030.nc</fileName>
            <variableName>latitude</variableName>
         </NetCDFExtract>
      </descriptor>
      <descriptor>
         <NetCDFExtract id="DTUSMbLB">
            <arraySize>2</arraySize>
            <fileName>/badc/ipcc-ddc/data/netcdf/ar4_v2/vas/HADCM3_SRA1B_1_vas_2011-2030.nc</fileName>
            <variableName>bounds</variableName>
         </NetCDFExtract>
      </descriptor>
      <descriptor>
         <NetCDFExtract id="GJcJ18eq">
            <arraySize>96</arraySize>
            <fileName>/badc/ipcc-ddc/data/netcdf/ar4_v2/vas/HADCM3_SRA1B_1_vas_2011-2030.nc</fileName>
            <variableName>longitude</variableName>
         </NetCDFExtract>
      </descriptor>
      <descriptor>
         <NetCDFExtract id="DiOKdVzg">
            <arraySize>12</arraySize>
            <fileName>/badc/ipcc-ddc/data/netcdf/ar4_v2/vas/HADCM3_SRA1B_1_vas_2011-2030.nc</fileName>
            <variableName>time</variableName>
         </NetCDFExtract>
      </descriptor>
      <descriptor>
         <AggregatedArray id="RnK7HCqr">
            <arraySize>84096</arraySize>
            <uom>1</uom>
            <aggType>new</aggType>
            <aggIndex>1</aggIndex>
            <component>
               <NetCDFExtract>
                  <arraySize>12  73  96</arraySize>
                  <fileList>
                     <FileList id="DU22EYaG">
                        <fileNames>/badc/ipcc-ddc/data/netcdf/ar4_v2/huss/HADCM3_SRA1B_1_huss_2011-2030.nc /badc/ipcc-ddc/data/netcdf/ar4_v2/huss/HADCM3_SRA1B_1_huss_2046-2065.nc /badc/ipcc-ddc/data/netcdf/ar4_v2/huss/HADCM3_SRA1B_1_huss_2080-2099.nc</fileNames>
                     </FileList>
                  </fileList>
                  <variableName>specific_humidity</variableName>
               </NetCDFExtract>
            </component>
         </AggregatedArray>
      </descriptor>
      <descriptor>
         <AggregatedArray id="EJ0dklPW">
            <arraySize>84096</arraySize>
            <uom>kg.m-2.s-1</uom>
            <aggType>new</aggType>
            <aggIndex>1</aggIndex>
            <component>
               <NetCDFExtract>
                  <arraySize>12  73  96</arraySize>
                  <fileList>
                     <FileList id="ZV2Gj4bI">
                        <fileNames>/badc/ipcc-ddc/data/netcdf/ar4_v2/pr/HADCM3_SRA1B_1_pr_2011-2030.nc /badc/ipcc-ddc/data/netcdf/ar4_v2/pr/HADCM3_SRA1B_1_pr_2046-2065.nc /badc/ipcc-ddc/data/netcdf/ar4_v2/pr/HADCM3_SRA1B_1_pr_2080-2099.nc</fileNames>
                     </FileList>
                  </fileList>
                  <variableName>precipitation_flux</variableName>
               </NetCDFExtract>
            </component>
         </AggregatedArray>
      </descriptor>
      <descriptor>
         <AggregatedArray id="AiqJ7JFU">
            <arraySize>84096</arraySize>
            <uom>Pa</uom>
            <aggType>new</aggType>
            <aggIndex>1</aggIndex>
            <component>
               <NetCDFExtract>
                  <arraySize>12  73  96</arraySize>
                  <fileList>
                     <FileList id="WR6qzlrz">
                        <fileNames>/badc/ipcc-ddc/data/netcdf/ar4_v2/psl/HADCM3_SRA1B_1_psl_2011-2030.nc /badc/ipcc-ddc/data/netcdf/ar4_v2/psl/HADCM3_SRA1B_1_psl_2046-2065.nc /badc/ipcc-ddc/data/netcdf/ar4_v2/psl/HADCM3_SRA1B_1_psl_2080-2099.nc</fileNames>
                     </FileList>
                  </fileList>
                  <variableName>air_pressure_at_sea_level</variableName>
               </NetCDFExtract>
            </component>
         </AggregatedArray>
      </descriptor>
      <descriptor>
         <AggregatedArray id="PmbGX4Gv">
            <arraySize>84096</arraySize>
            <uom>W.m-2</uom>
            <aggType>new</aggType>
            <aggIndex>1</aggIndex>
            <component>
               <NetCDFExtract>
                  <arraySize>12  73  96</arraySize>
                  <fileList>
                     <FileList id="DzoqxEuB">
                        <fileNames>/badc/ipcc-ddc/data/netcdf/ar4_v2/rsds/HADCM3_SRA1B_1_rsds_2011-2030.nc /badc/ipcc-ddc/data/netcdf/ar4_v2/rsds/HADCM3_SRA1B_1_rsds_2046-2065.nc /badc/ipcc-ddc/data/netcdf/ar4_v2/rsds/HADCM3_SRA1B_1_rsds_2080-2099.nc</fileNames>
                     </FileList>
                  </fileList>
                  <variableName>surface_downwelling_shortwave_flux_in_air</variableName>
               </NetCDFExtract>
            </component>
         </AggregatedArray>
      </descriptor>
      <descriptor>
         <AggregatedArray id="C5FZVib5">
            <arraySize>84096</arraySize>
            <uom>K</uom>
            <aggType>new</aggType>
            <aggIndex>1</aggIndex>
            <component>
               <NetCDFExtract>
                  <arraySize>12  73  96</arraySize>
                  <fileList>
                     <FileList id="SwtUMKja">
                        <fileNames>/badc/ipcc-ddc/data/netcdf/ar4_v2/tas/HADCM3_SRA1B_1_tas_2011-2030.nc /badc/ipcc-ddc/data/netcdf/ar4_v2/tas/HADCM3_SRA1B_1_tas_2046-2065.nc /badc/ipcc-ddc/data/netcdf/ar4_v2/tas/HADCM3_SRA1B_1_tas_2080-2099.nc</fileNames>
                     </FileList>
                  </fileList>
                  <variableName>air_temperature</variableName>
               </NetCDFExtract>
            </component>
         </AggregatedArray>
      </descriptor>
      <descriptor>
         <AggregatedArray id="TumIMUEk">
            <arraySize>82944</arraySize>
            <uom>m.s-1</uom>
            <aggType>new</aggType>
            <aggIndex>1</aggIndex>
            <component>
               <NetCDFExtract>
                  <arraySize>12  72  96</arraySize>
                  <fileList>
                     <FileList id="MUTgZykf">
                        <fileNames>/badc/ipcc-ddc/data/netcdf/ar4_v2/uas/HADCM3_SRA1B_1_uas_2011-2030.nc /badc/ipcc-ddc/data/netcdf/ar4_v2/uas/HADCM3_SRA1B_1_uas_2046-2065.nc /badc/ipcc-ddc/data/netcdf/ar4_v2/uas/HADCM3_SRA1B_1_uas_2080-2099.nc</fileNames>
                     </FileList>
                  </fileList>
                  <variableName>eastward_wind</variableName>
               </NetCDFExtract>
            </component>
         </AggregatedArray>
      </descriptor>
      <descriptor>
         <AggregatedArray id="WcEBoUs5">
            <arraySize>82944</arraySize>
            <uom>m.s-1</uom>
            <aggType>new</aggType>
            <aggIndex>1</aggIndex>
            <component>
               <NetCDFExtract>
                  <arraySize>12  72  96</arraySize>
                  <fileList>
                     <FileList id="YvGqrWic">
                        <fileNames>/badc/ipcc-ddc/data/netcdf/ar4_v2/vas/HADCM3_SRA1B_1_vas_2011-2030.nc /badc/ipcc-ddc/data/netcdf/ar4_v2/vas/HADCM3_SRA1B_1_vas_2046-2065.nc /badc/ipcc-ddc/data/netcdf/ar4_v2/vas/HADCM3_SRA1B_1_vas_2080-2099.nc</fileNames>
                     </FileList>
                  </fileList>
                  <variableName>northward_wind</variableName>
               </NetCDFExtract>
            </component>
         </AggregatedArray>
      </descriptor>
   </CSMLStorageDescriptor>
</Dataset>