<?xml version="1.0" encoding="UTF-8"?><Dataset xmlns="http://ndg.nerc.ac.uk/csml"  xmlns:gml="http://www.opengis.net/gml" xmlns:om="http://www.opengis.net/om" xmlns:swe="http://www.opengis.net/swe"  xmlns:xsi="http://www.w3.org/2001/XMLSchema-instance" xmlns:moles="http://ndg.nerc.ac.uk/moles"  xmlns:xlink="http://www.w3.org/1999/xlink" xsi:schemaLocation="http://ndg.nerc.ac.uk/csml/ schemas/csmlDataset.xsd" id="ar4_MRCGCM_SRA1B_change_20">
   <name>Scenario: SRA1B - Model: MRCGCM - 20 year mean anomaly</name>
   <AccessControlPolicy>
      <dgSecurityCondition>
         <moles:effect>allow</moles:effect>
         <moles:simpleCondition>
            <moles:dgAttributeAuthority>http://aa.ceda.rl.ac.uk/</moles:dgAttributeAuthority>
            <moles:attrauthRole>badc</moles:attrauthRole>
         </moles:simpleCondition>
      </dgSecurityCondition>
   </AccessControlPolicy>
   <CSMLFeatureCollection gml:id="R6oWEnmY">
      <gml:metaDataProperty></gml:metaDataProperty>
      <gml:boundedBy>
         <gml:EnvelopeWithTimePeriod srsName="WGS84">
            <gml:lowerCorner>0.0 -89.2586746216</gml:lowerCorner>
            <gml:upperCorner>360.0 89.2586746216</gml:upperCorner>
            <gml:beginPosition>2020-01-16T00:00:00.0</gml:beginPosition>
            <gml:endPosition>2189-12-16T00:00:00.0</gml:endPosition>
         </gml:EnvelopeWithTimePeriod>
      </gml:boundedBy>
      <featureMember>
         <GridSeriesFeature gml:id="specific_humidity_anomaly">
            <gml:description>missing description</gml:description>
            <gml:name>specific_humidity_anomaly</gml:name>
            <gml:boundedBy>
               <gml:EnvelopeWithTimePeriod srsName="WGS84">
                  <gml:lowerCorner>0.0 -89.2586746216</gml:lowerCorner>
                  <gml:upperCorner>360.0 89.2586746216</gml:upperCorner>
                  <gml:beginPosition>2020-01-16T00:00:00.0</gml:beginPosition>
                  <gml:endPosition>2189-12-16T00:00:00.0</gml:endPosition>
               </gml:EnvelopeWithTimePeriod>
            </gml:boundedBy>
            <value>
               <GridSeriesCoverage gml:id="ZHfYCyPP">
                  <gridSeriesDomain>
                     <GridSeriesDomain srsName="ndg:crs:lonlatt" uomLabels="degree_east degree_north days_since_2011-01-01" gml:id="XSt8uvaw" axisLabels="longitude latitude time" dimension="3" srsDimension="3">
                        <limits>
                           <gml:GridEnvelope>
                              <gml:low>0 0 0</gml:low>
                              <gml:high>0 0 0</gml:high>
                           </gml:GridEnvelope>
                        </limits>
                        <axisLabels>time latitude longitude</axisLabels>
                        <coordTransformTable>
                           <GridCoordinatesTable>
                              <gridOrdinate>
                                 <GridOrdinateDescription>
                                    <coordAxisLabel>time</coordAxisLabel>
                                    <coordAxisValues>
                                       <SpatialOrTemporalPositionList gml:id="RsRJdheU">
                                          <timePositionList frame="ndg:standard">2020-01-16T00:00:00.0 2020-02-16T00:00:00.0 2020-03-16T00:00:00.0 2020-04-16T00:00:00.0 2020-05-16T00:00:00.0 2020-06-16T00:00:00.0 2020-07-16T00:00:00.0 2020-08-16T00:00:00.0 2020-09-16T00:00:00.0 2020-10-16T00:00:00.0 2020-11-16T00:00:00.0 2020-12-16T00:00:00.0 2055-01-16T00:00:00.0 2055-02-16T00:00:00.0 2055-03-16T00:00:00.0 2055-04-16T00:00:00.0 2055-05-16T00:00:00.0 2055-06-16T00:00:00.0 2055-07-16T00:00:00.0 2055-08-16T00:00:00.0 2055-09-16T00:00:00.0 2055-10-16T00:00:00.0 2055-11-16T00:00:00.0 2055-12-16T00:00:00.0 2089-01-16T00:00:00.0 2089-02-16T00:00:00.0 2089-03-16T00:00:00.0 2089-04-16T00:00:00.0 2089-05-16T00:00:00.0 2089-06-16T00:00:00.0 2089-07-16T00:00:00.0 2089-08-16T00:00:00.0 2089-09-16T00:00:00.0 2089-10-16T00:00:00.0 2089-11-16T00:00:00.0 2089-12-16T00:00:00.0 2189-01-16T00:00:00.0 2189-02-16T00:00:00.0 2189-03-16T00:00:00.0 2189-04-16T00:00:00.0 2189-05-16T00:00:00.0 2189-06-16T00:00:00.0 2189-07-16T00:00:00.0 2189-08-16T00:00:00.0 2189-09-16T00:00:00.0 2189-10-16T00:00:00.0 2189-11-16T00:00:00.0 2189-12-16T00:00:00.0</timePositionList>
                                       </SpatialOrTemporalPositionList>
                                    </coordAxisValues>
                                    <gridAxesSpanned>time</gridAxesSpanned>
                                    <sequenceRule axisOrder="+1">Linear</sequenceRule>
                                 </GridOrdinateDescription>
                              </gridOrdinate>
                              <gridOrdinate>
                                 <GridOrdinateDescription>
                                    <coordAxisLabel>latitude</coordAxisLabel>
                                    <coordAxisValues xlink:href="#UIVpsCmg" xlink:show="embed" xlink:arcrole="coordinateList" xlink:role="http://ndg.nerc.ac.uk/fileFormat/csmlStorageDescriptor">
                                       <SpatialOrTemporalPositionList gml:id="RUUz22s7">
                                          <coordinateList></coordinateList>
                                       </SpatialOrTemporalPositionList>
                                    </coordAxisValues>
                                    <gridAxesSpanned>latitude</gridAxesSpanned>
                                    <sequenceRule axisOrder="+1">Linear</sequenceRule>
                                 </GridOrdinateDescription>
                              </gridOrdinate>
                              <gridOrdinate>
                                 <GridOrdinateDescription>
                                    <coordAxisLabel>longitude</coordAxisLabel>
                                    <coordAxisValues xlink:href="#NeJHohcj" xlink:show="embed" xlink:arcrole="coordinateList" xlink:role="http://ndg.nerc.ac.uk/fileFormat/csmlStorageDescriptor">
                                       <SpatialOrTemporalPositionList gml:id="AODMo7Mp">
                                          <coordinateList></coordinateList>
                                       </SpatialOrTemporalPositionList>
                                    </coordAxisValues>
                                    <gridAxesSpanned>longitude</gridAxesSpanned>
                                    <sequenceRule axisOrder="+1">Linear</sequenceRule>
                                 </GridOrdinateDescription>
                              </gridOrdinate>
                           </GridCoordinatesTable>
                        </coordTransformTable>
                     </GridSeriesDomain>
                  </gridSeriesDomain>
                  <gml:rangeSet>
                     <gml:ValueArray gml:id="G6s9HY2h">
                        <gml:valueComponent xlink:href="#KwAiThb6" xlink:show="embed" xlink:arcrole="QuantityList" xlink:role="http://ndg.nerc.ac.uk/fileFormat/csmlStorageDescriptor">
                           <gml:QuantityList uom="1"></gml:QuantityList>
                        </gml:valueComponent>
                     </gml:ValueArray>
                  </gml:rangeSet>
               </GridSeriesCoverage>
            </value>
            <parameter xlink:href="http://cfconventions.org/standard_names/specific_humidity_anomaly"></parameter>
         </GridSeriesFeature>
      </featureMember>
      <featureMember>
         <GridSeriesFeature gml:id="precipitation_flux_anomaly">
            <gml:description>missing description</gml:description>
            <gml:name>precipitation_flux_anomaly</gml:name>
            <gml:boundedBy>
               <gml:EnvelopeWithTimePeriod srsName="WGS84">
                  <gml:lowerCorner>0.0 -89.2586746216</gml:lowerCorner>
                  <gml:upperCorner>360.0 89.2586746216</gml:upperCorner>
                  <gml:beginPosition>2020-01-16T00:00:00.0</gml:beginPosition>
                  <gml:endPosition>2189-12-16T00:00:00.0</gml:endPosition>
               </gml:EnvelopeWithTimePeriod>
            </gml:boundedBy>
            <value>
               <GridSeriesCoverage gml:id="UJXQQg7X">
                  <gridSeriesDomain>
                     <GridSeriesDomain srsName="ndg:crs:lonlatt" uomLabels="degree_east degree_north days_since_2011-01-01" gml:id="BfHft1xP" axisLabels="longitude latitude time" dimension="3" srsDimension="3">
                        <limits>
                           <gml:GridEnvelope>
                              <gml:low>0 0 0</gml:low>
                              <gml:high>0 0 0</gml:high>
                           </gml:GridEnvelope>
                        </limits>
                        <axisLabels>time latitude longitude</axisLabels>
                        <coordTransformTable>
                           <GridCoordinatesTable>
                              <gridOrdinate>
                                 <GridOrdinateDescription>
                                    <coordAxisLabel>time</coordAxisLabel>
                                    <coordAxisValues>
                                       <SpatialOrTemporalPositionList gml:id="Lg9qcXTL">
                                          <timePositionList frame="ndg:standard">2020-01-16T00:00:00.0 2020-02-16T00:00:00.0 2020-03-16T00:00:00.0 2020-04-16T00:00:00.0 2020-05-16T00:00:00.0 2020-06-16T00:00:00.0 2020-07-16T00:00:00.0 2020-08-16T00:00:00.0 2020-09-16T00:00:00.0 2020-10-16T00:00:00.0 2020-11-16T00:00:00.0 2020-12-16T00:00:00.0 2055-01-16T00:00:00.0 2055-02-16T00:00:00.0 2055-03-16T00:00:00.0 2055-04-16T00:00:00.0 2055-05-16T00:00:00.0 2055-06-16T00:00:00.0 2055-07-16T00:00:00.0 2055-08-16T00:00:00.0 2055-09-16T00:00:00.0 2055-10-16T00:00:00.0 2055-11-16T00:00:00.0 2055-12-16T00:00:00.0 2089-01-16T00:00:00.0 2089-02-16T00:00:00.0 2089-03-16T00:00:00.0 2089-04-16T00:00:00.0 2089-05-16T00:00:00.0 2089-06-16T00:00:00.0 2089-07-16T00:00:00.0 2089-08-16T00:00:00.0 2089-09-16T00:00:00.0 2089-10-16T00:00:00.0 2089-11-16T00:00:00.0 2089-12-16T00:00:00.0 2189-01-16T00:00:00.0 2189-02-16T00:00:00.0 2189-03-16T00:00:00.0 2189-04-16T00:00:00.0 2189-05-16T00:00:00.0 2189-06-16T00:00:00.0 2189-07-16T00:00:00.0 2189-08-16T00:00:00.0 2189-09-16T00:00:00.0 2189-10-16T00:00:00.0 2189-11-16T00:00:00.0 2189-12-16T00:00:00.0</timePositionList>
                                       </SpatialOrTemporalPositionList>
                                    </coordAxisValues>
                                    <gridAxesSpanned>time</gridAxesSpanned>
                                    <sequenceRule axisOrder="+1">Linear</sequenceRule>
                                 </GridOrdinateDescription>
                              </gridOrdinate>
                              <gridOrdinate>
                                 <GridOrdinateDescription>
                                    <coordAxisLabel>latitude</coordAxisLabel>
                                    <coordAxisValues xlink:href="#HNs001Io" xlink:show="embed" xlink:arcrole="coordinateList" xlink:role="http://ndg.nerc.ac.uk/fileFormat/csmlStorageDescriptor">
                                       <SpatialOrTemporalPositionList gml:id="W8VEUJF7">
                                          <coordinateList></coordinateList>
                                       </SpatialOrTemporalPositionList>
                                    </coordAxisValues>
                                    <gridAxesSpanned>latitude</gridAxesSpanned>
                                    <sequenceRule axisOrder="+1">Linear</sequenceRule>
                                 </GridOrdinateDescription>
                              </gridOrdinate>
                              <gridOrdinate>
                                 <GridOrdinateDescription>
                                    <coordAxisLabel>longitude</coordAxisLabel>
                                    <coordAxisValues xlink:href="#Aff14jMi" xlink:show="embed" xlink:arcrole="coordinateList" xlink:role="http://ndg.nerc.ac.uk/fileFormat/csmlStorageDescriptor">
                                       <SpatialOrTemporalPositionList gml:id="T3NTk3ld">
                                          <coordinateList></coordinateList>
                                       </SpatialOrTemporalPositionList>
                                    </coordAxisValues>
                                    <gridAxesSpanned>longitude</gridAxesSpanned>
                                    <sequenceRule axisOrder="+1">Linear</sequenceRule>
                                 </GridOrdinateDescription>
                              </gridOrdinate>
                           </GridCoordinatesTable>
                        </coordTransformTable>
                     </GridSeriesDomain>
                  </gridSeriesDomain>
                  <gml:rangeSet>
                     <gml:ValueArray gml:id="LiMsLCXP">
                        <gml:valueComponent xlink:href="#VtPPeH3Y" xlink:show="embed" xlink:arcrole="QuantityList" xlink:role="http://ndg.nerc.ac.uk/fileFormat/csmlStorageDescriptor">
                           <gml:QuantityList uom="kg.m-2.s-1"></gml:QuantityList>
                        </gml:valueComponent>
                     </gml:ValueArray>
                  </gml:rangeSet>
               </GridSeriesCoverage>
            </value>
            <parameter xlink:href="http://cfconventions.org/standard_names/precipitation_flux_anomaly"></parameter>
         </GridSeriesFeature>
      </featureMember>
      <featureMember>
         <GridSeriesFeature gml:id="air_pressure_at_sea_level_anomaly">
            <gml:description>missing description</gml:description>
            <gml:name>air_pressure_at_sea_level_anomaly</gml:name>
            <gml:boundedBy>
               <gml:EnvelopeWithTimePeriod srsName="WGS84">
                  <gml:lowerCorner>0.0 -89.2586746216</gml:lowerCorner>
                  <gml:upperCorner>360.0 89.2586746216</gml:upperCorner>
                  <gml:beginPosition>2020-01-16T00:00:00.0</gml:beginPosition>
                  <gml:endPosition>2189-12-16T00:00:00.0</gml:endPosition>
               </gml:EnvelopeWithTimePeriod>
            </gml:boundedBy>
            <value>
               <GridSeriesCoverage gml:id="NObacJeY">
                  <gridSeriesDomain>
                     <GridSeriesDomain srsName="ndg:crs:lonlatt" uomLabels="degree_east degree_north days_since_2011-01-01" gml:id="A7PGyGY8" axisLabels="longitude latitude time" dimension="3" srsDimension="3">
                        <limits>
                           <gml:GridEnvelope>
                              <gml:low>0 0 0</gml:low>
                              <gml:high>0 0 0</gml:high>
                           </gml:GridEnvelope>
                        </limits>
                        <axisLabels>time latitude longitude</axisLabels>
                        <coordTransformTable>
                           <GridCoordinatesTable>
                              <gridOrdinate>
                                 <GridOrdinateDescription>
                                    <coordAxisLabel>time</coordAxisLabel>
                                    <coordAxisValues>
                                       <SpatialOrTemporalPositionList gml:id="McAYwaqB">
                                          <timePositionList frame="ndg:standard">2020-01-16T00:00:00.0 2020-02-16T00:00:00.0 2020-03-16T00:00:00.0 2020-04-16T00:00:00.0 2020-05-16T00:00:00.0 2020-06-16T00:00:00.0 2020-07-16T00:00:00.0 2020-08-16T00:00:00.0 2020-09-16T00:00:00.0 2020-10-16T00:00:00.0 2020-11-16T00:00:00.0 2020-12-16T00:00:00.0 2055-01-16T00:00:00.0 2055-02-16T00:00:00.0 2055-03-16T00:00:00.0 2055-04-16T00:00:00.0 2055-05-16T00:00:00.0 2055-06-16T00:00:00.0 2055-07-16T00:00:00.0 2055-08-16T00:00:00.0 2055-09-16T00:00:00.0 2055-10-16T00:00:00.0 2055-11-16T00:00:00.0 2055-12-16T00:00:00.0 2089-01-16T00:00:00.0 2089-02-16T00:00:00.0 2089-03-16T00:00:00.0 2089-04-16T00:00:00.0 2089-05-16T00:00:00.0 2089-06-16T00:00:00.0 2089-07-16T00:00:00.0 2089-08-16T00:00:00.0 2089-09-16T00:00:00.0 2089-10-16T00:00:00.0 2089-11-16T00:00:00.0 2089-12-16T00:00:00.0 2189-01-16T00:00:00.0 2189-02-16T00:00:00.0 2189-03-16T00:00:00.0 2189-04-16T00:00:00.0 2189-05-16T00:00:00.0 2189-06-16T00:00:00.0 2189-07-16T00:00:00.0 2189-08-16T00:00:00.0 2189-09-16T00:00:00.0 2189-10-16T00:00:00.0 2189-11-16T00:00:00.0 2189-12-16T00:00:00.0</timePositionList>
                                       </SpatialOrTemporalPositionList>
                                    </coordAxisValues>
                                    <gridAxesSpanned>time</gridAxesSpanned>
                                    <sequenceRule axisOrder="+1">Linear</sequenceRule>
                                 </GridOrdinateDescription>
                              </gridOrdinate>
                              <gridOrdinate>
                                 <GridOrdinateDescription>
                                    <coordAxisLabel>latitude</coordAxisLabel>
                                    <coordAxisValues xlink:href="#KMJ4V9jb" xlink:show="embed" xlink:arcrole="coordinateList" xlink:role="http://ndg.nerc.ac.uk/fileFormat/csmlStorageDescriptor">
                                       <SpatialOrTemporalPositionList gml:id="DVbwzV8g">
                                          <coordinateList></coordinateList>
                                       </SpatialOrTemporalPositionList>
                                    </coordAxisValues>
                                    <gridAxesSpanned>latitude</gridAxesSpanned>
                                    <sequenceRule axisOrder="+1">Linear</sequenceRule>
                                 </GridOrdinateDescription>
                              </gridOrdinate>
                              <gridOrdinate>
                                 <GridOrdinateDescription>
                                    <coordAxisLabel>longitude</coordAxisLabel>
                                    <coordAxisValues xlink:href="#G76HL7sw" xlink:show="embed" xlink:arcrole="coordinateList" xlink:role="http://ndg.nerc.ac.uk/fileFormat/csmlStorageDescriptor">
                                       <SpatialOrTemporalPositionList gml:id="Fj4gr1j9">
                                          <coordinateList></coordinateList>
                                       </SpatialOrTemporalPositionList>
                                    </coordAxisValues>
                                    <gridAxesSpanned>longitude</gridAxesSpanned>
                                    <sequenceRule axisOrder="+1">Linear</sequenceRule>
                                 </GridOrdinateDescription>
                              </gridOrdinate>
                           </GridCoordinatesTable>
                        </coordTransformTable>
                     </GridSeriesDomain>
                  </gridSeriesDomain>
                  <gml:rangeSet>
                     <gml:ValueArray gml:id="THZl8NRx">
                        <gml:valueComponent xlink:href="#FrLyzUCv" xlink:show="embed" xlink:arcrole="QuantityList" xlink:role="http://ndg.nerc.ac.uk/fileFormat/csmlStorageDescriptor">
                           <gml:QuantityList uom="Pa"></gml:QuantityList>
                        </gml:valueComponent>
                     </gml:ValueArray>
                  </gml:rangeSet>
               </GridSeriesCoverage>
            </value>
            <parameter xlink:href="http://cfconventions.org/standard_names/air_pressure_at_sea_level_anomaly"></parameter>
         </GridSeriesFeature>
      </featureMember>
      <featureMember>
         <GridSeriesFeature gml:id="surface_downwelling_shortwave_flux_in_air_anomaly">
            <gml:description>missing description</gml:description>
            <gml:name>surface_downwelling_shortwave_flux_in_air_anomaly</gml:name>
            <gml:boundedBy>
               <gml:EnvelopeWithTimePeriod srsName="WGS84">
                  <gml:lowerCorner>0.0 -89.2586746216</gml:lowerCorner>
                  <gml:upperCorner>360.0 89.2586746216</gml:upperCorner>
                  <gml:beginPosition>2020-01-16T00:00:00.0</gml:beginPosition>
                  <gml:endPosition>2189-12-16T00:00:00.0</gml:endPosition>
               </gml:EnvelopeWithTimePeriod>
            </gml:boundedBy>
            <value>
               <GridSeriesCoverage gml:id="AF194EfO">
                  <gridSeriesDomain>
                     <GridSeriesDomain srsName="ndg:crs:lonlatt" uomLabels="degree_east degree_north days_since_2011-01-01" gml:id="DQR0LF3g" axisLabels="longitude latitude time" dimension="3" srsDimension="3">
                        <limits>
                           <gml:GridEnvelope>
                              <gml:low>0 0 0</gml:low>
                              <gml:high>0 0 0</gml:high>
                           </gml:GridEnvelope>
                        </limits>
                        <axisLabels>time latitude longitude</axisLabels>
                        <coordTransformTable>
                           <GridCoordinatesTable>
                              <gridOrdinate>
                                 <GridOrdinateDescription>
                                    <coordAxisLabel>time</coordAxisLabel>
                                    <coordAxisValues>
                                       <SpatialOrTemporalPositionList gml:id="Oa5fVIMR">
                                          <timePositionList frame="ndg:standard">2020-01-16T00:00:00.0 2020-02-16T00:00:00.0 2020-03-16T00:00:00.0 2020-04-16T00:00:00.0 2020-05-16T00:00:00.0 2020-06-16T00:00:00.0 2020-07-16T00:00:00.0 2020-08-16T00:00:00.0 2020-09-16T00:00:00.0 2020-10-16T00:00:00.0 2020-11-16T00:00:00.0 2020-12-16T00:00:00.0 2055-01-16T00:00:00.0 2055-02-16T00:00:00.0 2055-03-16T00:00:00.0 2055-04-16T00:00:00.0 2055-05-16T00:00:00.0 2055-06-16T00:00:00.0 2055-07-16T00:00:00.0 2055-08-16T00:00:00.0 2055-09-16T00:00:00.0 2055-10-16T00:00:00.0 2055-11-16T00:00:00.0 2055-12-16T00:00:00.0 2089-01-16T00:00:00.0 2089-02-16T00:00:00.0 2089-03-16T00:00:00.0 2089-04-16T00:00:00.0 2089-05-16T00:00:00.0 2089-06-16T00:00:00.0 2089-07-16T00:00:00.0 2089-08-16T00:00:00.0 2089-09-16T00:00:00.0 2089-10-16T00:00:00.0 2089-11-16T00:00:00.0 2089-12-16T00:00:00.0 2189-01-16T00:00:00.0 2189-02-16T00:00:00.0 2189-03-16T00:00:00.0 2189-04-16T00:00:00.0 2189-05-16T00:00:00.0 2189-06-16T00:00:00.0 2189-07-16T00:00:00.0 2189-08-16T00:00:00.0 2189-09-16T00:00:00.0 2189-10-16T00:00:00.0 2189-11-16T00:00:00.0 2189-12-16T00:00:00.0</timePositionList>
                                       </SpatialOrTemporalPositionList>
                                    </coordAxisValues>
                                    <gridAxesSpanned>time</gridAxesSpanned>
                                    <sequenceRule axisOrder="+1">Linear</sequenceRule>
                                 </GridOrdinateDescription>
                              </gridOrdinate>
                              <gridOrdinate>
                                 <GridOrdinateDescription>
                                    <coordAxisLabel>latitude</coordAxisLabel>
                                    <coordAxisValues xlink:href="#YEOs2pNp" xlink:show="embed" xlink:arcrole="coordinateList" xlink:role="http://ndg.nerc.ac.uk/fileFormat/csmlStorageDescriptor">
                                       <SpatialOrTemporalPositionList gml:id="WznqL4tf">
                                          <coordinateList></coordinateList>
                                       </SpatialOrTemporalPositionList>
                                    </coordAxisValues>
                                    <gridAxesSpanned>latitude</gridAxesSpanned>
                                    <sequenceRule axisOrder="+1">Linear</sequenceRule>
                                 </GridOrdinateDescription>
                              </gridOrdinate>
                              <gridOrdinate>
                                 <GridOrdinateDescription>
                                    <coordAxisLabel>longitude</coordAxisLabel>
                                    <coordAxisValues xlink:href="#EfYYzNz8" xlink:show="embed" xlink:arcrole="coordinateList" xlink:role="http://ndg.nerc.ac.uk/fileFormat/csmlStorageDescriptor">
                                       <SpatialOrTemporalPositionList gml:id="JhfyoGQm">
                                          <coordinateList></coordinateList>
                                       </SpatialOrTemporalPositionList>
                                    </coordAxisValues>
                                    <gridAxesSpanned>longitude</gridAxesSpanned>
                                    <sequenceRule axisOrder="+1">Linear</sequenceRule>
                                 </GridOrdinateDescription>
                              </gridOrdinate>
                           </GridCoordinatesTable>
                        </coordTransformTable>
                     </GridSeriesDomain>
                  </gridSeriesDomain>
                  <gml:rangeSet>
                     <gml:ValueArray gml:id="XJTG9hyI">
                        <gml:valueComponent xlink:href="#ZynFCXtI" xlink:show="embed" xlink:arcrole="QuantityList" xlink:role="http://ndg.nerc.ac.uk/fileFormat/csmlStorageDescriptor">
                           <gml:QuantityList uom="W.m-2"></gml:QuantityList>
                        </gml:valueComponent>
                     </gml:ValueArray>
                  </gml:rangeSet>
               </GridSeriesCoverage>
            </value>
            <parameter xlink:href="http://cfconventions.org/standard_names/surface_downwelling_shortwave_flux_in_air_anomaly"></parameter>
         </GridSeriesFeature>
      </featureMember>
      <featureMember>
         <GridSeriesFeature gml:id="air_temperature_anomaly">
            <gml:description>missing description</gml:description>
            <gml:name>air_temperature_anomaly</gml:name>
            <gml:boundedBy>
               <gml:EnvelopeWithTimePeriod srsName="WGS84">
                  <gml:lowerCorner>0.0 -89.2586746216</gml:lowerCorner>
                  <gml:upperCorner>360.0 89.2586746216</gml:upperCorner>
                  <gml:beginPosition>2020-01-16T00:00:00.0</gml:beginPosition>
                  <gml:endPosition>2189-12-16T00:00:00.0</gml:endPosition>
               </gml:EnvelopeWithTimePeriod>
            </gml:boundedBy>
            <value>
               <GridSeriesCoverage gml:id="XLzzV5kI">
                  <gridSeriesDomain>
                     <GridSeriesDomain srsName="ndg:crs:lonlatt" uomLabels="degree_east degree_north days_since_2011-01-01" gml:id="E2hPv9Yj" axisLabels="longitude latitude time" dimension="3" srsDimension="3">
                        <limits>
                           <gml:GridEnvelope>
                              <gml:low>0 0 0</gml:low>
                              <gml:high>0 0 0</gml:high>
                           </gml:GridEnvelope>
                        </limits>
                        <axisLabels>time latitude longitude</axisLabels>
                        <coordTransformTable>
                           <GridCoordinatesTable>
                              <gridOrdinate>
                                 <GridOrdinateDescription>
                                    <coordAxisLabel>time</coordAxisLabel>
                                    <coordAxisValues>
                                       <SpatialOrTemporalPositionList gml:id="RoSzyuom">
                                          <timePositionList frame="ndg:standard">2020-01-16T00:00:00.0 2020-02-16T00:00:00.0 2020-03-16T00:00:00.0 2020-04-16T00:00:00.0 2020-05-16T00:00:00.0 2020-06-16T00:00:00.0 2020-07-16T00:00:00.0 2020-08-16T00:00:00.0 2020-09-16T00:00:00.0 2020-10-16T00:00:00.0 2020-11-16T00:00:00.0 2020-12-16T00:00:00.0 2055-01-16T00:00:00.0 2055-02-16T00:00:00.0 2055-03-16T00:00:00.0 2055-04-16T00:00:00.0 2055-05-16T00:00:00.0 2055-06-16T00:00:00.0 2055-07-16T00:00:00.0 2055-08-16T00:00:00.0 2055-09-16T00:00:00.0 2055-10-16T00:00:00.0 2055-11-16T00:00:00.0 2055-12-16T00:00:00.0 2089-01-16T00:00:00.0 2089-02-16T00:00:00.0 2089-03-16T00:00:00.0 2089-04-16T00:00:00.0 2089-05-16T00:00:00.0 2089-06-16T00:00:00.0 2089-07-16T00:00:00.0 2089-08-16T00:00:00.0 2089-09-16T00:00:00.0 2089-10-16T00:00:00.0 2089-11-16T00:00:00.0 2089-12-16T00:00:00.0 2189-01-16T00:00:00.0 2189-02-16T00:00:00.0 2189-03-16T00:00:00.0 2189-04-16T00:00:00.0 2189-05-16T00:00:00.0 2189-06-16T00:00:00.0 2189-07-16T00:00:00.0 2189-08-16T00:00:00.0 2189-09-16T00:00:00.0 2189-10-16T00:00:00.0 2189-11-16T00:00:00.0 2189-12-16T00:00:00.0</timePositionList>
                                       </SpatialOrTemporalPositionList>
                                    </coordAxisValues>
                                    <gridAxesSpanned>time</gridAxesSpanned>
                                    <sequenceRule axisOrder="+1">Linear</sequenceRule>
                                 </GridOrdinateDescription>
                              </gridOrdinate>
                              <gridOrdinate>
                                 <GridOrdinateDescription>
                                    <coordAxisLabel>latitude</coordAxisLabel>
                                    <coordAxisValues xlink:href="#FReZzhUT" xlink:show="embed" xlink:arcrole="coordinateList" xlink:role="http://ndg.nerc.ac.uk/fileFormat/csmlStorageDescriptor">
                                       <SpatialOrTemporalPositionList gml:id="RyCcuYQl">
                                          <coordinateList></coordinateList>
                                       </SpatialOrTemporalPositionList>
                                    </coordAxisValues>
                                    <gridAxesSpanned>latitude</gridAxesSpanned>
                                    <sequenceRule axisOrder="+1">Linear</sequenceRule>
                                 </GridOrdinateDescription>
                              </gridOrdinate>
                              <gridOrdinate>
                                 <GridOrdinateDescription>
                                    <coordAxisLabel>longitude</coordAxisLabel>
                                    <coordAxisValues xlink:href="#RWiwIglg" xlink:show="embed" xlink:arcrole="coordinateList" xlink:role="http://ndg.nerc.ac.uk/fileFormat/csmlStorageDescriptor">
                                       <SpatialOrTemporalPositionList gml:id="IZuxoztJ">
                                          <coordinateList></coordinateList>
                                       </SpatialOrTemporalPositionList>
                                    </coordAxisValues>
                                    <gridAxesSpanned>longitude</gridAxesSpanned>
                                    <sequenceRule axisOrder="+1">Linear</sequenceRule>
                                 </GridOrdinateDescription>
                              </gridOrdinate>
                           </GridCoordinatesTable>
                        </coordTransformTable>
                     </GridSeriesDomain>
                  </gridSeriesDomain>
                  <gml:rangeSet>
                     <gml:ValueArray gml:id="M9OL31Ql">
                        <gml:valueComponent xlink:href="#YqX8sXRo" xlink:show="embed" xlink:arcrole="QuantityList" xlink:role="http://ndg.nerc.ac.uk/fileFormat/csmlStorageDescriptor">
                           <gml:QuantityList uom="K"></gml:QuantityList>
                        </gml:valueComponent>
                     </gml:ValueArray>
                  </gml:rangeSet>
               </GridSeriesCoverage>
            </value>
            <parameter xlink:href="http://cfconventions.org/standard_names/air_temperature_anomaly"></parameter>
         </GridSeriesFeature>
      </featureMember>
      <featureMember>
         <GridSeriesFeature gml:id="eastward_wind_anomaly">
            <gml:description>missing description</gml:description>
            <gml:name>eastward_wind_anomaly</gml:name>
            <gml:boundedBy>
               <gml:EnvelopeWithTimePeriod srsName="WGS84">
                  <gml:lowerCorner>0.0 -89.2586746216</gml:lowerCorner>
                  <gml:upperCorner>360.0 89.2586746216</gml:upperCorner>
                  <gml:beginPosition>2020-01-16T00:00:00.0</gml:beginPosition>
                  <gml:endPosition>2189-12-16T00:00:00.0</gml:endPosition>
               </gml:EnvelopeWithTimePeriod>
            </gml:boundedBy>
            <value>
               <GridSeriesCoverage gml:id="CybmDseX">
                  <gridSeriesDomain>
                     <GridSeriesDomain srsName="ndg:crs:lonlatt" uomLabels="degree_east degree_north days_since_2011-01-01" gml:id="Q5yze7GE" axisLabels="longitude latitude time" dimension="3" srsDimension="3">
                        <limits>
                           <gml:GridEnvelope>
                              <gml:low>0 0 0</gml:low>
                              <gml:high>0 0 0</gml:high>
                           </gml:GridEnvelope>
                        </limits>
                        <axisLabels>time latitude longitude</axisLabels>
                        <coordTransformTable>
                           <GridCoordinatesTable>
                              <gridOrdinate>
                                 <GridOrdinateDescription>
                                    <coordAxisLabel>time</coordAxisLabel>
                                    <coordAxisValues>
                                       <SpatialOrTemporalPositionList gml:id="E5Py7GyV">
                                          <timePositionList frame="ndg:standard">2020-01-16T00:00:00.0 2020-02-16T00:00:00.0 2020-03-16T00:00:00.0 2020-04-16T00:00:00.0 2020-05-16T00:00:00.0 2020-06-16T00:00:00.0 2020-07-16T00:00:00.0 2020-08-16T00:00:00.0 2020-09-16T00:00:00.0 2020-10-16T00:00:00.0 2020-11-16T00:00:00.0 2020-12-16T00:00:00.0 2055-01-16T00:00:00.0 2055-02-16T00:00:00.0 2055-03-16T00:00:00.0 2055-04-16T00:00:00.0 2055-05-16T00:00:00.0 2055-06-16T00:00:00.0 2055-07-16T00:00:00.0 2055-08-16T00:00:00.0 2055-09-16T00:00:00.0 2055-10-16T00:00:00.0 2055-11-16T00:00:00.0 2055-12-16T00:00:00.0 2089-01-16T00:00:00.0 2089-02-16T00:00:00.0 2089-03-16T00:00:00.0 2089-04-16T00:00:00.0 2089-05-16T00:00:00.0 2089-06-16T00:00:00.0 2089-07-16T00:00:00.0 2089-08-16T00:00:00.0 2089-09-16T00:00:00.0 2089-10-16T00:00:00.0 2089-11-16T00:00:00.0 2089-12-16T00:00:00.0 2189-01-16T00:00:00.0 2189-02-16T00:00:00.0 2189-03-16T00:00:00.0 2189-04-16T00:00:00.0 2189-05-16T00:00:00.0 2189-06-16T00:00:00.0 2189-07-16T00:00:00.0 2189-08-16T00:00:00.0 2189-09-16T00:00:00.0 2189-10-16T00:00:00.0 2189-11-16T00:00:00.0 2189-12-16T00:00:00.0</timePositionList>
                                       </SpatialOrTemporalPositionList>
                                    </coordAxisValues>
                                    <gridAxesSpanned>time</gridAxesSpanned>
                                    <sequenceRule axisOrder="+1">Linear</sequenceRule>
                                 </GridOrdinateDescription>
                              </gridOrdinate>
                              <gridOrdinate>
                                 <GridOrdinateDescription>
                                    <coordAxisLabel>latitude</coordAxisLabel>
                                    <coordAxisValues xlink:href="#HQ7pMXjH" xlink:show="embed" xlink:arcrole="coordinateList" xlink:role="http://ndg.nerc.ac.uk/fileFormat/csmlStorageDescriptor">
                                       <SpatialOrTemporalPositionList gml:id="Y7J5AIlp">
                                          <coordinateList></coordinateList>
                                       </SpatialOrTemporalPositionList>
                                    </coordAxisValues>
                                    <gridAxesSpanned>latitude</gridAxesSpanned>
                                    <sequenceRule axisOrder="+1">Linear</sequenceRule>
                                 </GridOrdinateDescription>
                              </gridOrdinate>
                              <gridOrdinate>
                                 <GridOrdinateDescription>
                                    <coordAxisLabel>longitude</coordAxisLabel>
                                    <coordAxisValues xlink:href="#DAemQIzf" xlink:show="embed" xlink:arcrole="coordinateList" xlink:role="http://ndg.nerc.ac.uk/fileFormat/csmlStorageDescriptor">
                                       <SpatialOrTemporalPositionList gml:id="MfgWQnAq">
                                          <coordinateList></coordinateList>
                                       </SpatialOrTemporalPositionList>
                                    </coordAxisValues>
                                    <gridAxesSpanned>longitude</gridAxesSpanned>
                                    <sequenceRule axisOrder="+1">Linear</sequenceRule>
                                 </GridOrdinateDescription>
                              </gridOrdinate>
                           </GridCoordinatesTable>
                        </coordTransformTable>
                     </GridSeriesDomain>
                  </gridSeriesDomain>
                  <gml:rangeSet>
                     <gml:ValueArray gml:id="X5AqV0wV">
                        <gml:valueComponent xlink:href="#X89EPaKm" xlink:show="embed" xlink:arcrole="QuantityList" xlink:role="http://ndg.nerc.ac.uk/fileFormat/csmlStorageDescriptor">
                           <gml:QuantityList uom="m.s-1"></gml:QuantityList>
                        </gml:valueComponent>
                     </gml:ValueArray>
                  </gml:rangeSet>
               </GridSeriesCoverage>
            </value>
            <parameter xlink:href="http://cfconventions.org/standard_names/eastward_wind_anomaly"></parameter>
         </GridSeriesFeature>
      </featureMember>
      <featureMember>
         <GridSeriesFeature gml:id="northward_wind_anomaly">
            <gml:description>missing description</gml:description>
            <gml:name>northward_wind_anomaly</gml:name>
            <gml:boundedBy>
               <gml:EnvelopeWithTimePeriod srsName="WGS84">
                  <gml:lowerCorner>0.0 -89.2586746216</gml:lowerCorner>
                  <gml:upperCorner>360.0 89.2586746216</gml:upperCorner>
                  <gml:beginPosition>2020-01-16T00:00:00.0</gml:beginPosition>
                  <gml:endPosition>2189-12-16T00:00:00.0</gml:endPosition>
               </gml:EnvelopeWithTimePeriod>
            </gml:boundedBy>
            <value>
               <GridSeriesCoverage gml:id="KSL9xEgq">
                  <gridSeriesDomain>
                     <GridSeriesDomain srsName="ndg:crs:lonlatt" uomLabels="degree_east degree_north days_since_2011-01-01" gml:id="VRzab3CR" axisLabels="longitude latitude time" dimension="3" srsDimension="3">
                        <limits>
                           <gml:GridEnvelope>
                              <gml:low>0 0 0</gml:low>
                              <gml:high>0 0 0</gml:high>
                           </gml:GridEnvelope>
                        </limits>
                        <axisLabels>time latitude longitude</axisLabels>
                        <coordTransformTable>
                           <GridCoordinatesTable>
                              <gridOrdinate>
                                 <GridOrdinateDescription>
                                    <coordAxisLabel>time</coordAxisLabel>
                                    <coordAxisValues>
                                       <SpatialOrTemporalPositionList gml:id="WnlVmTk4">
                                          <timePositionList frame="ndg:standard">2020-01-16T00:00:00.0 2020-02-16T00:00:00.0 2020-03-16T00:00:00.0 2020-04-16T00:00:00.0 2020-05-16T00:00:00.0 2020-06-16T00:00:00.0 2020-07-16T00:00:00.0 2020-08-16T00:00:00.0 2020-09-16T00:00:00.0 2020-10-16T00:00:00.0 2020-11-16T00:00:00.0 2020-12-16T00:00:00.0 2055-01-16T00:00:00.0 2055-02-16T00:00:00.0 2055-03-16T00:00:00.0 2055-04-16T00:00:00.0 2055-05-16T00:00:00.0 2055-06-16T00:00:00.0 2055-07-16T00:00:00.0 2055-08-16T00:00:00.0 2055-09-16T00:00:00.0 2055-10-16T00:00:00.0 2055-11-16T00:00:00.0 2055-12-16T00:00:00.0 2089-01-16T00:00:00.0 2089-02-16T00:00:00.0 2089-03-16T00:00:00.0 2089-04-16T00:00:00.0 2089-05-16T00:00:00.0 2089-06-16T00:00:00.0 2089-07-16T00:00:00.0 2089-08-16T00:00:00.0 2089-09-16T00:00:00.0 2089-10-16T00:00:00.0 2089-11-16T00:00:00.0 2089-12-16T00:00:00.0 2189-01-16T00:00:00.0 2189-02-16T00:00:00.0 2189-03-16T00:00:00.0 2189-04-16T00:00:00.0 2189-05-16T00:00:00.0 2189-06-16T00:00:00.0 2189-07-16T00:00:00.0 2189-08-16T00:00:00.0 2189-09-16T00:00:00.0 2189-10-16T00:00:00.0 2189-11-16T00:00:00.0 2189-12-16T00:00:00.0</timePositionList>
                                       </SpatialOrTemporalPositionList>
                                    </coordAxisValues>
                                    <gridAxesSpanned>time</gridAxesSpanned>
                                    <sequenceRule axisOrder="+1">Linear</sequenceRule>
                                 </GridOrdinateDescription>
                              </gridOrdinate>
                              <gridOrdinate>
                                 <GridOrdinateDescription>
                                    <coordAxisLabel>latitude</coordAxisLabel>
                                    <coordAxisValues xlink:href="#FLWQ2Tqa" xlink:show="embed" xlink:arcrole="coordinateList" xlink:role="http://ndg.nerc.ac.uk/fileFormat/csmlStorageDescriptor">
                                       <SpatialOrTemporalPositionList gml:id="Cez09sri">
                                          <coordinateList></coordinateList>
                                       </SpatialOrTemporalPositionList>
                                    </coordAxisValues>
                                    <gridAxesSpanned>latitude</gridAxesSpanned>
                                    <sequenceRule axisOrder="+1">Linear</sequenceRule>
                                 </GridOrdinateDescription>
                              </gridOrdinate>
                              <gridOrdinate>
                                 <GridOrdinateDescription>
                                    <coordAxisLabel>longitude</coordAxisLabel>
                                    <coordAxisValues xlink:href="#Bg8DIc2b" xlink:show="embed" xlink:arcrole="coordinateList" xlink:role="http://ndg.nerc.ac.uk/fileFormat/csmlStorageDescriptor">
                                       <SpatialOrTemporalPositionList gml:id="ZhhKqPAq">
                                          <coordinateList></coordinateList>
                                       </SpatialOrTemporalPositionList>
                                    </coordAxisValues>
                                    <gridAxesSpanned>longitude</gridAxesSpanned>
                                    <sequenceRule axisOrder="+1">Linear</sequenceRule>
                                 </GridOrdinateDescription>
                              </gridOrdinate>
                           </GridCoordinatesTable>
                        </coordTransformTable>
                     </GridSeriesDomain>
                  </gridSeriesDomain>
                  <gml:rangeSet>
                     <gml:ValueArray gml:id="JciN36Da">
                        <gml:valueComponent xlink:href="#X4zKS5xa" xlink:show="embed" xlink:arcrole="QuantityList" xlink:role="http://ndg.nerc.ac.uk/fileFormat/csmlStorageDescriptor">
                           <gml:QuantityList uom="m.s-1"></gml:QuantityList>
                        </gml:valueComponent>
                     </gml:ValueArray>
                  </gml:rangeSet>
               </GridSeriesCoverage>
            </value>
            <parameter xlink:href="http://cfconventions.org/standard_names/northward_wind_anomaly"></parameter>
         </GridSeriesFeature>
      </featureMember>
   </CSMLFeatureCollection>
   <CSMLStorageDescriptor>
      <descriptor>
         <NetCDFExtract id="UIVpsCmg">
            <arraySize>64</arraySize>
            <fileName>/badc/ipcc-ddc/data/netcdf/ar4_v2/huss/MRCGCM_SRA1B_1_huss-change_2011-2030.nc</fileName>
            <variableName>latitude</variableName>
         </NetCDFExtract>
      </descriptor>
      <descriptor>
         <NetCDFExtract id="YgzZoG0f">
            <arraySize>2</arraySize>
            <fileName>/badc/ipcc-ddc/data/netcdf/ar4_v2/huss/MRCGCM_SRA1B_1_huss-change_2011-2030.nc</fileName>
            <variableName>bounds</variableName>
         </NetCDFExtract>
      </descriptor>
      <descriptor>
         <NetCDFExtract id="NeJHohcj">
            <arraySize>128</arraySize>
            <fileName>/badc/ipcc-ddc/data/netcdf/ar4_v2/huss/MRCGCM_SRA1B_1_huss-change_2011-2030.nc</fileName>
            <variableName>longitude</variableName>
         </NetCDFExtract>
      </descriptor>
      <descriptor>
         <NetCDFExtract id="DFAIdt2v">
            <arraySize>12</arraySize>
            <fileName>/badc/ipcc-ddc/data/netcdf/ar4_v2/huss/MRCGCM_SRA1B_1_huss-change_2011-2030.nc</fileName>
            <variableName>time</variableName>
         </NetCDFExtract>
      </descriptor>
      <descriptor>
         <NetCDFExtract id="HNs001Io">
            <arraySize>64</arraySize>
            <fileName>/badc/ipcc-ddc/data/netcdf/ar4_v2/pr/MRCGCM_SRA1B_1_pr-change_2011-2030.nc</fileName>
            <variableName>latitude</variableName>
         </NetCDFExtract>
      </descriptor>
      <descriptor>
         <NetCDFExtract id="K61VTGjE">
            <arraySize>2</arraySize>
            <fileName>/badc/ipcc-ddc/data/netcdf/ar4_v2/pr/MRCGCM_SRA1B_1_pr-change_2011-2030.nc</fileName>
            <variableName>bounds</variableName>
         </NetCDFExtract>
      </descriptor>
      <descriptor>
         <NetCDFExtract id="Aff14jMi">
            <arraySize>128</arraySize>
            <fileName>/badc/ipcc-ddc/data/netcdf/ar4_v2/pr/MRCGCM_SRA1B_1_pr-change_2011-2030.nc</fileName>
            <variableName>longitude</variableName>
         </NetCDFExtract>
      </descriptor>
      <descriptor>
         <NetCDFExtract id="Eh2ZuCxQ">
            <arraySize>12</arraySize>
            <fileName>/badc/ipcc-ddc/data/netcdf/ar4_v2/pr/MRCGCM_SRA1B_1_pr-change_2011-2030.nc</fileName>
            <variableName>time</variableName>
         </NetCDFExtract>
      </descriptor>
      <descriptor>
         <NetCDFExtract id="KMJ4V9jb">
            <arraySize>64</arraySize>
            <fileName>/badc/ipcc-ddc/data/netcdf/ar4_v2/psl/MRCGCM_SRA1B_1_psl-change_2011-2030.nc</fileName>
            <variableName>latitude</variableName>
         </NetCDFExtract>
      </descriptor>
      <descriptor>
         <NetCDFExtract id="WrvSE3DN">
            <arraySize>2</arraySize>
            <fileName>/badc/ipcc-ddc/data/netcdf/ar4_v2/psl/MRCGCM_SRA1B_1_psl-change_2011-2030.nc</fileName>
            <variableName>bounds</variableName>
         </NetCDFExtract>
      </descriptor>
      <descriptor>
         <NetCDFExtract id="G76HL7sw">
            <arraySize>128</arraySize>
            <fileName>/badc/ipcc-ddc/data/netcdf/ar4_v2/psl/MRCGCM_SRA1B_1_psl-change_2011-2030.nc</fileName>
            <variableName>longitude</variableName>
         </NetCDFExtract>
      </descriptor>
      <descriptor>
         <NetCDFExtract id="JmXyYJqV">
            <arraySize>12</arraySize>
            <fileName>/badc/ipcc-ddc/data/netcdf/ar4_v2/psl/MRCGCM_SRA1B_1_psl-change_2011-2030.nc</fileName>
            <variableName>time</variableName>
         </NetCDFExtract>
      </descriptor>
      <descriptor>
         <NetCDFExtract id="YEOs2pNp">
            <arraySize>64</arraySize>
            <fileName>/badc/ipcc-ddc/data/netcdf/ar4_v2/rsds/MRCGCM_SRA1B_1_rsds-change_2011-2030.nc</fileName>
            <variableName>latitude</variableName>
         </NetCDFExtract>
      </descriptor>
      <descriptor>
         <NetCDFExtract id="ZjUEw6H5">
            <arraySize>2</arraySize>
            <fileName>/badc/ipcc-ddc/data/netcdf/ar4_v2/rsds/MRCGCM_SRA1B_1_rsds-change_2011-2030.nc</fileName>
            <variableName>bounds</variableName>
         </NetCDFExtract>
      </descriptor>
      <descriptor>
         <NetCDFExtract id="EfYYzNz8">
            <arraySize>128</arraySize>
            <fileName>/badc/ipcc-ddc/data/netcdf/ar4_v2/rsds/MRCGCM_SRA1B_1_rsds-change_2011-2030.nc</fileName>
            <variableName>longitude</variableName>
         </NetCDFExtract>
      </descriptor>
      <descriptor>
         <NetCDFExtract id="HCpsRpBn">
            <arraySize>12</arraySize>
            <fileName>/badc/ipcc-ddc/data/netcdf/ar4_v2/rsds/MRCGCM_SRA1B_1_rsds-change_2011-2030.nc</fileName>
            <variableName>time</variableName>
         </NetCDFExtract>
      </descriptor>
      <descriptor>
         <NetCDFExtract id="FReZzhUT">
            <arraySize>64</arraySize>
            <fileName>/badc/ipcc-ddc/data/netcdf/ar4_v2/tas/MRCGCM_SRA1B_1_tas-change_2011-2030.nc</fileName>
            <variableName>latitude</variableName>
         </NetCDFExtract>
      </descriptor>
      <descriptor>
         <NetCDFExtract id="HFgu8Fuf">
            <arraySize>2</arraySize>
            <fileName>/badc/ipcc-ddc/data/netcdf/ar4_v2/tas/MRCGCM_SRA1B_1_tas-change_2011-2030.nc</fileName>
            <variableName>bounds</variableName>
         </NetCDFExtract>
      </descriptor>
      <descriptor>
         <NetCDFExtract id="RWiwIglg">
            <arraySize>128</arraySize>
            <fileName>/badc/ipcc-ddc/data/netcdf/ar4_v2/tas/MRCGCM_SRA1B_1_tas-change_2011-2030.nc</fileName>
            <variableName>longitude</variableName>
         </NetCDFExtract>
      </descriptor>
      <descriptor>
         <NetCDFExtract id="NnrzfQUo">
            <arraySize>12</arraySize>
            <fileName>/badc/ipcc-ddc/data/netcdf/ar4_v2/tas/MRCGCM_SRA1B_1_tas-change_2011-2030.nc</fileName>
            <variableName>time</variableName>
         </NetCDFExtract>
      </descriptor>
      <descriptor>
         <NetCDFExtract id="HQ7pMXjH">
            <arraySize>64</arraySize>
            <fileName>/badc/ipcc-ddc/data/netcdf/ar4_v2/uas/MRCGCM_SRA1B_1_uas-change_2011-2030.nc</fileName>
            <variableName>latitude</variableName>
         </NetCDFExtract>
      </descriptor>
      <descriptor>
         <NetCDFExtract id="Kcn2t4gU">
            <arraySize>2</arraySize>
            <fileName>/badc/ipcc-ddc/data/netcdf/ar4_v2/uas/MRCGCM_SRA1B_1_uas-change_2011-2030.nc</fileName>
            <variableName>bounds</variableName>
         </NetCDFExtract>
      </descriptor>
      <descriptor>
         <NetCDFExtract id="DAemQIzf">
            <arraySize>128</arraySize>
            <fileName>/badc/ipcc-ddc/data/netcdf/ar4_v2/uas/MRCGCM_SRA1B_1_uas-change_2011-2030.nc</fileName>
            <variableName>longitude</variableName>
         </NetCDFExtract>
      </descriptor>
      <descriptor>
         <NetCDFExtract id="CpujOvQm">
            <arraySize>12</arraySize>
            <fileName>/badc/ipcc-ddc/data/netcdf/ar4_v2/uas/MRCGCM_SRA1B_1_uas-change_2011-2030.nc</fileName>
            <variableName>time</variableName>
         </NetCDFExtract>
      </descriptor>
      <descriptor>
         <NetCDFExtract id="FLWQ2Tqa">
            <arraySize>64</arraySize>
            <fileName>/badc/ipcc-ddc/data/netcdf/ar4_v2/vas/MRCGCM_SRA1B_1_vas-change_2011-2030.nc</fileName>
            <variableName>latitude</variableName>
         </NetCDFExtract>
      </descriptor>
      <descriptor>
         <NetCDFExtract id="PXFiSJH4">
            <arraySize>2</arraySize>
            <fileName>/badc/ipcc-ddc/data/netcdf/ar4_v2/vas/MRCGCM_SRA1B_1_vas-change_2011-2030.nc</fileName>
            <variableName>bounds</variableName>
         </NetCDFExtract>
      </descriptor>
      <descriptor>
         <NetCDFExtract id="Bg8DIc2b">
            <arraySize>128</arraySize>
            <fileName>/badc/ipcc-ddc/data/netcdf/ar4_v2/vas/MRCGCM_SRA1B_1_vas-change_2011-2030.nc</fileName>
            <variableName>longitude</variableName>
         </NetCDFExtract>
      </descriptor>
      <descriptor>
         <NetCDFExtract id="Etvoe0sI">
            <arraySize>12</arraySize>
            <fileName>/badc/ipcc-ddc/data/netcdf/ar4_v2/vas/MRCGCM_SRA1B_1_vas-change_2011-2030.nc</fileName>
            <variableName>time</variableName>
         </NetCDFExtract>
      </descriptor>
      <descriptor>
         <AggregatedArray id="KwAiThb6">
            <arraySize>98304</arraySize>
            <uom>1</uom>
            <aggType>new</aggType>
            <aggIndex>1</aggIndex>
            <component>
               <NetCDFExtract>
                  <arraySize>12  64  128</arraySize>
                  <fileList>
                     <FileList id="CsmlaFdv">
                        <fileNames>/badc/ipcc-ddc/data/netcdf/ar4_v2/huss/MRCGCM_SRA1B_1_huss-change_2011-2030.nc /badc/ipcc-ddc/data/netcdf/ar4_v2/huss/MRCGCM_SRA1B_1_huss-change_2046-2065.nc /badc/ipcc-ddc/data/netcdf/ar4_v2/huss/MRCGCM_SRA1B_1_huss-change_2080-2099.nc /badc/ipcc-ddc/data/netcdf/ar4_v2/huss/MRCGCM_SRA1B_1_huss-change_2180-2199.nc</fileNames>
                     </FileList>
                  </fileList>
                  <variableName>specific_humidity_anomaly</variableName>
               </NetCDFExtract>
            </component>
         </AggregatedArray>
      </descriptor>
      <descriptor>
         <AggregatedArray id="VtPPeH3Y">
            <arraySize>98304</arraySize>
            <uom>kg.m-2.s-1</uom>
            <aggType>new</aggType>
            <aggIndex>1</aggIndex>
            <component>
               <NetCDFExtract>
                  <arraySize>12  64  128</arraySize>
                  <fileList>
                     <FileList id="KyAThRXI">
                        <fileNames>/badc/ipcc-ddc/data/netcdf/ar4_v2/pr/MRCGCM_SRA1B_1_pr-change_2011-2030.nc /badc/ipcc-ddc/data/netcdf/ar4_v2/pr/MRCGCM_SRA1B_1_pr-change_2046-2065.nc /badc/ipcc-ddc/data/netcdf/ar4_v2/pr/MRCGCM_SRA1B_1_pr-change_2080-2099.nc /badc/ipcc-ddc/data/netcdf/ar4_v2/pr/MRCGCM_SRA1B_1_pr-change_2180-2199.nc</fileNames>
                     </FileList>
                  </fileList>
                  <variableName>precipitation_flux_anomaly</variableName>
               </NetCDFExtract>
            </component>
         </AggregatedArray>
      </descriptor>
      <descriptor>
         <AggregatedArray id="FrLyzUCv">
            <arraySize>98304</arraySize>
            <uom>Pa</uom>
            <aggType>new</aggType>
            <aggIndex>1</aggIndex>
            <component>
               <NetCDFExtract>
                  <arraySize>12  64  128</arraySize>
                  <fileList>
                     <FileList id="UWjYEMTp">
                        <fileNames>/badc/ipcc-ddc/data/netcdf/ar4_v2/psl/MRCGCM_SRA1B_1_psl-change_2011-2030.nc /badc/ipcc-ddc/data/netcdf/ar4_v2/psl/MRCGCM_SRA1B_1_psl-change_2046-2065.nc /badc/ipcc-ddc/data/netcdf/ar4_v2/psl/MRCGCM_SRA1B_1_psl-change_2080-2099.nc /badc/ipcc-ddc/data/netcdf/ar4_v2/psl/MRCGCM_SRA1B_1_psl-change_2180-2199.nc</fileNames>
                     </FileList>
                  </fileList>
                  <variableName>air_pressure_at_sea_level_anomaly</variableName>
               </NetCDFExtract>
            </component>
         </AggregatedArray>
      </descriptor>
      <descriptor>
         <AggregatedArray id="ZynFCXtI">
            <arraySize>98304</arraySize>
            <uom>W.m-2</uom>
            <aggType>new</aggType>
            <aggIndex>1</aggIndex>
            <component>
               <NetCDFExtract>
                  <arraySize>12  64  128</arraySize>
                  <fileList>
                     <FileList id="DaelKQFS">
                        <fileNames>/badc/ipcc-ddc/data/netcdf/ar4_v2/rsds/MRCGCM_SRA1B_1_rsds-change_2011-2030.nc /badc/ipcc-ddc/data/netcdf/ar4_v2/rsds/MRCGCM_SRA1B_1_rsds-change_2046-2065.nc /badc/ipcc-ddc/data/netcdf/ar4_v2/rsds/MRCGCM_SRA1B_1_rsds-change_2080-2099.nc /badc/ipcc-ddc/data/netcdf/ar4_v2/rsds/MRCGCM_SRA1B_1_rsds-change_2180-2199.nc</fileNames>
                     </FileList>
                  </fileList>
                  <variableName>surface_downwelling_shortwave_flux_in_air_anomaly</variableName>
               </NetCDFExtract>
            </component>
         </AggregatedArray>
      </descriptor>
      <descriptor>
         <AggregatedArray id="YqX8sXRo">
            <arraySize>98304</arraySize>
            <uom>K</uom>
            <aggType>new</aggType>
            <aggIndex>1</aggIndex>
            <component>
               <NetCDFExtract>
                  <arraySize>12  64  128</arraySize>
                  <fileList>
                     <FileList id="ED0Sg1uR">
                        <fileNames>/badc/ipcc-ddc/data/netcdf/ar4_v2/tas/MRCGCM_SRA1B_1_tas-change_2011-2030.nc /badc/ipcc-ddc/data/netcdf/ar4_v2/tas/MRCGCM_SRA1B_1_tas-change_2046-2065.nc /badc/ipcc-ddc/data/netcdf/ar4_v2/tas/MRCGCM_SRA1B_1_tas-change_2080-2099.nc /badc/ipcc-ddc/data/netcdf/ar4_v2/tas/MRCGCM_SRA1B_1_tas-change_2180-2199.nc</fileNames>
                     </FileList>
                  </fileList>
                  <variableName>air_temperature_anomaly</variableName>
               </NetCDFExtract>
            </component>
         </AggregatedArray>
      </descriptor>
      <descriptor>
         <AggregatedArray id="X89EPaKm">
            <arraySize>98304</arraySize>
            <uom>m.s-1</uom>
            <aggType>new</aggType>
            <aggIndex>1</aggIndex>
            <component>
               <NetCDFExtract>
                  <arraySize>12  64  128</arraySize>
                  <fileList>
                     <FileList id="ARRbGPqV">
                        <fileNames>/badc/ipcc-ddc/data/netcdf/ar4_v2/uas/MRCGCM_SRA1B_1_uas-change_2011-2030.nc /badc/ipcc-ddc/data/netcdf/ar4_v2/uas/MRCGCM_SRA1B_1_uas-change_2046-2065.nc /badc/ipcc-ddc/data/netcdf/ar4_v2/uas/MRCGCM_SRA1B_1_uas-change_2080-2099.nc /badc/ipcc-ddc/data/netcdf/ar4_v2/uas/MRCGCM_SRA1B_1_uas-change_2180-2199.nc</fileNames>
                     </FileList>
                  </fileList>
                  <variableName>eastward_wind_anomaly</variableName>
               </NetCDFExtract>
            </component>
         </AggregatedArray>
      </descriptor>
      <descriptor>
         <AggregatedArray id="X4zKS5xa">
            <arraySize>98304</arraySize>
            <uom>m.s-1</uom>
            <aggType>new</aggType>
            <aggIndex>1</aggIndex>
            <component>
               <NetCDFExtract>
                  <arraySize>12  64  128</arraySize>
                  <fileList>
                     <FileList id="JwdHmP3j">
                        <fileNames>/badc/ipcc-ddc/data/netcdf/ar4_v2/vas/MRCGCM_SRA1B_1_vas-change_2011-2030.nc /badc/ipcc-ddc/data/netcdf/ar4_v2/vas/MRCGCM_SRA1B_1_vas-change_2046-2065.nc /badc/ipcc-ddc/data/netcdf/ar4_v2/vas/MRCGCM_SRA1B_1_vas-change_2080-2099.nc /badc/ipcc-ddc/data/netcdf/ar4_v2/vas/MRCGCM_SRA1B_1_vas-change_2180-2199.nc</fileNames>
                     </FileList>
                  </fileList>
                  <variableName>northward_wind_anomaly</variableName>
               </NetCDFExtract>
            </component>
         </AggregatedArray>
      </descriptor>
   </CSMLStorageDescriptor>
</Dataset>