<?xml version="1.0" encoding="UTF-8"?><Dataset xmlns="http://ndg.nerc.ac.uk/csml"  xmlns:gml="http://www.opengis.net/gml" xmlns:om="http://www.opengis.net/om" xmlns:swe="http://www.opengis.net/swe"  xmlns:xsi="http://www.w3.org/2001/XMLSchema-instance" xmlns:moles="http://ndg.nerc.ac.uk/moles"  xmlns:xlink="http://www.w3.org/1999/xlink" xsi:schemaLocation="http://ndg.nerc.ac.uk/csml/ schemas/csmlDataset.xsd" id="ar4_MPEH5_SRB1_change_20">
   <name>Scenario: SRB1 - Model: MPEH5 - 20 year mean anomaly</name>
   <AccessControlPolicy>
      <dgSecurityCondition>
         <moles:effect>allow</moles:effect>
         <moles:simpleCondition>
            <moles:dgAttributeAuthority>http://aa.ceda.rl.ac.uk/</moles:dgAttributeAuthority>
            <moles:attrauthRole>badc</moles:attrauthRole>
         </moles:simpleCondition>
      </dgSecurityCondition>
   </AccessControlPolicy>
   <CSMLFeatureCollection gml:id="LRRNWKH4">
      <gml:metaDataProperty></gml:metaDataProperty>
      <gml:boundedBy>
         <gml:EnvelopeWithTimePeriod srsName="WGS84">
            <gml:lowerCorner>0.0 -89.5043449402</gml:lowerCorner>
            <gml:upperCorner>360.0 89.5043449402</gml:upperCorner>
            <gml:beginPosition>2020-01-16T00:00:00.0</gml:beginPosition>
            <gml:endPosition>2189-12-16T00:00:00.0</gml:endPosition>
         </gml:EnvelopeWithTimePeriod>
      </gml:boundedBy>
      <featureMember>
         <GridSeriesFeature gml:id="precipitation_flux_anomaly">
            <gml:description>missing description</gml:description>
            <gml:name>precipitation_flux_anomaly</gml:name>
            <gml:boundedBy>
               <gml:EnvelopeWithTimePeriod srsName="WGS84">
                  <gml:lowerCorner>0.0 -89.5043449402</gml:lowerCorner>
                  <gml:upperCorner>360.0 89.5043449402</gml:upperCorner>
                  <gml:beginPosition>2020-01-16T00:00:00.0</gml:beginPosition>
                  <gml:endPosition>2189-12-16T00:00:00.0</gml:endPosition>
               </gml:EnvelopeWithTimePeriod>
            </gml:boundedBy>
            <value>
               <GridSeriesCoverage gml:id="TYYgFIZM">
                  <gridSeriesDomain>
                     <GridSeriesDomain srsName="ndg:crs:lonlatt" uomLabels="degree_east degree_north days_since_2011-01-01" gml:id="Ddkrxsc0" axisLabels="longitude latitude time" dimension="3" srsDimension="3">
                        <limits>
                           <gml:GridEnvelope>
                              <gml:low>0 0 0</gml:low>
                              <gml:high>0 0 0</gml:high>
                           </gml:GridEnvelope>
                        </limits>
                        <axisLabels>time latitude longitude</axisLabels>
                        <coordTransformTable>
                           <GridCoordinatesTable>
                              <gridOrdinate>
                                 <GridOrdinateDescription>
                                    <coordAxisLabel>time</coordAxisLabel>
                                    <coordAxisValues>
                                       <SpatialOrTemporalPositionList gml:id="OYVzueYt">
                                          <timePositionList frame="ndg:standard">2020-01-16T00:00:00.0 2020-02-16T00:00:00.0 2020-03-16T00:00:00.0 2020-04-16T00:00:00.0 2020-05-16T00:00:00.0 2020-06-16T00:00:00.0 2020-07-16T00:00:00.0 2020-08-16T00:00:00.0 2020-09-16T00:00:00.0 2020-10-16T00:00:00.0 2020-11-16T00:00:00.0 2020-12-16T00:00:00.0 2055-01-16T00:00:00.0 2055-02-16T00:00:00.0 2055-03-16T00:00:00.0 2055-04-16T00:00:00.0 2055-05-16T00:00:00.0 2055-06-16T00:00:00.0 2055-07-16T00:00:00.0 2055-08-16T00:00:00.0 2055-09-16T00:00:00.0 2055-10-16T00:00:00.0 2055-11-16T00:00:00.0 2055-12-16T00:00:00.0 2089-01-16T00:00:00.0 2089-02-16T00:00:00.0 2089-03-16T00:00:00.0 2089-04-16T00:00:00.0 2089-05-16T00:00:00.0 2089-06-16T00:00:00.0 2089-07-16T00:00:00.0 2089-08-16T00:00:00.0 2089-09-16T00:00:00.0 2089-10-16T00:00:00.0 2089-11-16T00:00:00.0 2089-12-16T00:00:00.0 2189-01-16T00:00:00.0 2189-02-16T00:00:00.0 2189-03-16T00:00:00.0 2189-04-16T00:00:00.0 2189-05-16T00:00:00.0 2189-06-16T00:00:00.0 2189-07-16T00:00:00.0 2189-08-16T00:00:00.0 2189-09-16T00:00:00.0 2189-10-16T00:00:00.0 2189-11-16T00:00:00.0 2189-12-16T00:00:00.0</timePositionList>
                                       </SpatialOrTemporalPositionList>
                                    </coordAxisValues>
                                    <gridAxesSpanned>time</gridAxesSpanned>
                                    <sequenceRule axisOrder="+1">Linear</sequenceRule>
                                 </GridOrdinateDescription>
                              </gridOrdinate>
                              <gridOrdinate>
                                 <GridOrdinateDescription>
                                    <coordAxisLabel>latitude</coordAxisLabel>
                                    <coordAxisValues xlink:href="#S96KZV4F" xlink:show="embed" xlink:arcrole="coordinateList" xlink:role="http://ndg.nerc.ac.uk/fileFormat/csmlStorageDescriptor">
                                       <SpatialOrTemporalPositionList gml:id="KHxii7Cv">
                                          <coordinateList></coordinateList>
                                       </SpatialOrTemporalPositionList>
                                    </coordAxisValues>
                                    <gridAxesSpanned>latitude</gridAxesSpanned>
                                    <sequenceRule axisOrder="+1">Linear</sequenceRule>
                                 </GridOrdinateDescription>
                              </gridOrdinate>
                              <gridOrdinate>
                                 <GridOrdinateDescription>
                                    <coordAxisLabel>longitude</coordAxisLabel>
                                    <coordAxisValues xlink:href="#QYjY2GhE" xlink:show="embed" xlink:arcrole="coordinateList" xlink:role="http://ndg.nerc.ac.uk/fileFormat/csmlStorageDescriptor">
                                       <SpatialOrTemporalPositionList gml:id="RcQySlqP">
                                          <coordinateList></coordinateList>
                                       </SpatialOrTemporalPositionList>
                                    </coordAxisValues>
                                    <gridAxesSpanned>longitude</gridAxesSpanned>
                                    <sequenceRule axisOrder="+1">Linear</sequenceRule>
                                 </GridOrdinateDescription>
                              </gridOrdinate>
                           </GridCoordinatesTable>
                        </coordTransformTable>
                     </GridSeriesDomain>
                  </gridSeriesDomain>
                  <gml:rangeSet>
                     <gml:ValueArray gml:id="IIat8POM">
                        <gml:valueComponent xlink:href="#ZZWsX9tb" xlink:show="embed" xlink:arcrole="QuantityList" xlink:role="http://ndg.nerc.ac.uk/fileFormat/csmlStorageDescriptor">
                           <gml:QuantityList uom="kg.m-2.s-1"></gml:QuantityList>
                        </gml:valueComponent>
                     </gml:ValueArray>
                  </gml:rangeSet>
               </GridSeriesCoverage>
            </value>
            <parameter xlink:href="http://cfconventions.org/standard_names/precipitation_flux_anomaly"></parameter>
         </GridSeriesFeature>
      </featureMember>
      <featureMember>
         <GridSeriesFeature gml:id="air_pressure_at_sea_level_anomaly">
            <gml:description>missing description</gml:description>
            <gml:name>air_pressure_at_sea_level_anomaly</gml:name>
            <gml:boundedBy>
               <gml:EnvelopeWithTimePeriod srsName="WGS84">
                  <gml:lowerCorner>0.0 -89.5043449402</gml:lowerCorner>
                  <gml:upperCorner>360.0 89.5043449402</gml:upperCorner>
                  <gml:beginPosition>2020-01-16T00:00:00.0</gml:beginPosition>
                  <gml:endPosition>2189-12-16T00:00:00.0</gml:endPosition>
               </gml:EnvelopeWithTimePeriod>
            </gml:boundedBy>
            <value>
               <GridSeriesCoverage gml:id="JA7qEf3j">
                  <gridSeriesDomain>
                     <GridSeriesDomain srsName="ndg:crs:lonlatt" uomLabels="degree_east degree_north days_since_2011-01-01" gml:id="CY9CPXC8" axisLabels="longitude latitude time" dimension="3" srsDimension="3">
                        <limits>
                           <gml:GridEnvelope>
                              <gml:low>0 0 0</gml:low>
                              <gml:high>0 0 0</gml:high>
                           </gml:GridEnvelope>
                        </limits>
                        <axisLabels>time latitude longitude</axisLabels>
                        <coordTransformTable>
                           <GridCoordinatesTable>
                              <gridOrdinate>
                                 <GridOrdinateDescription>
                                    <coordAxisLabel>time</coordAxisLabel>
                                    <coordAxisValues>
                                       <SpatialOrTemporalPositionList gml:id="AhIWxPkN">
                                          <timePositionList frame="ndg:standard">2020-01-16T00:00:00.0 2020-02-16T00:00:00.0 2020-03-16T00:00:00.0 2020-04-16T00:00:00.0 2020-05-16T00:00:00.0 2020-06-16T00:00:00.0 2020-07-16T00:00:00.0 2020-08-16T00:00:00.0 2020-09-16T00:00:00.0 2020-10-16T00:00:00.0 2020-11-16T00:00:00.0 2020-12-16T00:00:00.0 2055-01-16T00:00:00.0 2055-02-16T00:00:00.0 2055-03-16T00:00:00.0 2055-04-16T00:00:00.0 2055-05-16T00:00:00.0 2055-06-16T00:00:00.0 2055-07-16T00:00:00.0 2055-08-16T00:00:00.0 2055-09-16T00:00:00.0 2055-10-16T00:00:00.0 2055-11-16T00:00:00.0 2055-12-16T00:00:00.0 2089-01-16T00:00:00.0 2089-02-16T00:00:00.0 2089-03-16T00:00:00.0 2089-04-16T00:00:00.0 2089-05-16T00:00:00.0 2089-06-16T00:00:00.0 2089-07-16T00:00:00.0 2089-08-16T00:00:00.0 2089-09-16T00:00:00.0 2089-10-16T00:00:00.0 2089-11-16T00:00:00.0 2089-12-16T00:00:00.0 2189-01-16T00:00:00.0 2189-02-16T00:00:00.0 2189-03-16T00:00:00.0 2189-04-16T00:00:00.0 2189-05-16T00:00:00.0 2189-06-16T00:00:00.0 2189-07-16T00:00:00.0 2189-08-16T00:00:00.0 2189-09-16T00:00:00.0 2189-10-16T00:00:00.0 2189-11-16T00:00:00.0 2189-12-16T00:00:00.0</timePositionList>
                                       </SpatialOrTemporalPositionList>
                                    </coordAxisValues>
                                    <gridAxesSpanned>time</gridAxesSpanned>
                                    <sequenceRule axisOrder="+1">Linear</sequenceRule>
                                 </GridOrdinateDescription>
                              </gridOrdinate>
                              <gridOrdinate>
                                 <GridOrdinateDescription>
                                    <coordAxisLabel>latitude</coordAxisLabel>
                                    <coordAxisValues xlink:href="#ZFwNZgyn" xlink:show="embed" xlink:arcrole="coordinateList" xlink:role="http://ndg.nerc.ac.uk/fileFormat/csmlStorageDescriptor">
                                       <SpatialOrTemporalPositionList gml:id="ECiw0a0r">
                                          <coordinateList></coordinateList>
                                       </SpatialOrTemporalPositionList>
                                    </coordAxisValues>
                                    <gridAxesSpanned>latitude</gridAxesSpanned>
                                    <sequenceRule axisOrder="+1">Linear</sequenceRule>
                                 </GridOrdinateDescription>
                              </gridOrdinate>
                              <gridOrdinate>
                                 <GridOrdinateDescription>
                                    <coordAxisLabel>longitude</coordAxisLabel>
                                    <coordAxisValues xlink:href="#ZczR14us" xlink:show="embed" xlink:arcrole="coordinateList" xlink:role="http://ndg.nerc.ac.uk/fileFormat/csmlStorageDescriptor">
                                       <SpatialOrTemporalPositionList gml:id="JOEnk81r">
                                          <coordinateList></coordinateList>
                                       </SpatialOrTemporalPositionList>
                                    </coordAxisValues>
                                    <gridAxesSpanned>longitude</gridAxesSpanned>
                                    <sequenceRule axisOrder="+1">Linear</sequenceRule>
                                 </GridOrdinateDescription>
                              </gridOrdinate>
                           </GridCoordinatesTable>
                        </coordTransformTable>
                     </GridSeriesDomain>
                  </gridSeriesDomain>
                  <gml:rangeSet>
                     <gml:ValueArray gml:id="WiRw9GWD">
                        <gml:valueComponent xlink:href="#Kt27qvQG" xlink:show="embed" xlink:arcrole="QuantityList" xlink:role="http://ndg.nerc.ac.uk/fileFormat/csmlStorageDescriptor">
                           <gml:QuantityList uom="Pa"></gml:QuantityList>
                        </gml:valueComponent>
                     </gml:ValueArray>
                  </gml:rangeSet>
               </GridSeriesCoverage>
            </value>
            <parameter xlink:href="http://cfconventions.org/standard_names/air_pressure_at_sea_level_anomaly"></parameter>
         </GridSeriesFeature>
      </featureMember>
      <featureMember>
         <GridSeriesFeature gml:id="surface_downwelling_shortwave_flux_in_air_anomaly">
            <gml:description>missing description</gml:description>
            <gml:name>surface_downwelling_shortwave_flux_in_air_anomaly</gml:name>
            <gml:boundedBy>
               <gml:EnvelopeWithTimePeriod srsName="WGS84">
                  <gml:lowerCorner>0.0 -89.5043449402</gml:lowerCorner>
                  <gml:upperCorner>360.0 89.5043449402</gml:upperCorner>
                  <gml:beginPosition>2020-01-16T00:00:00.0</gml:beginPosition>
                  <gml:endPosition>2189-12-16T00:00:00.0</gml:endPosition>
               </gml:EnvelopeWithTimePeriod>
            </gml:boundedBy>
            <value>
               <GridSeriesCoverage gml:id="PWnyWSwi">
                  <gridSeriesDomain>
                     <GridSeriesDomain srsName="ndg:crs:lonlatt" uomLabels="degree_east degree_north days_since_2011-01-01" gml:id="CfDVbbR3" axisLabels="longitude latitude time" dimension="3" srsDimension="3">
                        <limits>
                           <gml:GridEnvelope>
                              <gml:low>0 0 0</gml:low>
                              <gml:high>0 0 0</gml:high>
                           </gml:GridEnvelope>
                        </limits>
                        <axisLabels>time latitude longitude</axisLabels>
                        <coordTransformTable>
                           <GridCoordinatesTable>
                              <gridOrdinate>
                                 <GridOrdinateDescription>
                                    <coordAxisLabel>time</coordAxisLabel>
                                    <coordAxisValues>
                                       <SpatialOrTemporalPositionList gml:id="Wx0KC1Du">
                                          <timePositionList frame="ndg:standard">2020-01-16T00:00:00.0 2020-02-16T00:00:00.0 2020-03-16T00:00:00.0 2020-04-16T00:00:00.0 2020-05-16T00:00:00.0 2020-06-16T00:00:00.0 2020-07-16T00:00:00.0 2020-08-16T00:00:00.0 2020-09-16T00:00:00.0 2020-10-16T00:00:00.0 2020-11-16T00:00:00.0 2020-12-16T00:00:00.0 2055-01-16T00:00:00.0 2055-02-16T00:00:00.0 2055-03-16T00:00:00.0 2055-04-16T00:00:00.0 2055-05-16T00:00:00.0 2055-06-16T00:00:00.0 2055-07-16T00:00:00.0 2055-08-16T00:00:00.0 2055-09-16T00:00:00.0 2055-10-16T00:00:00.0 2055-11-16T00:00:00.0 2055-12-16T00:00:00.0 2089-01-16T00:00:00.0 2089-02-16T00:00:00.0 2089-03-16T00:00:00.0 2089-04-16T00:00:00.0 2089-05-16T00:00:00.0 2089-06-16T00:00:00.0 2089-07-16T00:00:00.0 2089-08-16T00:00:00.0 2089-09-16T00:00:00.0 2089-10-16T00:00:00.0 2089-11-16T00:00:00.0 2089-12-16T00:00:00.0 2189-01-16T00:00:00.0 2189-02-16T00:00:00.0 2189-03-16T00:00:00.0 2189-04-16T00:00:00.0 2189-05-16T00:00:00.0 2189-06-16T00:00:00.0 2189-07-16T00:00:00.0 2189-08-16T00:00:00.0 2189-09-16T00:00:00.0 2189-10-16T00:00:00.0 2189-11-16T00:00:00.0 2189-12-16T00:00:00.0</timePositionList>
                                       </SpatialOrTemporalPositionList>
                                    </coordAxisValues>
                                    <gridAxesSpanned>time</gridAxesSpanned>
                                    <sequenceRule axisOrder="+1">Linear</sequenceRule>
                                 </GridOrdinateDescription>
                              </gridOrdinate>
                              <gridOrdinate>
                                 <GridOrdinateDescription>
                                    <coordAxisLabel>latitude</coordAxisLabel>
                                    <coordAxisValues xlink:href="#FnUl9yfD" xlink:show="embed" xlink:arcrole="coordinateList" xlink:role="http://ndg.nerc.ac.uk/fileFormat/csmlStorageDescriptor">
                                       <SpatialOrTemporalPositionList gml:id="GolLeLM9">
                                          <coordinateList></coordinateList>
                                       </SpatialOrTemporalPositionList>
                                    </coordAxisValues>
                                    <gridAxesSpanned>latitude</gridAxesSpanned>
                                    <sequenceRule axisOrder="+1">Linear</sequenceRule>
                                 </GridOrdinateDescription>
                              </gridOrdinate>
                              <gridOrdinate>
                                 <GridOrdinateDescription>
                                    <coordAxisLabel>longitude</coordAxisLabel>
                                    <coordAxisValues xlink:href="#NdwLnDVC" xlink:show="embed" xlink:arcrole="coordinateList" xlink:role="http://ndg.nerc.ac.uk/fileFormat/csmlStorageDescriptor">
                                       <SpatialOrTemporalPositionList gml:id="DNixDhVj">
                                          <coordinateList></coordinateList>
                                       </SpatialOrTemporalPositionList>
                                    </coordAxisValues>
                                    <gridAxesSpanned>longitude</gridAxesSpanned>
                                    <sequenceRule axisOrder="+1">Linear</sequenceRule>
                                 </GridOrdinateDescription>
                              </gridOrdinate>
                           </GridCoordinatesTable>
                        </coordTransformTable>
                     </GridSeriesDomain>
                  </gridSeriesDomain>
                  <gml:rangeSet>
                     <gml:ValueArray gml:id="ZXY8QCZA">
                        <gml:valueComponent xlink:href="#SSeGzPQI" xlink:show="embed" xlink:arcrole="QuantityList" xlink:role="http://ndg.nerc.ac.uk/fileFormat/csmlStorageDescriptor">
                           <gml:QuantityList uom="W.m-2"></gml:QuantityList>
                        </gml:valueComponent>
                     </gml:ValueArray>
                  </gml:rangeSet>
               </GridSeriesCoverage>
            </value>
            <parameter xlink:href="http://cfconventions.org/standard_names/surface_downwelling_shortwave_flux_in_air_anomaly"></parameter>
         </GridSeriesFeature>
      </featureMember>
      <featureMember>
         <GridSeriesFeature gml:id="air_temperature_anomaly">
            <gml:description>missing description</gml:description>
            <gml:name>air_temperature_anomaly</gml:name>
            <gml:boundedBy>
               <gml:EnvelopeWithTimePeriod srsName="WGS84">
                  <gml:lowerCorner>0.0 -89.5043449402</gml:lowerCorner>
                  <gml:upperCorner>360.0 89.5043449402</gml:upperCorner>
                  <gml:beginPosition>2020-01-16T00:00:00.0</gml:beginPosition>
                  <gml:endPosition>2189-12-16T00:00:00.0</gml:endPosition>
               </gml:EnvelopeWithTimePeriod>
            </gml:boundedBy>
            <value>
               <GridSeriesCoverage gml:id="I7QamtNd">
                  <gridSeriesDomain>
                     <GridSeriesDomain srsName="ndg:crs:lonlatt" uomLabels="degree_east degree_north days_since_2011-01-01" gml:id="VOVTCvAl" axisLabels="longitude latitude time" dimension="3" srsDimension="3">
                        <limits>
                           <gml:GridEnvelope>
                              <gml:low>0 0 0</gml:low>
                              <gml:high>0 0 0</gml:high>
                           </gml:GridEnvelope>
                        </limits>
                        <axisLabels>time latitude longitude</axisLabels>
                        <coordTransformTable>
                           <GridCoordinatesTable>
                              <gridOrdinate>
                                 <GridOrdinateDescription>
                                    <coordAxisLabel>time</coordAxisLabel>
                                    <coordAxisValues>
                                       <SpatialOrTemporalPositionList gml:id="Hxu4zi6u">
                                          <timePositionList frame="ndg:standard">2020-01-16T00:00:00.0 2020-02-16T00:00:00.0 2020-03-16T00:00:00.0 2020-04-16T00:00:00.0 2020-05-16T00:00:00.0 2020-06-16T00:00:00.0 2020-07-16T00:00:00.0 2020-08-16T00:00:00.0 2020-09-16T00:00:00.0 2020-10-16T00:00:00.0 2020-11-16T00:00:00.0 2020-12-16T00:00:00.0 2055-01-16T00:00:00.0 2055-02-16T00:00:00.0 2055-03-16T00:00:00.0 2055-04-16T00:00:00.0 2055-05-16T00:00:00.0 2055-06-16T00:00:00.0 2055-07-16T00:00:00.0 2055-08-16T00:00:00.0 2055-09-16T00:00:00.0 2055-10-16T00:00:00.0 2055-11-16T00:00:00.0 2055-12-16T00:00:00.0 2089-01-16T00:00:00.0 2089-02-16T00:00:00.0 2089-03-16T00:00:00.0 2089-04-16T00:00:00.0 2089-05-16T00:00:00.0 2089-06-16T00:00:00.0 2089-07-16T00:00:00.0 2089-08-16T00:00:00.0 2089-09-16T00:00:00.0 2089-10-16T00:00:00.0 2089-11-16T00:00:00.0 2089-12-16T00:00:00.0 2189-01-16T00:00:00.0 2189-02-16T00:00:00.0 2189-03-16T00:00:00.0 2189-04-16T00:00:00.0 2189-05-16T00:00:00.0 2189-06-16T00:00:00.0 2189-07-16T00:00:00.0 2189-08-16T00:00:00.0 2189-09-16T00:00:00.0 2189-10-16T00:00:00.0 2189-11-16T00:00:00.0 2189-12-16T00:00:00.0</timePositionList>
                                       </SpatialOrTemporalPositionList>
                                    </coordAxisValues>
                                    <gridAxesSpanned>time</gridAxesSpanned>
                                    <sequenceRule axisOrder="+1">Linear</sequenceRule>
                                 </GridOrdinateDescription>
                              </gridOrdinate>
                              <gridOrdinate>
                                 <GridOrdinateDescription>
                                    <coordAxisLabel>latitude</coordAxisLabel>
                                    <coordAxisValues xlink:href="#YUZsv1kf" xlink:show="embed" xlink:arcrole="coordinateList" xlink:role="http://ndg.nerc.ac.uk/fileFormat/csmlStorageDescriptor">
                                       <SpatialOrTemporalPositionList gml:id="NnRlAMw5">
                                          <coordinateList></coordinateList>
                                       </SpatialOrTemporalPositionList>
                                    </coordAxisValues>
                                    <gridAxesSpanned>latitude</gridAxesSpanned>
                                    <sequenceRule axisOrder="+1">Linear</sequenceRule>
                                 </GridOrdinateDescription>
                              </gridOrdinate>
                              <gridOrdinate>
                                 <GridOrdinateDescription>
                                    <coordAxisLabel>longitude</coordAxisLabel>
                                    <coordAxisValues xlink:href="#Lq9tWl7D" xlink:show="embed" xlink:arcrole="coordinateList" xlink:role="http://ndg.nerc.ac.uk/fileFormat/csmlStorageDescriptor">
                                       <SpatialOrTemporalPositionList gml:id="SW16p1Ud">
                                          <coordinateList></coordinateList>
                                       </SpatialOrTemporalPositionList>
                                    </coordAxisValues>
                                    <gridAxesSpanned>longitude</gridAxesSpanned>
                                    <sequenceRule axisOrder="+1">Linear</sequenceRule>
                                 </GridOrdinateDescription>
                              </gridOrdinate>
                           </GridCoordinatesTable>
                        </coordTransformTable>
                     </GridSeriesDomain>
                  </gridSeriesDomain>
                  <gml:rangeSet>
                     <gml:ValueArray gml:id="CZRJEYZc">
                        <gml:valueComponent xlink:href="#SJ7Z6WCW" xlink:show="embed" xlink:arcrole="QuantityList" xlink:role="http://ndg.nerc.ac.uk/fileFormat/csmlStorageDescriptor">
                           <gml:QuantityList uom="K"></gml:QuantityList>
                        </gml:valueComponent>
                     </gml:ValueArray>
                  </gml:rangeSet>
               </GridSeriesCoverage>
            </value>
            <parameter xlink:href="http://cfconventions.org/standard_names/air_temperature_anomaly"></parameter>
         </GridSeriesFeature>
      </featureMember>
      <featureMember>
         <GridSeriesFeature gml:id="eastward_wind_anomaly">
            <gml:description>missing description</gml:description>
            <gml:name>eastward_wind_anomaly</gml:name>
            <gml:boundedBy>
               <gml:EnvelopeWithTimePeriod srsName="WGS84">
                  <gml:lowerCorner>0.0 -89.5043449402</gml:lowerCorner>
                  <gml:upperCorner>360.0 89.5043449402</gml:upperCorner>
                  <gml:beginPosition>2020-01-16T00:00:00.0</gml:beginPosition>
                  <gml:endPosition>2189-12-16T00:00:00.0</gml:endPosition>
               </gml:EnvelopeWithTimePeriod>
            </gml:boundedBy>
            <value>
               <GridSeriesCoverage gml:id="URPMCaVm">
                  <gridSeriesDomain>
                     <GridSeriesDomain srsName="ndg:crs:lonlatt" uomLabels="degree_east degree_north days_since_2011-01-01" gml:id="EftcP4QV" axisLabels="longitude latitude time" dimension="3" srsDimension="3">
                        <limits>
                           <gml:GridEnvelope>
                              <gml:low>0 0 0</gml:low>
                              <gml:high>0 0 0</gml:high>
                           </gml:GridEnvelope>
                        </limits>
                        <axisLabels>time latitude longitude</axisLabels>
                        <coordTransformTable>
                           <GridCoordinatesTable>
                              <gridOrdinate>
                                 <GridOrdinateDescription>
                                    <coordAxisLabel>time</coordAxisLabel>
                                    <coordAxisValues>
                                       <SpatialOrTemporalPositionList gml:id="FF81DTnD">
                                          <timePositionList frame="ndg:standard">2020-01-16T00:00:00.0 2020-02-16T00:00:00.0 2020-03-16T00:00:00.0 2020-04-16T00:00:00.0 2020-05-16T00:00:00.0 2020-06-16T00:00:00.0 2020-07-16T00:00:00.0 2020-08-16T00:00:00.0 2020-09-16T00:00:00.0 2020-10-16T00:00:00.0 2020-11-16T00:00:00.0 2020-12-16T00:00:00.0 2055-01-16T00:00:00.0 2055-02-16T00:00:00.0 2055-03-16T00:00:00.0 2055-04-16T00:00:00.0 2055-05-16T00:00:00.0 2055-06-16T00:00:00.0 2055-07-16T00:00:00.0 2055-08-16T00:00:00.0 2055-09-16T00:00:00.0 2055-10-16T00:00:00.0 2055-11-16T00:00:00.0 2055-12-16T00:00:00.0 2089-01-16T00:00:00.0 2089-02-16T00:00:00.0 2089-03-16T00:00:00.0 2089-04-16T00:00:00.0 2089-05-16T00:00:00.0 2089-06-16T00:00:00.0 2089-07-16T00:00:00.0 2089-08-16T00:00:00.0 2089-09-16T00:00:00.0 2089-10-16T00:00:00.0 2089-11-16T00:00:00.0 2089-12-16T00:00:00.0 2189-01-16T00:00:00.0 2189-02-16T00:00:00.0 2189-03-16T00:00:00.0 2189-04-16T00:00:00.0 2189-05-16T00:00:00.0 2189-06-16T00:00:00.0 2189-07-16T00:00:00.0 2189-08-16T00:00:00.0 2189-09-16T00:00:00.0 2189-10-16T00:00:00.0 2189-11-16T00:00:00.0 2189-12-16T00:00:00.0</timePositionList>
                                       </SpatialOrTemporalPositionList>
                                    </coordAxisValues>
                                    <gridAxesSpanned>time</gridAxesSpanned>
                                    <sequenceRule axisOrder="+1">Linear</sequenceRule>
                                 </GridOrdinateDescription>
                              </gridOrdinate>
                              <gridOrdinate>
                                 <GridOrdinateDescription>
                                    <coordAxisLabel>latitude</coordAxisLabel>
                                    <coordAxisValues xlink:href="#Tryrqw8C" xlink:show="embed" xlink:arcrole="coordinateList" xlink:role="http://ndg.nerc.ac.uk/fileFormat/csmlStorageDescriptor">
                                       <SpatialOrTemporalPositionList gml:id="MCaEC7rO">
                                          <coordinateList></coordinateList>
                                       </SpatialOrTemporalPositionList>
                                    </coordAxisValues>
                                    <gridAxesSpanned>latitude</gridAxesSpanned>
                                    <sequenceRule axisOrder="+1">Linear</sequenceRule>
                                 </GridOrdinateDescription>
                              </gridOrdinate>
                              <gridOrdinate>
                                 <GridOrdinateDescription>
                                    <coordAxisLabel>longitude</coordAxisLabel>
                                    <coordAxisValues xlink:href="#EztQ0vjK" xlink:show="embed" xlink:arcrole="coordinateList" xlink:role="http://ndg.nerc.ac.uk/fileFormat/csmlStorageDescriptor">
                                       <SpatialOrTemporalPositionList gml:id="P7hbT9FN">
                                          <coordinateList></coordinateList>
                                       </SpatialOrTemporalPositionList>
                                    </coordAxisValues>
                                    <gridAxesSpanned>longitude</gridAxesSpanned>
                                    <sequenceRule axisOrder="+1">Linear</sequenceRule>
                                 </GridOrdinateDescription>
                              </gridOrdinate>
                           </GridCoordinatesTable>
                        </coordTransformTable>
                     </GridSeriesDomain>
                  </gridSeriesDomain>
                  <gml:rangeSet>
                     <gml:ValueArray gml:id="T3nBGOZt">
                        <gml:valueComponent xlink:href="#WDj4VYtz" xlink:show="embed" xlink:arcrole="QuantityList" xlink:role="http://ndg.nerc.ac.uk/fileFormat/csmlStorageDescriptor">
                           <gml:QuantityList uom="m.s-1"></gml:QuantityList>
                        </gml:valueComponent>
                     </gml:ValueArray>
                  </gml:rangeSet>
               </GridSeriesCoverage>
            </value>
            <parameter xlink:href="http://cfconventions.org/standard_names/eastward_wind_anomaly"></parameter>
         </GridSeriesFeature>
      </featureMember>
      <featureMember>
         <GridSeriesFeature gml:id="northward_wind_anomaly">
            <gml:description>missing description</gml:description>
            <gml:name>northward_wind_anomaly</gml:name>
            <gml:boundedBy>
               <gml:EnvelopeWithTimePeriod srsName="WGS84">
                  <gml:lowerCorner>0.0 -89.5043449402</gml:lowerCorner>
                  <gml:upperCorner>360.0 89.5043449402</gml:upperCorner>
                  <gml:beginPosition>2020-01-16T00:00:00.0</gml:beginPosition>
                  <gml:endPosition>2189-12-16T00:00:00.0</gml:endPosition>
               </gml:EnvelopeWithTimePeriod>
            </gml:boundedBy>
            <value>
               <GridSeriesCoverage gml:id="FT3LvTpZ">
                  <gridSeriesDomain>
                     <GridSeriesDomain srsName="ndg:crs:lonlatt" uomLabels="degree_east degree_north days_since_2011-01-01" gml:id="LwqFm09e" axisLabels="longitude latitude time" dimension="3" srsDimension="3">
                        <limits>
                           <gml:GridEnvelope>
                              <gml:low>0 0 0</gml:low>
                              <gml:high>0 0 0</gml:high>
                           </gml:GridEnvelope>
                        </limits>
                        <axisLabels>time latitude longitude</axisLabels>
                        <coordTransformTable>
                           <GridCoordinatesTable>
                              <gridOrdinate>
                                 <GridOrdinateDescription>
                                    <coordAxisLabel>time</coordAxisLabel>
                                    <coordAxisValues>
                                       <SpatialOrTemporalPositionList gml:id="MKI39J40">
                                          <timePositionList frame="ndg:standard">2020-01-16T00:00:00.0 2020-02-16T00:00:00.0 2020-03-16T00:00:00.0 2020-04-16T00:00:00.0 2020-05-16T00:00:00.0 2020-06-16T00:00:00.0 2020-07-16T00:00:00.0 2020-08-16T00:00:00.0 2020-09-16T00:00:00.0 2020-10-16T00:00:00.0 2020-11-16T00:00:00.0 2020-12-16T00:00:00.0 2055-01-16T00:00:00.0 2055-02-16T00:00:00.0 2055-03-16T00:00:00.0 2055-04-16T00:00:00.0 2055-05-16T00:00:00.0 2055-06-16T00:00:00.0 2055-07-16T00:00:00.0 2055-08-16T00:00:00.0 2055-09-16T00:00:00.0 2055-10-16T00:00:00.0 2055-11-16T00:00:00.0 2055-12-16T00:00:00.0 2089-01-16T00:00:00.0 2089-02-16T00:00:00.0 2089-03-16T00:00:00.0 2089-04-16T00:00:00.0 2089-05-16T00:00:00.0 2089-06-16T00:00:00.0 2089-07-16T00:00:00.0 2089-08-16T00:00:00.0 2089-09-16T00:00:00.0 2089-10-16T00:00:00.0 2089-11-16T00:00:00.0 2089-12-16T00:00:00.0 2189-01-16T00:00:00.0 2189-02-16T00:00:00.0 2189-03-16T00:00:00.0 2189-04-16T00:00:00.0 2189-05-16T00:00:00.0 2189-06-16T00:00:00.0 2189-07-16T00:00:00.0 2189-08-16T00:00:00.0 2189-09-16T00:00:00.0 2189-10-16T00:00:00.0 2189-11-16T00:00:00.0 2189-12-16T00:00:00.0</timePositionList>
                                       </SpatialOrTemporalPositionList>
                                    </coordAxisValues>
                                    <gridAxesSpanned>time</gridAxesSpanned>
                                    <sequenceRule axisOrder="+1">Linear</sequenceRule>
                                 </GridOrdinateDescription>
                              </gridOrdinate>
                              <gridOrdinate>
                                 <GridOrdinateDescription>
                                    <coordAxisLabel>latitude</coordAxisLabel>
                                    <coordAxisValues xlink:href="#RQZAp3gt" xlink:show="embed" xlink:arcrole="coordinateList" xlink:role="http://ndg.nerc.ac.uk/fileFormat/csmlStorageDescriptor">
                                       <SpatialOrTemporalPositionList gml:id="ME0CXL1j">
                                          <coordinateList></coordinateList>
                                       </SpatialOrTemporalPositionList>
                                    </coordAxisValues>
                                    <gridAxesSpanned>latitude</gridAxesSpanned>
                                    <sequenceRule axisOrder="+1">Linear</sequenceRule>
                                 </GridOrdinateDescription>
                              </gridOrdinate>
                              <gridOrdinate>
                                 <GridOrdinateDescription>
                                    <coordAxisLabel>longitude</coordAxisLabel>
                                    <coordAxisValues xlink:href="#AJuOXY6A" xlink:show="embed" xlink:arcrole="coordinateList" xlink:role="http://ndg.nerc.ac.uk/fileFormat/csmlStorageDescriptor">
                                       <SpatialOrTemporalPositionList gml:id="S91kO5UF">
                                          <coordinateList></coordinateList>
                                       </SpatialOrTemporalPositionList>
                                    </coordAxisValues>
                                    <gridAxesSpanned>longitude</gridAxesSpanned>
                                    <sequenceRule axisOrder="+1">Linear</sequenceRule>
                                 </GridOrdinateDescription>
                              </gridOrdinate>
                           </GridCoordinatesTable>
                        </coordTransformTable>
                     </GridSeriesDomain>
                  </gridSeriesDomain>
                  <gml:rangeSet>
                     <gml:ValueArray gml:id="JSUhD7jf">
                        <gml:valueComponent xlink:href="#QhsgIIze" xlink:show="embed" xlink:arcrole="QuantityList" xlink:role="http://ndg.nerc.ac.uk/fileFormat/csmlStorageDescriptor">
                           <gml:QuantityList uom="m.s-1"></gml:QuantityList>
                        </gml:valueComponent>
                     </gml:ValueArray>
                  </gml:rangeSet>
               </GridSeriesCoverage>
            </value>
            <parameter xlink:href="http://cfconventions.org/standard_names/northward_wind_anomaly"></parameter>
         </GridSeriesFeature>
      </featureMember>
   </CSMLFeatureCollection>
   <CSMLStorageDescriptor>
      <descriptor>
         <NetCDFExtract id="S96KZV4F">
            <arraySize>96</arraySize>
            <fileName>/badc/ipcc-ddc/data/netcdf/ar4_v2/pr/MPEH5_SRB1_1_pr-change_2011-2030.nc</fileName>
            <variableName>latitude</variableName>
         </NetCDFExtract>
      </descriptor>
      <descriptor>
         <NetCDFExtract id="IGxR3jEF">
            <arraySize>2</arraySize>
            <fileName>/badc/ipcc-ddc/data/netcdf/ar4_v2/pr/MPEH5_SRB1_1_pr-change_2011-2030.nc</fileName>
            <variableName>bounds</variableName>
         </NetCDFExtract>
      </descriptor>
      <descriptor>
         <NetCDFExtract id="QYjY2GhE">
            <arraySize>192</arraySize>
            <fileName>/badc/ipcc-ddc/data/netcdf/ar4_v2/pr/MPEH5_SRB1_1_pr-change_2011-2030.nc</fileName>
            <variableName>longitude</variableName>
         </NetCDFExtract>
      </descriptor>
      <descriptor>
         <NetCDFExtract id="FY1CPFeM">
            <arraySize>12</arraySize>
            <fileName>/badc/ipcc-ddc/data/netcdf/ar4_v2/pr/MPEH5_SRB1_1_pr-change_2011-2030.nc</fileName>
            <variableName>time</variableName>
         </NetCDFExtract>
      </descriptor>
      <descriptor>
         <NetCDFExtract id="ZFwNZgyn">
            <arraySize>96</arraySize>
            <fileName>/badc/ipcc-ddc/data/netcdf/ar4_v2/psl/MPEH5_SRB1_1_psl-change_2011-2030.nc</fileName>
            <variableName>latitude</variableName>
         </NetCDFExtract>
      </descriptor>
      <descriptor>
         <NetCDFExtract id="PU7jXllp">
            <arraySize>2</arraySize>
            <fileName>/badc/ipcc-ddc/data/netcdf/ar4_v2/psl/MPEH5_SRB1_1_psl-change_2011-2030.nc</fileName>
            <variableName>bounds</variableName>
         </NetCDFExtract>
      </descriptor>
      <descriptor>
         <NetCDFExtract id="ZczR14us">
            <arraySize>192</arraySize>
            <fileName>/badc/ipcc-ddc/data/netcdf/ar4_v2/psl/MPEH5_SRB1_1_psl-change_2011-2030.nc</fileName>
            <variableName>longitude</variableName>
         </NetCDFExtract>
      </descriptor>
      <descriptor>
         <NetCDFExtract id="FoygrPUS">
            <arraySize>12</arraySize>
            <fileName>/badc/ipcc-ddc/data/netcdf/ar4_v2/psl/MPEH5_SRB1_1_psl-change_2011-2030.nc</fileName>
            <variableName>time</variableName>
         </NetCDFExtract>
      </descriptor>
      <descriptor>
         <NetCDFExtract id="FnUl9yfD">
            <arraySize>96</arraySize>
            <fileName>/badc/ipcc-ddc/data/netcdf/ar4_v2/rsds/MPEH5_SRB1_1_rsds-change_2011-2030.nc</fileName>
            <variableName>latitude</variableName>
         </NetCDFExtract>
      </descriptor>
      <descriptor>
         <NetCDFExtract id="BAqNtvmV">
            <arraySize>2</arraySize>
            <fileName>/badc/ipcc-ddc/data/netcdf/ar4_v2/rsds/MPEH5_SRB1_1_rsds-change_2011-2030.nc</fileName>
            <variableName>bounds</variableName>
         </NetCDFExtract>
      </descriptor>
      <descriptor>
         <NetCDFExtract id="NdwLnDVC">
            <arraySize>192</arraySize>
            <fileName>/badc/ipcc-ddc/data/netcdf/ar4_v2/rsds/MPEH5_SRB1_1_rsds-change_2011-2030.nc</fileName>
            <variableName>longitude</variableName>
         </NetCDFExtract>
      </descriptor>
      <descriptor>
         <NetCDFExtract id="FTfLTtzL">
            <arraySize>12</arraySize>
            <fileName>/badc/ipcc-ddc/data/netcdf/ar4_v2/rsds/MPEH5_SRB1_1_rsds-change_2011-2030.nc</fileName>
            <variableName>time</variableName>
         </NetCDFExtract>
      </descriptor>
      <descriptor>
         <NetCDFExtract id="YUZsv1kf">
            <arraySize>96</arraySize>
            <fileName>/badc/ipcc-ddc/data/netcdf/ar4_v2/tas/MPEH5_SRB1_1_tas-change_2011-2030.nc</fileName>
            <variableName>latitude</variableName>
         </NetCDFExtract>
      </descriptor>
      <descriptor>
         <NetCDFExtract id="Llbk4jsu">
            <arraySize>2</arraySize>
            <fileName>/badc/ipcc-ddc/data/netcdf/ar4_v2/tas/MPEH5_SRB1_1_tas-change_2011-2030.nc</fileName>
            <variableName>bounds</variableName>
         </NetCDFExtract>
      </descriptor>
      <descriptor>
         <NetCDFExtract id="Lq9tWl7D">
            <arraySize>192</arraySize>
            <fileName>/badc/ipcc-ddc/data/netcdf/ar4_v2/tas/MPEH5_SRB1_1_tas-change_2011-2030.nc</fileName>
            <variableName>longitude</variableName>
         </NetCDFExtract>
      </descriptor>
      <descriptor>
         <NetCDFExtract id="IlrKgAvJ">
            <arraySize>12</arraySize>
            <fileName>/badc/ipcc-ddc/data/netcdf/ar4_v2/tas/MPEH5_SRB1_1_tas-change_2011-2030.nc</fileName>
            <variableName>time</variableName>
         </NetCDFExtract>
      </descriptor>
      <descriptor>
         <NetCDFExtract id="Tryrqw8C">
            <arraySize>96</arraySize>
            <fileName>/badc/ipcc-ddc/data/netcdf/ar4_v2/uas/MPEH5_SRB1_1_uas-change_2011-2030.nc</fileName>
            <variableName>latitude</variableName>
         </NetCDFExtract>
      </descriptor>
      <descriptor>
         <NetCDFExtract id="ZUT3HHha">
            <arraySize>2</arraySize>
            <fileName>/badc/ipcc-ddc/data/netcdf/ar4_v2/uas/MPEH5_SRB1_1_uas-change_2011-2030.nc</fileName>
            <variableName>bounds</variableName>
         </NetCDFExtract>
      </descriptor>
      <descriptor>
         <NetCDFExtract id="EztQ0vjK">
            <arraySize>192</arraySize>
            <fileName>/badc/ipcc-ddc/data/netcdf/ar4_v2/uas/MPEH5_SRB1_1_uas-change_2011-2030.nc</fileName>
            <variableName>longitude</variableName>
         </NetCDFExtract>
      </descriptor>
      <descriptor>
         <NetCDFExtract id="P045bxuC">
            <arraySize>12</arraySize>
            <fileName>/badc/ipcc-ddc/data/netcdf/ar4_v2/uas/MPEH5_SRB1_1_uas-change_2011-2030.nc</fileName>
            <variableName>time</variableName>
         </NetCDFExtract>
      </descriptor>
      <descriptor>
         <NetCDFExtract id="RQZAp3gt">
            <arraySize>96</arraySize>
            <fileName>/badc/ipcc-ddc/data/netcdf/ar4_v2/vas/MPEH5_SRB1_1_vas-change_2011-2030.nc</fileName>
            <variableName>latitude</variableName>
         </NetCDFExtract>
      </descriptor>
      <descriptor>
         <NetCDFExtract id="QasZEtY9">
            <arraySize>2</arraySize>
            <fileName>/badc/ipcc-ddc/data/netcdf/ar4_v2/vas/MPEH5_SRB1_1_vas-change_2011-2030.nc</fileName>
            <variableName>bounds</variableName>
         </NetCDFExtract>
      </descriptor>
      <descriptor>
         <NetCDFExtract id="AJuOXY6A">
            <arraySize>192</arraySize>
            <fileName>/badc/ipcc-ddc/data/netcdf/ar4_v2/vas/MPEH5_SRB1_1_vas-change_2011-2030.nc</fileName>
            <variableName>longitude</variableName>
         </NetCDFExtract>
      </descriptor>
      <descriptor>
         <NetCDFExtract id="SPsShPyj">
            <arraySize>12</arraySize>
            <fileName>/badc/ipcc-ddc/data/netcdf/ar4_v2/vas/MPEH5_SRB1_1_vas-change_2011-2030.nc</fileName>
            <variableName>time</variableName>
         </NetCDFExtract>
      </descriptor>
      <descriptor>
         <AggregatedArray id="ZZWsX9tb">
            <arraySize>221184</arraySize>
            <uom>kg.m-2.s-1</uom>
            <aggType>new</aggType>
            <aggIndex>1</aggIndex>
            <component>
               <NetCDFExtract>
                  <arraySize>12  96  192</arraySize>
                  <fileList>
                     <FileList id="FCQXB5ZJ">
                        <fileNames>/badc/ipcc-ddc/data/netcdf/ar4_v2/pr/MPEH5_SRB1_1_pr-change_2011-2030.nc /badc/ipcc-ddc/data/netcdf/ar4_v2/pr/MPEH5_SRB1_1_pr-change_2046-2065.nc /badc/ipcc-ddc/data/netcdf/ar4_v2/pr/MPEH5_SRB1_1_pr-change_2080-2099.nc /badc/ipcc-ddc/data/netcdf/ar4_v2/pr/MPEH5_SRB1_1_pr-change_2180-2199.nc</fileNames>
                     </FileList>
                  </fileList>
                  <variableName>precipitation_flux_anomaly</variableName>
               </NetCDFExtract>
            </component>
         </AggregatedArray>
      </descriptor>
      <descriptor>
         <AggregatedArray id="Kt27qvQG">
            <arraySize>221184</arraySize>
            <uom>Pa</uom>
            <aggType>new</aggType>
            <aggIndex>1</aggIndex>
            <component>
               <NetCDFExtract>
                  <arraySize>12  96  192</arraySize>
                  <fileList>
                     <FileList id="HcbR5zSr">
                        <fileNames>/badc/ipcc-ddc/data/netcdf/ar4_v2/psl/MPEH5_SRB1_1_psl-change_2011-2030.nc /badc/ipcc-ddc/data/netcdf/ar4_v2/psl/MPEH5_SRB1_1_psl-change_2046-2065.nc /badc/ipcc-ddc/data/netcdf/ar4_v2/psl/MPEH5_SRB1_1_psl-change_2080-2099.nc /badc/ipcc-ddc/data/netcdf/ar4_v2/psl/MPEH5_SRB1_1_psl-change_2180-2199.nc</fileNames>
                     </FileList>
                  </fileList>
                  <variableName>air_pressure_at_sea_level_anomaly</variableName>
               </NetCDFExtract>
            </component>
         </AggregatedArray>
      </descriptor>
      <descriptor>
         <AggregatedArray id="SSeGzPQI">
            <arraySize>221184</arraySize>
            <uom>W.m-2</uom>
            <aggType>new</aggType>
            <aggIndex>1</aggIndex>
            <component>
               <NetCDFExtract>
                  <arraySize>12  96  192</arraySize>
                  <fileList>
                     <FileList id="DddLX3IM">
                        <fileNames>/badc/ipcc-ddc/data/netcdf/ar4_v2/rsds/MPEH5_SRB1_1_rsds-change_2011-2030.nc /badc/ipcc-ddc/data/netcdf/ar4_v2/rsds/MPEH5_SRB1_1_rsds-change_2046-2065.nc /badc/ipcc-ddc/data/netcdf/ar4_v2/rsds/MPEH5_SRB1_1_rsds-change_2080-2099.nc /badc/ipcc-ddc/data/netcdf/ar4_v2/rsds/MPEH5_SRB1_1_rsds-change_2180-2199.nc</fileNames>
                     </FileList>
                  </fileList>
                  <variableName>surface_downwelling_shortwave_flux_in_air_anomaly</variableName>
               </NetCDFExtract>
            </component>
         </AggregatedArray>
      </descriptor>
      <descriptor>
         <AggregatedArray id="SJ7Z6WCW">
            <arraySize>221184</arraySize>
            <uom>K</uom>
            <aggType>new</aggType>
            <aggIndex>1</aggIndex>
            <component>
               <NetCDFExtract>
                  <arraySize>12  96  192</arraySize>
                  <fileList>
                     <FileList id="NGY5QfSe">
                        <fileNames>/badc/ipcc-ddc/data/netcdf/ar4_v2/tas/MPEH5_SRB1_1_tas-change_2011-2030.nc /badc/ipcc-ddc/data/netcdf/ar4_v2/tas/MPEH5_SRB1_1_tas-change_2046-2065.nc /badc/ipcc-ddc/data/netcdf/ar4_v2/tas/MPEH5_SRB1_1_tas-change_2080-2099.nc /badc/ipcc-ddc/data/netcdf/ar4_v2/tas/MPEH5_SRB1_1_tas-change_2180-2199.nc</fileNames>
                     </FileList>
                  </fileList>
                  <variableName>air_temperature_anomaly</variableName>
               </NetCDFExtract>
            </component>
         </AggregatedArray>
      </descriptor>
      <descriptor>
         <AggregatedArray id="WDj4VYtz">
            <arraySize>221184</arraySize>
            <uom>m.s-1</uom>
            <aggType>new</aggType>
            <aggIndex>1</aggIndex>
            <component>
               <NetCDFExtract>
                  <arraySize>12  96  192</arraySize>
                  <fileList>
                     <FileList id="RJCtiJPW">
                        <fileNames>/badc/ipcc-ddc/data/netcdf/ar4_v2/uas/MPEH5_SRB1_1_uas-change_2011-2030.nc /badc/ipcc-ddc/data/netcdf/ar4_v2/uas/MPEH5_SRB1_1_uas-change_2046-2065.nc /badc/ipcc-ddc/data/netcdf/ar4_v2/uas/MPEH5_SRB1_1_uas-change_2080-2099.nc /badc/ipcc-ddc/data/netcdf/ar4_v2/uas/MPEH5_SRB1_1_uas-change_2180-2199.nc</fileNames>
                     </FileList>
                  </fileList>
                  <variableName>eastward_wind_anomaly</variableName>
               </NetCDFExtract>
            </component>
         </AggregatedArray>
      </descriptor>
      <descriptor>
         <AggregatedArray id="QhsgIIze">
            <arraySize>221184</arraySize>
            <uom>m.s-1</uom>
            <aggType>new</aggType>
            <aggIndex>1</aggIndex>
            <component>
               <NetCDFExtract>
                  <arraySize>12  96  192</arraySize>
                  <fileList>
                     <FileList id="MWJsq9Wg">
                        <fileNames>/badc/ipcc-ddc/data/netcdf/ar4_v2/vas/MPEH5_SRB1_1_vas-change_2011-2030.nc /badc/ipcc-ddc/data/netcdf/ar4_v2/vas/MPEH5_SRB1_1_vas-change_2046-2065.nc /badc/ipcc-ddc/data/netcdf/ar4_v2/vas/MPEH5_SRB1_1_vas-change_2080-2099.nc /badc/ipcc-ddc/data/netcdf/ar4_v2/vas/MPEH5_SRB1_1_vas-change_2180-2199.nc</fileNames>
                     </FileList>
                  </fileList>
                  <variableName>northward_wind_anomaly</variableName>
               </NetCDFExtract>
            </component>
         </AggregatedArray>
      </descriptor>
   </CSMLStorageDescriptor>
</Dataset>