<?xml version="1.0" encoding="UTF-8"?><Dataset xmlns="http://ndg.nerc.ac.uk/csml"  xmlns:gml="http://www.opengis.net/gml" xmlns:om="http://www.opengis.net/om" xmlns:swe="http://www.opengis.net/swe"  xmlns:xsi="http://www.w3.org/2001/XMLSchema-instance" xmlns:moles="http://ndg.nerc.ac.uk/moles"  xmlns:xlink="http://www.w3.org/1999/xlink" xsi:schemaLocation="http://ndg.nerc.ac.uk/csml/ schemas/csmlDataset.xsd" id="ar4_GIER_SRA1B_change_30">
   <name>Scenario: SRA1B - Model: GIER - 30 year mean anomaly</name>
   <AccessControlPolicy>
      <dgSecurityCondition>
         <moles:effect>allow</moles:effect>
         <moles:simpleCondition>
            <moles:dgAttributeAuthority>http://aa.ceda.rl.ac.uk/</moles:dgAttributeAuthority>
            <moles:attrauthRole>badc</moles:attrauthRole>
         </moles:simpleCondition>
      </dgSecurityCondition>
   </AccessControlPolicy>
   <CSMLFeatureCollection gml:id="G8gQXWLv">
      <gml:metaDataProperty></gml:metaDataProperty>
      <gml:boundedBy>
         <gml:EnvelopeWithTimePeriod srsName="WGS84">
            <gml:lowerCorner>0.0 -90.0</gml:lowerCorner>
            <gml:upperCorner>360.0 90.0</gml:upperCorner>
            <gml:beginPosition>2024-01-16T00:00:00.0</gml:beginPosition>
            <gml:endPosition>2084-12-16T00:00:00.0</gml:endPosition>
         </gml:EnvelopeWithTimePeriod>
      </gml:boundedBy>
      <featureMember>
         <GridSeriesFeature gml:id="specific_humidity_anomaly">
            <gml:description>missing description</gml:description>
            <gml:name>specific_humidity_anomaly</gml:name>
            <gml:boundedBy>
               <gml:EnvelopeWithTimePeriod srsName="WGS84">
                  <gml:lowerCorner>0.0 -90.0</gml:lowerCorner>
                  <gml:upperCorner>360.0 90.0</gml:upperCorner>
                  <gml:beginPosition>2024-01-16T00:00:00.0</gml:beginPosition>
                  <gml:endPosition>2084-12-16T00:00:00.0</gml:endPosition>
               </gml:EnvelopeWithTimePeriod>
            </gml:boundedBy>
            <value>
               <GridSeriesCoverage gml:id="OlTjCiCB">
                  <gridSeriesDomain>
                     <GridSeriesDomain srsName="ndg:crs:lonlatt" uomLabels="degree_east degree_north days_since_2010-01-01" gml:id="MlTvZd8W" axisLabels="longitude latitude time" dimension="3" srsDimension="3">
                        <limits>
                           <gml:GridEnvelope>
                              <gml:low>0 0 0</gml:low>
                              <gml:high>0 0 0</gml:high>
                           </gml:GridEnvelope>
                        </limits>
                        <axisLabels>time latitude longitude</axisLabels>
                        <coordTransformTable>
                           <GridCoordinatesTable>
                              <gridOrdinate>
                                 <GridOrdinateDescription>
                                    <coordAxisLabel>time</coordAxisLabel>
                                    <coordAxisValues>
                                       <SpatialOrTemporalPositionList gml:id="Fu0BP1d5">
                                          <timePositionList frame="ndg:standard">2024-01-16T00:00:00.0 2024-02-16T00:00:00.0 2024-03-16T00:00:00.0 2024-04-16T00:00:00.0 2024-05-16T00:00:00.0 2024-06-16T00:00:00.0 2024-07-16T00:00:00.0 2024-08-16T00:00:00.0 2024-09-16T00:00:00.0 2024-10-16T00:00:00.0 2024-11-16T00:00:00.0 2024-12-16T00:00:00.0 2054-01-16T00:00:00.0 2054-02-16T00:00:00.0 2054-03-16T00:00:00.0 2054-04-16T00:00:00.0 2054-05-16T00:00:00.0 2054-06-16T00:00:00.0 2054-07-16T00:00:00.0 2054-08-16T00:00:00.0 2054-09-16T00:00:00.0 2054-10-16T00:00:00.0 2054-11-16T00:00:00.0 2054-12-16T00:00:00.0 2084-01-16T00:00:00.0 2084-02-16T00:00:00.0 2084-03-16T00:00:00.0 2084-04-16T00:00:00.0 2084-05-16T00:00:00.0 2084-06-16T00:00:00.0 2084-07-16T00:00:00.0 2084-08-16T00:00:00.0 2084-09-16T00:00:00.0 2084-10-16T00:00:00.0 2084-11-16T00:00:00.0 2084-12-16T00:00:00.0</timePositionList>
                                       </SpatialOrTemporalPositionList>
                                    </coordAxisValues>
                                    <gridAxesSpanned>time</gridAxesSpanned>
                                    <sequenceRule axisOrder="+1">Linear</sequenceRule>
                                 </GridOrdinateDescription>
                              </gridOrdinate>
                              <gridOrdinate>
                                 <GridOrdinateDescription>
                                    <coordAxisLabel>latitude</coordAxisLabel>
                                    <coordAxisValues xlink:href="#FRrlLlNI" xlink:show="embed" xlink:arcrole="coordinateList" xlink:role="http://ndg.nerc.ac.uk/fileFormat/csmlStorageDescriptor">
                                       <SpatialOrTemporalPositionList gml:id="QjIlFFrR">
                                          <coordinateList></coordinateList>
                                       </SpatialOrTemporalPositionList>
                                    </coordAxisValues>
                                    <gridAxesSpanned>latitude</gridAxesSpanned>
                                    <sequenceRule axisOrder="+1">Linear</sequenceRule>
                                 </GridOrdinateDescription>
                              </gridOrdinate>
                              <gridOrdinate>
                                 <GridOrdinateDescription>
                                    <coordAxisLabel>longitude</coordAxisLabel>
                                    <coordAxisValues xlink:href="#MxxPcJE1" xlink:show="embed" xlink:arcrole="coordinateList" xlink:role="http://ndg.nerc.ac.uk/fileFormat/csmlStorageDescriptor">
                                       <SpatialOrTemporalPositionList gml:id="MzlLggfI">
                                          <coordinateList></coordinateList>
                                       </SpatialOrTemporalPositionList>
                                    </coordAxisValues>
                                    <gridAxesSpanned>longitude</gridAxesSpanned>
                                    <sequenceRule axisOrder="+1">Linear</sequenceRule>
                                 </GridOrdinateDescription>
                              </gridOrdinate>
                           </GridCoordinatesTable>
                        </coordTransformTable>
                     </GridSeriesDomain>
                  </gridSeriesDomain>
                  <gml:rangeSet>
                     <gml:ValueArray gml:id="JyDMTGag">
                        <gml:valueComponent xlink:href="#BTW6d0ct" xlink:show="embed" xlink:arcrole="QuantityList" xlink:role="http://ndg.nerc.ac.uk/fileFormat/csmlStorageDescriptor">
                           <gml:QuantityList uom="1"></gml:QuantityList>
                        </gml:valueComponent>
                     </gml:ValueArray>
                  </gml:rangeSet>
               </GridSeriesCoverage>
            </value>
            <parameter xlink:href="http://cfconventions.org/standard_names/specific_humidity_anomaly"></parameter>
         </GridSeriesFeature>
      </featureMember>
      <featureMember>
         <GridSeriesFeature gml:id="air_pressure_at_sea_level_anomaly">
            <gml:description>missing description</gml:description>
            <gml:name>air_pressure_at_sea_level_anomaly</gml:name>
            <gml:boundedBy>
               <gml:EnvelopeWithTimePeriod srsName="WGS84">
                  <gml:lowerCorner>0.0 -90.0</gml:lowerCorner>
                  <gml:upperCorner>360.0 90.0</gml:upperCorner>
                  <gml:beginPosition>2024-01-16T00:00:00.0</gml:beginPosition>
                  <gml:endPosition>2084-12-16T00:00:00.0</gml:endPosition>
               </gml:EnvelopeWithTimePeriod>
            </gml:boundedBy>
            <value>
               <GridSeriesCoverage gml:id="CzzGic5G">
                  <gridSeriesDomain>
                     <GridSeriesDomain srsName="ndg:crs:lonlatt" uomLabels="degree_east degree_north days_since_2010-01-01" gml:id="OZ5cW0Pa" axisLabels="longitude latitude time" dimension="3" srsDimension="3">
                        <limits>
                           <gml:GridEnvelope>
                              <gml:low>0 0 0</gml:low>
                              <gml:high>0 0 0</gml:high>
                           </gml:GridEnvelope>
                        </limits>
                        <axisLabels>time latitude longitude</axisLabels>
                        <coordTransformTable>
                           <GridCoordinatesTable>
                              <gridOrdinate>
                                 <GridOrdinateDescription>
                                    <coordAxisLabel>time</coordAxisLabel>
                                    <coordAxisValues>
                                       <SpatialOrTemporalPositionList gml:id="WSWfdf8D">
                                          <timePositionList frame="ndg:standard">2024-01-16T00:00:00.0 2024-02-16T00:00:00.0 2024-03-16T00:00:00.0 2024-04-16T00:00:00.0 2024-05-16T00:00:00.0 2024-06-16T00:00:00.0 2024-07-16T00:00:00.0 2024-08-16T00:00:00.0 2024-09-16T00:00:00.0 2024-10-16T00:00:00.0 2024-11-16T00:00:00.0 2024-12-16T00:00:00.0 2054-01-16T00:00:00.0 2054-02-16T00:00:00.0 2054-03-16T00:00:00.0 2054-04-16T00:00:00.0 2054-05-16T00:00:00.0 2054-06-16T00:00:00.0 2054-07-16T00:00:00.0 2054-08-16T00:00:00.0 2054-09-16T00:00:00.0 2054-10-16T00:00:00.0 2054-11-16T00:00:00.0 2054-12-16T00:00:00.0 2084-01-16T00:00:00.0 2084-02-16T00:00:00.0 2084-03-16T00:00:00.0 2084-04-16T00:00:00.0 2084-05-16T00:00:00.0 2084-06-16T00:00:00.0 2084-07-16T00:00:00.0 2084-08-16T00:00:00.0 2084-09-16T00:00:00.0 2084-10-16T00:00:00.0 2084-11-16T00:00:00.0 2084-12-16T00:00:00.0</timePositionList>
                                       </SpatialOrTemporalPositionList>
                                    </coordAxisValues>
                                    <gridAxesSpanned>time</gridAxesSpanned>
                                    <sequenceRule axisOrder="+1">Linear</sequenceRule>
                                 </GridOrdinateDescription>
                              </gridOrdinate>
                              <gridOrdinate>
                                 <GridOrdinateDescription>
                                    <coordAxisLabel>latitude</coordAxisLabel>
                                    <coordAxisValues xlink:href="#Qo1xqWCV" xlink:show="embed" xlink:arcrole="coordinateList" xlink:role="http://ndg.nerc.ac.uk/fileFormat/csmlStorageDescriptor">
                                       <SpatialOrTemporalPositionList gml:id="WPswRHP3">
                                          <coordinateList></coordinateList>
                                       </SpatialOrTemporalPositionList>
                                    </coordAxisValues>
                                    <gridAxesSpanned>latitude</gridAxesSpanned>
                                    <sequenceRule axisOrder="+1">Linear</sequenceRule>
                                 </GridOrdinateDescription>
                              </gridOrdinate>
                              <gridOrdinate>
                                 <GridOrdinateDescription>
                                    <coordAxisLabel>longitude</coordAxisLabel>
                                    <coordAxisValues xlink:href="#RHLyJpX6" xlink:show="embed" xlink:arcrole="coordinateList" xlink:role="http://ndg.nerc.ac.uk/fileFormat/csmlStorageDescriptor">
                                       <SpatialOrTemporalPositionList gml:id="UTMjQI1m">
                                          <coordinateList></coordinateList>
                                       </SpatialOrTemporalPositionList>
                                    </coordAxisValues>
                                    <gridAxesSpanned>longitude</gridAxesSpanned>
                                    <sequenceRule axisOrder="+1">Linear</sequenceRule>
                                 </GridOrdinateDescription>
                              </gridOrdinate>
                           </GridCoordinatesTable>
                        </coordTransformTable>
                     </GridSeriesDomain>
                  </gridSeriesDomain>
                  <gml:rangeSet>
                     <gml:ValueArray gml:id="MEFeAMno">
                        <gml:valueComponent xlink:href="#L6hCzODq" xlink:show="embed" xlink:arcrole="QuantityList" xlink:role="http://ndg.nerc.ac.uk/fileFormat/csmlStorageDescriptor">
                           <gml:QuantityList uom="Pa"></gml:QuantityList>
                        </gml:valueComponent>
                     </gml:ValueArray>
                  </gml:rangeSet>
               </GridSeriesCoverage>
            </value>
            <parameter xlink:href="http://cfconventions.org/standard_names/air_pressure_at_sea_level_anomaly"></parameter>
         </GridSeriesFeature>
      </featureMember>
      <featureMember>
         <GridSeriesFeature gml:id="surface_downwelling_shortwave_flux_in_air_anomaly">
            <gml:description>missing description</gml:description>
            <gml:name>surface_downwelling_shortwave_flux_in_air_anomaly</gml:name>
            <gml:boundedBy>
               <gml:EnvelopeWithTimePeriod srsName="WGS84">
                  <gml:lowerCorner>0.0 -90.0</gml:lowerCorner>
                  <gml:upperCorner>360.0 90.0</gml:upperCorner>
                  <gml:beginPosition>2024-01-16T00:00:00.0</gml:beginPosition>
                  <gml:endPosition>2084-12-16T00:00:00.0</gml:endPosition>
               </gml:EnvelopeWithTimePeriod>
            </gml:boundedBy>
            <value>
               <GridSeriesCoverage gml:id="ObXd055W">
                  <gridSeriesDomain>
                     <GridSeriesDomain srsName="ndg:crs:lonlatt" uomLabels="degree_east degree_north days_since_2010-01-01" gml:id="HGMWS0RN" axisLabels="longitude latitude time" dimension="3" srsDimension="3">
                        <limits>
                           <gml:GridEnvelope>
                              <gml:low>0 0 0</gml:low>
                              <gml:high>0 0 0</gml:high>
                           </gml:GridEnvelope>
                        </limits>
                        <axisLabels>time latitude longitude</axisLabels>
                        <coordTransformTable>
                           <GridCoordinatesTable>
                              <gridOrdinate>
                                 <GridOrdinateDescription>
                                    <coordAxisLabel>time</coordAxisLabel>
                                    <coordAxisValues>
                                       <SpatialOrTemporalPositionList gml:id="Wzc4J8Hh">
                                          <timePositionList frame="ndg:standard">2024-01-16T00:00:00.0 2024-02-16T00:00:00.0 2024-03-16T00:00:00.0 2024-04-16T00:00:00.0 2024-05-16T00:00:00.0 2024-06-16T00:00:00.0 2024-07-16T00:00:00.0 2024-08-16T00:00:00.0 2024-09-16T00:00:00.0 2024-10-16T00:00:00.0 2024-11-16T00:00:00.0 2024-12-16T00:00:00.0 2054-01-16T00:00:00.0 2054-02-16T00:00:00.0 2054-03-16T00:00:00.0 2054-04-16T00:00:00.0 2054-05-16T00:00:00.0 2054-06-16T00:00:00.0 2054-07-16T00:00:00.0 2054-08-16T00:00:00.0 2054-09-16T00:00:00.0 2054-10-16T00:00:00.0 2054-11-16T00:00:00.0 2054-12-16T00:00:00.0 2084-01-16T00:00:00.0 2084-02-16T00:00:00.0 2084-03-16T00:00:00.0 2084-04-16T00:00:00.0 2084-05-16T00:00:00.0 2084-06-16T00:00:00.0 2084-07-16T00:00:00.0 2084-08-16T00:00:00.0 2084-09-16T00:00:00.0 2084-10-16T00:00:00.0 2084-11-16T00:00:00.0 2084-12-16T00:00:00.0</timePositionList>
                                       </SpatialOrTemporalPositionList>
                                    </coordAxisValues>
                                    <gridAxesSpanned>time</gridAxesSpanned>
                                    <sequenceRule axisOrder="+1">Linear</sequenceRule>
                                 </GridOrdinateDescription>
                              </gridOrdinate>
                              <gridOrdinate>
                                 <GridOrdinateDescription>
                                    <coordAxisLabel>latitude</coordAxisLabel>
                                    <coordAxisValues xlink:href="#JeXdWRcA" xlink:show="embed" xlink:arcrole="coordinateList" xlink:role="http://ndg.nerc.ac.uk/fileFormat/csmlStorageDescriptor">
                                       <SpatialOrTemporalPositionList gml:id="L0JmPKEn">
                                          <coordinateList></coordinateList>
                                       </SpatialOrTemporalPositionList>
                                    </coordAxisValues>
                                    <gridAxesSpanned>latitude</gridAxesSpanned>
                                    <sequenceRule axisOrder="+1">Linear</sequenceRule>
                                 </GridOrdinateDescription>
                              </gridOrdinate>
                              <gridOrdinate>
                                 <GridOrdinateDescription>
                                    <coordAxisLabel>longitude</coordAxisLabel>
                                    <coordAxisValues xlink:href="#Tt9u5WSc" xlink:show="embed" xlink:arcrole="coordinateList" xlink:role="http://ndg.nerc.ac.uk/fileFormat/csmlStorageDescriptor">
                                       <SpatialOrTemporalPositionList gml:id="OgUo0mX6">
                                          <coordinateList></coordinateList>
                                       </SpatialOrTemporalPositionList>
                                    </coordAxisValues>
                                    <gridAxesSpanned>longitude</gridAxesSpanned>
                                    <sequenceRule axisOrder="+1">Linear</sequenceRule>
                                 </GridOrdinateDescription>
                              </gridOrdinate>
                           </GridCoordinatesTable>
                        </coordTransformTable>
                     </GridSeriesDomain>
                  </gridSeriesDomain>
                  <gml:rangeSet>
                     <gml:ValueArray gml:id="RfxP8o2i">
                        <gml:valueComponent xlink:href="#N3UkAoMn" xlink:show="embed" xlink:arcrole="QuantityList" xlink:role="http://ndg.nerc.ac.uk/fileFormat/csmlStorageDescriptor">
                           <gml:QuantityList uom="W.m-2"></gml:QuantityList>
                        </gml:valueComponent>
                     </gml:ValueArray>
                  </gml:rangeSet>
               </GridSeriesCoverage>
            </value>
            <parameter xlink:href="http://cfconventions.org/standard_names/surface_downwelling_shortwave_flux_in_air_anomaly"></parameter>
         </GridSeriesFeature>
      </featureMember>
      <featureMember>
         <GridSeriesFeature gml:id="air_temperature_anomaly">
            <gml:description>missing description</gml:description>
            <gml:name>air_temperature_anomaly</gml:name>
            <gml:boundedBy>
               <gml:EnvelopeWithTimePeriod srsName="WGS84">
                  <gml:lowerCorner>0.0 -90.0</gml:lowerCorner>
                  <gml:upperCorner>360.0 90.0</gml:upperCorner>
                  <gml:beginPosition>2024-01-16T00:00:00.0</gml:beginPosition>
                  <gml:endPosition>2084-12-16T00:00:00.0</gml:endPosition>
               </gml:EnvelopeWithTimePeriod>
            </gml:boundedBy>
            <value>
               <GridSeriesCoverage gml:id="OyfiwbFR">
                  <gridSeriesDomain>
                     <GridSeriesDomain srsName="ndg:crs:lonlatt" uomLabels="degree_east degree_north days_since_2010-01-01" gml:id="OVCcWSJj" axisLabels="longitude latitude time" dimension="3" srsDimension="3">
                        <limits>
                           <gml:GridEnvelope>
                              <gml:low>0 0 0</gml:low>
                              <gml:high>0 0 0</gml:high>
                           </gml:GridEnvelope>
                        </limits>
                        <axisLabels>time latitude longitude</axisLabels>
                        <coordTransformTable>
                           <GridCoordinatesTable>
                              <gridOrdinate>
                                 <GridOrdinateDescription>
                                    <coordAxisLabel>time</coordAxisLabel>
                                    <coordAxisValues>
                                       <SpatialOrTemporalPositionList gml:id="NyANSrHu">
                                          <timePositionList frame="ndg:standard">2024-01-16T00:00:00.0 2024-02-16T00:00:00.0 2024-03-16T00:00:00.0 2024-04-16T00:00:00.0 2024-05-16T00:00:00.0 2024-06-16T00:00:00.0 2024-07-16T00:00:00.0 2024-08-16T00:00:00.0 2024-09-16T00:00:00.0 2024-10-16T00:00:00.0 2024-11-16T00:00:00.0 2024-12-16T00:00:00.0 2054-01-16T00:00:00.0 2054-02-16T00:00:00.0 2054-03-16T00:00:00.0 2054-04-16T00:00:00.0 2054-05-16T00:00:00.0 2054-06-16T00:00:00.0 2054-07-16T00:00:00.0 2054-08-16T00:00:00.0 2054-09-16T00:00:00.0 2054-10-16T00:00:00.0 2054-11-16T00:00:00.0 2054-12-16T00:00:00.0 2084-01-16T00:00:00.0 2084-02-16T00:00:00.0 2084-03-16T00:00:00.0 2084-04-16T00:00:00.0 2084-05-16T00:00:00.0 2084-06-16T00:00:00.0 2084-07-16T00:00:00.0 2084-08-16T00:00:00.0 2084-09-16T00:00:00.0 2084-10-16T00:00:00.0 2084-11-16T00:00:00.0 2084-12-16T00:00:00.0</timePositionList>
                                       </SpatialOrTemporalPositionList>
                                    </coordAxisValues>
                                    <gridAxesSpanned>time</gridAxesSpanned>
                                    <sequenceRule axisOrder="+1">Linear</sequenceRule>
                                 </GridOrdinateDescription>
                              </gridOrdinate>
                              <gridOrdinate>
                                 <GridOrdinateDescription>
                                    <coordAxisLabel>latitude</coordAxisLabel>
                                    <coordAxisValues xlink:href="#CZuda5xs" xlink:show="embed" xlink:arcrole="coordinateList" xlink:role="http://ndg.nerc.ac.uk/fileFormat/csmlStorageDescriptor">
                                       <SpatialOrTemporalPositionList gml:id="BqxKmw7s">
                                          <coordinateList></coordinateList>
                                       </SpatialOrTemporalPositionList>
                                    </coordAxisValues>
                                    <gridAxesSpanned>latitude</gridAxesSpanned>
                                    <sequenceRule axisOrder="+1">Linear</sequenceRule>
                                 </GridOrdinateDescription>
                              </gridOrdinate>
                              <gridOrdinate>
                                 <GridOrdinateDescription>
                                    <coordAxisLabel>longitude</coordAxisLabel>
                                    <coordAxisValues xlink:href="#A9JqKfmy" xlink:show="embed" xlink:arcrole="coordinateList" xlink:role="http://ndg.nerc.ac.uk/fileFormat/csmlStorageDescriptor">
                                       <SpatialOrTemporalPositionList gml:id="MPRaSNYb">
                                          <coordinateList></coordinateList>
                                       </SpatialOrTemporalPositionList>
                                    </coordAxisValues>
                                    <gridAxesSpanned>longitude</gridAxesSpanned>
                                    <sequenceRule axisOrder="+1">Linear</sequenceRule>
                                 </GridOrdinateDescription>
                              </gridOrdinate>
                           </GridCoordinatesTable>
                        </coordTransformTable>
                     </GridSeriesDomain>
                  </gridSeriesDomain>
                  <gml:rangeSet>
                     <gml:ValueArray gml:id="IO4dXiQn">
                        <gml:valueComponent xlink:href="#VNPkbBqk" xlink:show="embed" xlink:arcrole="QuantityList" xlink:role="http://ndg.nerc.ac.uk/fileFormat/csmlStorageDescriptor">
                           <gml:QuantityList uom="K"></gml:QuantityList>
                        </gml:valueComponent>
                     </gml:ValueArray>
                  </gml:rangeSet>
               </GridSeriesCoverage>
            </value>
            <parameter xlink:href="http://cfconventions.org/standard_names/air_temperature_anomaly"></parameter>
         </GridSeriesFeature>
      </featureMember>
      <featureMember>
         <GridSeriesFeature gml:id="eastward_wind_anomaly">
            <gml:description>missing description</gml:description>
            <gml:name>eastward_wind_anomaly</gml:name>
            <gml:boundedBy>
               <gml:EnvelopeWithTimePeriod srsName="WGS84">
                  <gml:lowerCorner>0.0 -90.0</gml:lowerCorner>
                  <gml:upperCorner>360.0 90.0</gml:upperCorner>
                  <gml:beginPosition>2024-01-16T00:00:00.0</gml:beginPosition>
                  <gml:endPosition>2084-12-16T00:00:00.0</gml:endPosition>
               </gml:EnvelopeWithTimePeriod>
            </gml:boundedBy>
            <value>
               <GridSeriesCoverage gml:id="G5bNiQa1">
                  <gridSeriesDomain>
                     <GridSeriesDomain srsName="ndg:crs:lonlatt" uomLabels="degree_east degree_north days_since_2010-01-01" gml:id="F4Or92zg" axisLabels="longitude latitude time" dimension="3" srsDimension="3">
                        <limits>
                           <gml:GridEnvelope>
                              <gml:low>0 0 0</gml:low>
                              <gml:high>0 0 0</gml:high>
                           </gml:GridEnvelope>
                        </limits>
                        <axisLabels>time latitude longitude</axisLabels>
                        <coordTransformTable>
                           <GridCoordinatesTable>
                              <gridOrdinate>
                                 <GridOrdinateDescription>
                                    <coordAxisLabel>time</coordAxisLabel>
                                    <coordAxisValues>
                                       <SpatialOrTemporalPositionList gml:id="P1WHWyvG">
                                          <timePositionList frame="ndg:standard">2024-01-16T00:00:00.0 2024-02-16T00:00:00.0 2024-03-16T00:00:00.0 2024-04-16T00:00:00.0 2024-05-16T00:00:00.0 2024-06-16T00:00:00.0 2024-07-16T00:00:00.0 2024-08-16T00:00:00.0 2024-09-16T00:00:00.0 2024-10-16T00:00:00.0 2024-11-16T00:00:00.0 2024-12-16T00:00:00.0 2054-01-16T00:00:00.0 2054-02-16T00:00:00.0 2054-03-16T00:00:00.0 2054-04-16T00:00:00.0 2054-05-16T00:00:00.0 2054-06-16T00:00:00.0 2054-07-16T00:00:00.0 2054-08-16T00:00:00.0 2054-09-16T00:00:00.0 2054-10-16T00:00:00.0 2054-11-16T00:00:00.0 2054-12-16T00:00:00.0 2084-01-16T00:00:00.0 2084-02-16T00:00:00.0 2084-03-16T00:00:00.0 2084-04-16T00:00:00.0 2084-05-16T00:00:00.0 2084-06-16T00:00:00.0 2084-07-16T00:00:00.0 2084-08-16T00:00:00.0 2084-09-16T00:00:00.0 2084-10-16T00:00:00.0 2084-11-16T00:00:00.0 2084-12-16T00:00:00.0</timePositionList>
                                       </SpatialOrTemporalPositionList>
                                    </coordAxisValues>
                                    <gridAxesSpanned>time</gridAxesSpanned>
                                    <sequenceRule axisOrder="+1">Linear</sequenceRule>
                                 </GridOrdinateDescription>
                              </gridOrdinate>
                              <gridOrdinate>
                                 <GridOrdinateDescription>
                                    <coordAxisLabel>latitude</coordAxisLabel>
                                    <coordAxisValues xlink:href="#ELtWFERR" xlink:show="embed" xlink:arcrole="coordinateList" xlink:role="http://ndg.nerc.ac.uk/fileFormat/csmlStorageDescriptor">
                                       <SpatialOrTemporalPositionList gml:id="PQU36Cy2">
                                          <coordinateList></coordinateList>
                                       </SpatialOrTemporalPositionList>
                                    </coordAxisValues>
                                    <gridAxesSpanned>latitude</gridAxesSpanned>
                                    <sequenceRule axisOrder="+1">Linear</sequenceRule>
                                 </GridOrdinateDescription>
                              </gridOrdinate>
                              <gridOrdinate>
                                 <GridOrdinateDescription>
                                    <coordAxisLabel>longitude</coordAxisLabel>
                                    <coordAxisValues xlink:href="#VlbSeR1J" xlink:show="embed" xlink:arcrole="coordinateList" xlink:role="http://ndg.nerc.ac.uk/fileFormat/csmlStorageDescriptor">
                                       <SpatialOrTemporalPositionList gml:id="BCDAXqrV">
                                          <coordinateList></coordinateList>
                                       </SpatialOrTemporalPositionList>
                                    </coordAxisValues>
                                    <gridAxesSpanned>longitude</gridAxesSpanned>
                                    <sequenceRule axisOrder="+1">Linear</sequenceRule>
                                 </GridOrdinateDescription>
                              </gridOrdinate>
                           </GridCoordinatesTable>
                        </coordTransformTable>
                     </GridSeriesDomain>
                  </gridSeriesDomain>
                  <gml:rangeSet>
                     <gml:ValueArray gml:id="DRhPLlcD">
                        <gml:valueComponent xlink:href="#XcqcNzFS" xlink:show="embed" xlink:arcrole="QuantityList" xlink:role="http://ndg.nerc.ac.uk/fileFormat/csmlStorageDescriptor">
                           <gml:QuantityList uom="m.s-1"></gml:QuantityList>
                        </gml:valueComponent>
                     </gml:ValueArray>
                  </gml:rangeSet>
               </GridSeriesCoverage>
            </value>
            <parameter xlink:href="http://cfconventions.org/standard_names/eastward_wind_anomaly"></parameter>
         </GridSeriesFeature>
      </featureMember>
      <featureMember>
         <GridSeriesFeature gml:id="northward_wind_anomaly">
            <gml:description>missing description</gml:description>
            <gml:name>northward_wind_anomaly</gml:name>
            <gml:boundedBy>
               <gml:EnvelopeWithTimePeriod srsName="WGS84">
                  <gml:lowerCorner>0.0 -90.0</gml:lowerCorner>
                  <gml:upperCorner>360.0 90.0</gml:upperCorner>
                  <gml:beginPosition>2024-01-16T00:00:00.0</gml:beginPosition>
                  <gml:endPosition>2084-12-16T00:00:00.0</gml:endPosition>
               </gml:EnvelopeWithTimePeriod>
            </gml:boundedBy>
            <value>
               <GridSeriesCoverage gml:id="HzUZfCT8">
                  <gridSeriesDomain>
                     <GridSeriesDomain srsName="ndg:crs:lonlatt" uomLabels="degree_east degree_north days_since_2010-01-01" gml:id="XiyeCgWM" axisLabels="longitude latitude time" dimension="3" srsDimension="3">
                        <limits>
                           <gml:GridEnvelope>
                              <gml:low>0 0 0</gml:low>
                              <gml:high>0 0 0</gml:high>
                           </gml:GridEnvelope>
                        </limits>
                        <axisLabels>time latitude longitude</axisLabels>
                        <coordTransformTable>
                           <GridCoordinatesTable>
                              <gridOrdinate>
                                 <GridOrdinateDescription>
                                    <coordAxisLabel>time</coordAxisLabel>
                                    <coordAxisValues>
                                       <SpatialOrTemporalPositionList gml:id="P7qsjLee">
                                          <timePositionList frame="ndg:standard">2024-01-16T00:00:00.0 2024-02-16T00:00:00.0 2024-03-16T00:00:00.0 2024-04-16T00:00:00.0 2024-05-16T00:00:00.0 2024-06-16T00:00:00.0 2024-07-16T00:00:00.0 2024-08-16T00:00:00.0 2024-09-16T00:00:00.0 2024-10-16T00:00:00.0 2024-11-16T00:00:00.0 2024-12-16T00:00:00.0 2054-01-16T00:00:00.0 2054-02-16T00:00:00.0 2054-03-16T00:00:00.0 2054-04-16T00:00:00.0 2054-05-16T00:00:00.0 2054-06-16T00:00:00.0 2054-07-16T00:00:00.0 2054-08-16T00:00:00.0 2054-09-16T00:00:00.0 2054-10-16T00:00:00.0 2054-11-16T00:00:00.0 2054-12-16T00:00:00.0 2084-01-16T00:00:00.0 2084-02-16T00:00:00.0 2084-03-16T00:00:00.0 2084-04-16T00:00:00.0 2084-05-16T00:00:00.0 2084-06-16T00:00:00.0 2084-07-16T00:00:00.0 2084-08-16T00:00:00.0 2084-09-16T00:00:00.0 2084-10-16T00:00:00.0 2084-11-16T00:00:00.0 2084-12-16T00:00:00.0</timePositionList>
                                       </SpatialOrTemporalPositionList>
                                    </coordAxisValues>
                                    <gridAxesSpanned>time</gridAxesSpanned>
                                    <sequenceRule axisOrder="+1">Linear</sequenceRule>
                                 </GridOrdinateDescription>
                              </gridOrdinate>
                              <gridOrdinate>
                                 <GridOrdinateDescription>
                                    <coordAxisLabel>latitude</coordAxisLabel>
                                    <coordAxisValues xlink:href="#HCKpibpM" xlink:show="embed" xlink:arcrole="coordinateList" xlink:role="http://ndg.nerc.ac.uk/fileFormat/csmlStorageDescriptor">
                                       <SpatialOrTemporalPositionList gml:id="TTPTuKjj">
                                          <coordinateList></coordinateList>
                                       </SpatialOrTemporalPositionList>
                                    </coordAxisValues>
                                    <gridAxesSpanned>latitude</gridAxesSpanned>
                                    <sequenceRule axisOrder="+1">Linear</sequenceRule>
                                 </GridOrdinateDescription>
                              </gridOrdinate>
                              <gridOrdinate>
                                 <GridOrdinateDescription>
                                    <coordAxisLabel>longitude</coordAxisLabel>
                                    <coordAxisValues xlink:href="#XLQBY7SV" xlink:show="embed" xlink:arcrole="coordinateList" xlink:role="http://ndg.nerc.ac.uk/fileFormat/csmlStorageDescriptor">
                                       <SpatialOrTemporalPositionList gml:id="AKPaheIj">
                                          <coordinateList></coordinateList>
                                       </SpatialOrTemporalPositionList>
                                    </coordAxisValues>
                                    <gridAxesSpanned>longitude</gridAxesSpanned>
                                    <sequenceRule axisOrder="+1">Linear</sequenceRule>
                                 </GridOrdinateDescription>
                              </gridOrdinate>
                           </GridCoordinatesTable>
                        </coordTransformTable>
                     </GridSeriesDomain>
                  </gridSeriesDomain>
                  <gml:rangeSet>
                     <gml:ValueArray gml:id="Fx4G3rTy">
                        <gml:valueComponent xlink:href="#SIff768p" xlink:show="embed" xlink:arcrole="QuantityList" xlink:role="http://ndg.nerc.ac.uk/fileFormat/csmlStorageDescriptor">
                           <gml:QuantityList uom="m.s-1"></gml:QuantityList>
                        </gml:valueComponent>
                     </gml:ValueArray>
                  </gml:rangeSet>
               </GridSeriesCoverage>
            </value>
            <parameter xlink:href="http://cfconventions.org/standard_names/northward_wind_anomaly"></parameter>
         </GridSeriesFeature>
      </featureMember>
   </CSMLFeatureCollection>
   <CSMLStorageDescriptor>
      <descriptor>
         <NetCDFExtract id="FRrlLlNI">
            <arraySize>46</arraySize>
            <fileName>/badc/ipcc-ddc/data/netcdf/ar4_v2/huss/GIER_SRA1B_1_huss-change_2010-2039.nc</fileName>
            <variableName>latitude</variableName>
         </NetCDFExtract>
      </descriptor>
      <descriptor>
         <NetCDFExtract id="PGSyaJco">
            <arraySize>2</arraySize>
            <fileName>/badc/ipcc-ddc/data/netcdf/ar4_v2/huss/GIER_SRA1B_1_huss-change_2010-2039.nc</fileName>
            <variableName>bounds</variableName>
         </NetCDFExtract>
      </descriptor>
      <descriptor>
         <NetCDFExtract id="MxxPcJE1">
            <arraySize>72</arraySize>
            <fileName>/badc/ipcc-ddc/data/netcdf/ar4_v2/huss/GIER_SRA1B_1_huss-change_2010-2039.nc</fileName>
            <variableName>longitude</variableName>
         </NetCDFExtract>
      </descriptor>
      <descriptor>
         <NetCDFExtract id="FPd12VVX">
            <arraySize>12</arraySize>
            <fileName>/badc/ipcc-ddc/data/netcdf/ar4_v2/huss/GIER_SRA1B_1_huss-change_2010-2039.nc</fileName>
            <variableName>time</variableName>
         </NetCDFExtract>
      </descriptor>
      <descriptor>
         <NetCDFExtract id="Qo1xqWCV">
            <arraySize>46</arraySize>
            <fileName>/badc/ipcc-ddc/data/netcdf/ar4_v2/psl/GIER_SRA1B_1_psl-change_2010-2039.nc</fileName>
            <variableName>latitude</variableName>
         </NetCDFExtract>
      </descriptor>
      <descriptor>
         <NetCDFExtract id="CK9oaf6i">
            <arraySize>2</arraySize>
            <fileName>/badc/ipcc-ddc/data/netcdf/ar4_v2/psl/GIER_SRA1B_1_psl-change_2010-2039.nc</fileName>
            <variableName>bounds</variableName>
         </NetCDFExtract>
      </descriptor>
      <descriptor>
         <NetCDFExtract id="RHLyJpX6">
            <arraySize>72</arraySize>
            <fileName>/badc/ipcc-ddc/data/netcdf/ar4_v2/psl/GIER_SRA1B_1_psl-change_2010-2039.nc</fileName>
            <variableName>longitude</variableName>
         </NetCDFExtract>
      </descriptor>
      <descriptor>
         <NetCDFExtract id="WSdBOHOf">
            <arraySize>12</arraySize>
            <fileName>/badc/ipcc-ddc/data/netcdf/ar4_v2/psl/GIER_SRA1B_1_psl-change_2010-2039.nc</fileName>
            <variableName>time</variableName>
         </NetCDFExtract>
      </descriptor>
      <descriptor>
         <NetCDFExtract id="JeXdWRcA">
            <arraySize>46</arraySize>
            <fileName>/badc/ipcc-ddc/data/netcdf/ar4_v2/rsds/GIER_SRA1B_1_rsds-change_2010-2039.nc</fileName>
            <variableName>latitude</variableName>
         </NetCDFExtract>
      </descriptor>
      <descriptor>
         <NetCDFExtract id="MGcFOZ5S">
            <arraySize>2</arraySize>
            <fileName>/badc/ipcc-ddc/data/netcdf/ar4_v2/rsds/GIER_SRA1B_1_rsds-change_2010-2039.nc</fileName>
            <variableName>bounds</variableName>
         </NetCDFExtract>
      </descriptor>
      <descriptor>
         <NetCDFExtract id="Tt9u5WSc">
            <arraySize>72</arraySize>
            <fileName>/badc/ipcc-ddc/data/netcdf/ar4_v2/rsds/GIER_SRA1B_1_rsds-change_2010-2039.nc</fileName>
            <variableName>longitude</variableName>
         </NetCDFExtract>
      </descriptor>
      <descriptor>
         <NetCDFExtract id="YB12ypQQ">
            <arraySize>12</arraySize>
            <fileName>/badc/ipcc-ddc/data/netcdf/ar4_v2/rsds/GIER_SRA1B_1_rsds-change_2010-2039.nc</fileName>
            <variableName>time</variableName>
         </NetCDFExtract>
      </descriptor>
      <descriptor>
         <NetCDFExtract id="CZuda5xs">
            <arraySize>46</arraySize>
            <fileName>/badc/ipcc-ddc/data/netcdf/ar4_v2/tas/GIER_SRA1B_1_tas-change_2010-2039.nc</fileName>
            <variableName>latitude</variableName>
         </NetCDFExtract>
      </descriptor>
      <descriptor>
         <NetCDFExtract id="Qr3XDHzi">
            <arraySize>2</arraySize>
            <fileName>/badc/ipcc-ddc/data/netcdf/ar4_v2/tas/GIER_SRA1B_1_tas-change_2010-2039.nc</fileName>
            <variableName>bounds</variableName>
         </NetCDFExtract>
      </descriptor>
      <descriptor>
         <NetCDFExtract id="A9JqKfmy">
            <arraySize>72</arraySize>
            <fileName>/badc/ipcc-ddc/data/netcdf/ar4_v2/tas/GIER_SRA1B_1_tas-change_2010-2039.nc</fileName>
            <variableName>longitude</variableName>
         </NetCDFExtract>
      </descriptor>
      <descriptor>
         <NetCDFExtract id="Wsbb4nvA">
            <arraySize>12</arraySize>
            <fileName>/badc/ipcc-ddc/data/netcdf/ar4_v2/tas/GIER_SRA1B_1_tas-change_2010-2039.nc</fileName>
            <variableName>time</variableName>
         </NetCDFExtract>
      </descriptor>
      <descriptor>
         <NetCDFExtract id="ELtWFERR">
            <arraySize>46</arraySize>
            <fileName>/badc/ipcc-ddc/data/netcdf/ar4_v2/uas/GIER_SRA1B_1_uas-change_2010-2039.nc</fileName>
            <variableName>latitude</variableName>
         </NetCDFExtract>
      </descriptor>
      <descriptor>
         <NetCDFExtract id="L5R7DGhJ">
            <arraySize>2</arraySize>
            <fileName>/badc/ipcc-ddc/data/netcdf/ar4_v2/uas/GIER_SRA1B_1_uas-change_2010-2039.nc</fileName>
            <variableName>bounds</variableName>
         </NetCDFExtract>
      </descriptor>
      <descriptor>
         <NetCDFExtract id="VlbSeR1J">
            <arraySize>72</arraySize>
            <fileName>/badc/ipcc-ddc/data/netcdf/ar4_v2/uas/GIER_SRA1B_1_uas-change_2010-2039.nc</fileName>
            <variableName>longitude</variableName>
         </NetCDFExtract>
      </descriptor>
      <descriptor>
         <NetCDFExtract id="D4k6le7n">
            <arraySize>12</arraySize>
            <fileName>/badc/ipcc-ddc/data/netcdf/ar4_v2/uas/GIER_SRA1B_1_uas-change_2010-2039.nc</fileName>
            <variableName>time</variableName>
         </NetCDFExtract>
      </descriptor>
      <descriptor>
         <NetCDFExtract id="HCKpibpM">
            <arraySize>46</arraySize>
            <fileName>/badc/ipcc-ddc/data/netcdf/ar4_v2/vas/GIER_SRA1B_1_vas-change_2010-2039.nc</fileName>
            <variableName>latitude</variableName>
         </NetCDFExtract>
      </descriptor>
      <descriptor>
         <NetCDFExtract id="WolzBPEF">
            <arraySize>2</arraySize>
            <fileName>/badc/ipcc-ddc/data/netcdf/ar4_v2/vas/GIER_SRA1B_1_vas-change_2010-2039.nc</fileName>
            <variableName>bounds</variableName>
         </NetCDFExtract>
      </descriptor>
      <descriptor>
         <NetCDFExtract id="XLQBY7SV">
            <arraySize>72</arraySize>
            <fileName>/badc/ipcc-ddc/data/netcdf/ar4_v2/vas/GIER_SRA1B_1_vas-change_2010-2039.nc</fileName>
            <variableName>longitude</variableName>
         </NetCDFExtract>
      </descriptor>
      <descriptor>
         <NetCDFExtract id="Mw7W79A8">
            <arraySize>12</arraySize>
            <fileName>/badc/ipcc-ddc/data/netcdf/ar4_v2/vas/GIER_SRA1B_1_vas-change_2010-2039.nc</fileName>
            <variableName>time</variableName>
         </NetCDFExtract>
      </descriptor>
      <descriptor>
         <AggregatedArray id="BTW6d0ct">
            <arraySize>39744</arraySize>
            <uom>1</uom>
            <aggType>new</aggType>
            <aggIndex>1</aggIndex>
            <component>
               <NetCDFExtract>
                  <arraySize>12  46  72</arraySize>
                  <fileList>
                     <FileList id="SlaUwoI1">
                        <fileNames>/badc/ipcc-ddc/data/netcdf/ar4_v2/huss/GIER_SRA1B_1_huss-change_2010-2039.nc /badc/ipcc-ddc/data/netcdf/ar4_v2/huss/GIER_SRA1B_1_huss-change_2040-2069.nc /badc/ipcc-ddc/data/netcdf/ar4_v2/huss/GIER_SRA1B_1_huss-change_2070-2099.nc</fileNames>
                     </FileList>
                  </fileList>
                  <variableName>specific_humidity_anomaly</variableName>
               </NetCDFExtract>
            </component>
         </AggregatedArray>
      </descriptor>
      <descriptor>
         <AggregatedArray id="L6hCzODq">
            <arraySize>39744</arraySize>
            <uom>Pa</uom>
            <aggType>new</aggType>
            <aggIndex>1</aggIndex>
            <component>
               <NetCDFExtract>
                  <arraySize>12  46  72</arraySize>
                  <fileList>
                     <FileList id="PQyhKkDe">
                        <fileNames>/badc/ipcc-ddc/data/netcdf/ar4_v2/psl/GIER_SRA1B_1_psl-change_2010-2039.nc /badc/ipcc-ddc/data/netcdf/ar4_v2/psl/GIER_SRA1B_1_psl-change_2040-2069.nc /badc/ipcc-ddc/data/netcdf/ar4_v2/psl/GIER_SRA1B_1_psl-change_2070-2099.nc</fileNames>
                     </FileList>
                  </fileList>
                  <variableName>air_pressure_at_sea_level_anomaly</variableName>
               </NetCDFExtract>
            </component>
         </AggregatedArray>
      </descriptor>
      <descriptor>
         <AggregatedArray id="N3UkAoMn">
            <arraySize>39744</arraySize>
            <uom>W.m-2</uom>
            <aggType>new</aggType>
            <aggIndex>1</aggIndex>
            <component>
               <NetCDFExtract>
                  <arraySize>12  46  72</arraySize>
                  <fileList>
                     <FileList id="J7COzjh5">
                        <fileNames>/badc/ipcc-ddc/data/netcdf/ar4_v2/rsds/GIER_SRA1B_1_rsds-change_2010-2039.nc /badc/ipcc-ddc/data/netcdf/ar4_v2/rsds/GIER_SRA1B_1_rsds-change_2040-2069.nc /badc/ipcc-ddc/data/netcdf/ar4_v2/rsds/GIER_SRA1B_1_rsds-change_2070-2099.nc</fileNames>
                     </FileList>
                  </fileList>
                  <variableName>surface_downwelling_shortwave_flux_in_air_anomaly</variableName>
               </NetCDFExtract>
            </component>
         </AggregatedArray>
      </descriptor>
      <descriptor>
         <AggregatedArray id="VNPkbBqk">
            <arraySize>39744</arraySize>
            <uom>K</uom>
            <aggType>new</aggType>
            <aggIndex>1</aggIndex>
            <component>
               <NetCDFExtract>
                  <arraySize>12  46  72</arraySize>
                  <fileList>
                     <FileList id="MSAPjGD2">
                        <fileNames>/badc/ipcc-ddc/data/netcdf/ar4_v2/tas/GIER_SRA1B_1_tas-change_2010-2039.nc /badc/ipcc-ddc/data/netcdf/ar4_v2/tas/GIER_SRA1B_1_tas-change_2040-2069.nc /badc/ipcc-ddc/data/netcdf/ar4_v2/tas/GIER_SRA1B_1_tas-change_2070-2099.nc</fileNames>
                     </FileList>
                  </fileList>
                  <variableName>air_temperature_anomaly</variableName>
               </NetCDFExtract>
            </component>
         </AggregatedArray>
      </descriptor>
      <descriptor>
         <AggregatedArray id="XcqcNzFS">
            <arraySize>39744</arraySize>
            <uom>m.s-1</uom>
            <aggType>new</aggType>
            <aggIndex>1</aggIndex>
            <component>
               <NetCDFExtract>
                  <arraySize>12  46  72</arraySize>
                  <fileList>
                     <FileList id="KQCsMefT">
                        <fileNames>/badc/ipcc-ddc/data/netcdf/ar4_v2/uas/GIER_SRA1B_1_uas-change_2010-2039.nc /badc/ipcc-ddc/data/netcdf/ar4_v2/uas/GIER_SRA1B_1_uas-change_2040-2069.nc /badc/ipcc-ddc/data/netcdf/ar4_v2/uas/GIER_SRA1B_1_uas-change_2070-2099.nc</fileNames>
                     </FileList>
                  </fileList>
                  <variableName>eastward_wind_anomaly</variableName>
               </NetCDFExtract>
            </component>
         </AggregatedArray>
      </descriptor>
      <descriptor>
         <AggregatedArray id="SIff768p">
            <arraySize>39744</arraySize>
            <uom>m.s-1</uom>
            <aggType>new</aggType>
            <aggIndex>1</aggIndex>
            <component>
               <NetCDFExtract>
                  <arraySize>12  46  72</arraySize>
                  <fileList>
                     <FileList id="N0CQ3Gvh">
                        <fileNames>/badc/ipcc-ddc/data/netcdf/ar4_v2/vas/GIER_SRA1B_1_vas-change_2010-2039.nc /badc/ipcc-ddc/data/netcdf/ar4_v2/vas/GIER_SRA1B_1_vas-change_2040-2069.nc /badc/ipcc-ddc/data/netcdf/ar4_v2/vas/GIER_SRA1B_1_vas-change_2070-2099.nc</fileNames>
                     </FileList>
                  </fileList>
                  <variableName>northward_wind_anomaly</variableName>
               </NetCDFExtract>
            </component>
         </AggregatedArray>
      </descriptor>
   </CSMLStorageDescriptor>
</Dataset>