<?xml version="1.0" encoding="UTF-8"?><Dataset xmlns="http://ndg.nerc.ac.uk/csml"  xmlns:gml="http://www.opengis.net/gml" xmlns:om="http://www.opengis.net/om" xmlns:swe="http://www.opengis.net/swe"  xmlns:xsi="http://www.w3.org/2001/XMLSchema-instance" xmlns:moles="http://ndg.nerc.ac.uk/moles"  xmlns:xlink="http://www.w3.org/1999/xlink" xsi:schemaLocation="http://ndg.nerc.ac.uk/csml/ schemas/csmlDataset.xsd" id="LpEV0ELm">
   <name>Please add a human readable name for the dataset here</name>
   <CSMLFeatureCollection gml:id="NNZ4XP1M">
      <gml:metaDataProperty></gml:metaDataProperty>
      <gml:boundedBy>
         <gml:EnvelopeWithTimePeriod srsName="WGS84">
            <gml:lowerCorner>0.0 -90.0</gml:lowerCorner>
            <gml:upperCorner>360.0 90.0</gml:upperCorner>
            <gml:beginPosition>1905-01-15T00:00:00.0</gml:beginPosition>
            <gml:endPosition>1985-12-15T00:00:00.0</gml:endPosition>
         </gml:EnvelopeWithTimePeriod>
      </gml:boundedBy>
      <featureMember>
         <GridSeriesFeature gml:id="cld">
            <gml:description>Cloud Cover</gml:description>
            <gml:name>cld</gml:name>
            <gml:boundedBy>
               <gml:EnvelopeWithTimePeriod srsName="WGS84">
                  <gml:lowerCorner>0.0 -90.0</gml:lowerCorner>
                  <gml:upperCorner>360.0 90.0</gml:upperCorner>
                  <gml:beginPosition>1905-01-15T00:00:00.0</gml:beginPosition>
                  <gml:endPosition>1985-12-15T00:00:00.0</gml:endPosition>
               </gml:EnvelopeWithTimePeriod>
            </gml:boundedBy>
            <value>
               <GridSeriesCoverage gml:id="AxQFucPD">
                  <gridSeriesDomain>
                     <GridSeriesDomain srsName="ndg:crs:lonlatt" uomLabels="degrees_east degrees_north days_since_1901-01-01" gml:id="KL60Z5y9" axisLabels="longitude latitude time" dimension="3" srsDimension="3">
                        <limits>
                           <gml:GridEnvelope>
                              <gml:low>0 0 0</gml:low>
                              <gml:high>0 0 0</gml:high>
                           </gml:GridEnvelope>
                        </limits>
                        <axisLabels>time latitude longitude</axisLabels>
                        <coordTransformTable>
                           <GridCoordinatesTable>
                              <gridOrdinate>
                                 <GridOrdinateDescription>
                                    <coordAxisLabel>time</coordAxisLabel>
                                    <coordAxisValues>
                                       <SpatialOrTemporalPositionList gml:id="OoseiB99">
                                          <timePositionList frame="ndg:gregorian">1905-01-15T00:00:00.0 1905-02-15T00:00:00.0 1905-03-15T00:00:00.0 1905-04-15T00:00:00.0 1905-05-15T00:00:00.0 1905-06-15T00:00:00.0 1905-07-15T00:00:00.0 1905-08-15T00:00:00.0 1905-09-15T00:00:00.0 1905-10-15T00:00:00.0 1905-11-15T00:00:00.0 1905-12-15T00:00:00.0 1915-01-15T00:00:00.0 1915-02-15T00:00:00.0 1915-03-15T00:00:00.0 1915-04-15T00:00:00.0 1915-05-15T00:00:00.0 1915-06-15T00:00:00.0 1915-07-15T00:00:00.0 1915-08-15T00:00:00.0 1915-09-15T00:00:00.0 1915-10-15T00:00:00.0 1915-11-15T00:00:00.0 1915-12-15T00:00:00.0 1925-01-15T00:00:00.0 1925-02-15T00:00:00.0 1925-03-15T00:00:00.0 1925-04-15T00:00:00.0 1925-05-15T00:00:00.0 1925-06-15T00:00:00.0 1925-07-15T00:00:00.0 1925-08-15T00:00:00.0 1925-09-15T00:00:00.0 1925-10-15T00:00:00.0 1925-11-15T00:00:00.0 1925-12-15T00:00:00.0 1935-01-15T00:00:00.0 1935-02-15T00:00:00.0 1935-03-15T00:00:00.0 1935-04-15T00:00:00.0 1935-05-15T00:00:00.0 1935-06-15T00:00:00.0 1935-07-15T00:00:00.0 1935-08-15T00:00:00.0 1935-09-15T00:00:00.0 1935-10-15T00:00:00.0 1935-11-15T00:00:00.0 1935-12-15T00:00:00.0 1945-01-15T00:00:00.0 1945-02-15T00:00:00.0 1945-03-15T00:00:00.0 1945-04-15T00:00:00.0 1945-05-15T00:00:00.0 1945-06-15T00:00:00.0 1945-07-15T00:00:00.0 1945-08-15T00:00:00.0 1945-09-15T00:00:00.0 1945-10-15T00:00:00.0 1945-11-15T00:00:00.0 1945-12-15T00:00:00.0 1955-01-15T00:00:00.0 1955-02-15T00:00:00.0 1955-03-15T00:00:00.0 1955-04-15T00:00:00.0 1955-05-15T00:00:00.0 1955-06-15T00:00:00.0 1955-07-15T00:00:00.0 1955-08-15T00:00:00.0 1955-09-15T00:00:00.0 1955-10-15T00:00:00.0 1955-11-15T00:00:00.0 1955-12-15T00:00:00.0 1965-01-15T00:00:00.0 1965-02-15T00:00:00.0 1965-03-15T00:00:00.0 1965-04-15T00:00:00.0 1965-05-15T00:00:00.0 1965-06-15T00:00:00.0 1965-07-15T00:00:00.0 1965-08-15T00:00:00.0 1965-09-15T00:00:00.0 1965-10-15T00:00:00.0 1965-11-15T00:00:00.0 1965-12-15T00:00:00.0 1975-01-15T00:00:00.0 1975-02-15T00:00:00.0 1975-03-15T00:00:00.0 1975-04-15T00:00:00.0 1975-05-15T00:00:00.0 1975-06-15T00:00:00.0 1975-07-15T00:00:00.0 1975-08-15T00:00:00.0 1975-09-15T00:00:00.0 1975-10-15T00:00:00.0 1975-11-15T00:00:00.0 1975-12-15T00:00:00.0 1985-01-15T00:00:00.0 1985-02-15T00:00:00.0 1985-03-15T00:00:00.0 1985-04-15T00:00:00.0 1985-05-15T00:00:00.0 1985-06-15T00:00:00.0 1985-07-15T00:00:00.0 1985-08-15T00:00:00.0 1985-09-15T00:00:00.0 1985-10-15T00:00:00.0 1985-11-15T00:00:00.0 1985-12-15T00:00:00.0</timePositionList>
                                       </SpatialOrTemporalPositionList>
                                    </coordAxisValues>
                                    <gridAxesSpanned>time</gridAxesSpanned>
                                    <sequenceRule axisOrder="+1">Linear</sequenceRule>
                                 </GridOrdinateDescription>
                              </gridOrdinate>
                              <gridOrdinate>
                                 <GridOrdinateDescription>
                                    <coordAxisLabel>latitude</coordAxisLabel>
                                    <coordAxisValues xlink:href="#DTOGZI8z" xlink:show="embed" xlink:arcrole="coordinateList" xlink:role="http://ndg.nerc.ac.uk/fileFormat/csmlStorageDescriptor">
                                       <SpatialOrTemporalPositionList gml:id="IOmkctza">
                                          <coordinateList></coordinateList>
                                       </SpatialOrTemporalPositionList>
                                    </coordAxisValues>
                                    <gridAxesSpanned>latitude</gridAxesSpanned>
                                    <sequenceRule axisOrder="+1">Linear</sequenceRule>
                                 </GridOrdinateDescription>
                              </gridOrdinate>
                              <gridOrdinate>
                                 <GridOrdinateDescription>
                                    <coordAxisLabel>longitude</coordAxisLabel>
                                    <coordAxisValues xlink:href="#LcutwMer" xlink:show="embed" xlink:arcrole="coordinateList" xlink:role="http://ndg.nerc.ac.uk/fileFormat/csmlStorageDescriptor">
                                       <SpatialOrTemporalPositionList gml:id="HP5ru2X8">
                                          <coordinateList></coordinateList>
                                       </SpatialOrTemporalPositionList>
                                    </coordAxisValues>
                                    <gridAxesSpanned>longitude</gridAxesSpanned>
                                    <sequenceRule axisOrder="+1">Linear</sequenceRule>
                                 </GridOrdinateDescription>
                              </gridOrdinate>
                           </GridCoordinatesTable>
                        </coordTransformTable>
                     </GridSeriesDomain>
                  </gridSeriesDomain>
                  <gml:rangeSet>
                     <gml:ValueArray gml:id="Tv9tny41">
                        <gml:valueComponent xlink:href="#VzhKIkrA" xlink:show="embed" xlink:arcrole="QuantityList" xlink:role="http://ndg.nerc.ac.uk/fileFormat/csmlStorageDescriptor">
                           <gml:QuantityList uom="percent"></gml:QuantityList>
                        </gml:valueComponent>
                     </gml:ValueArray>
                  </gml:rangeSet>
               </GridSeriesCoverage>
            </value>
            <parameter xlink:href="http://cfconventions.org/standard_names/cloud_area_fraction"></parameter>
         </GridSeriesFeature>
      </featureMember>
      <featureMember>
         <GridSeriesFeature gml:id="dtr">
            <gml:description>Diurnal Temperature Range</gml:description>
            <gml:name>dtr</gml:name>
            <gml:boundedBy>
               <gml:EnvelopeWithTimePeriod srsName="WGS84">
                  <gml:lowerCorner>0.0 -90.0</gml:lowerCorner>
                  <gml:upperCorner>360.0 90.0</gml:upperCorner>
                  <gml:beginPosition>1905-01-15T00:00:00.0</gml:beginPosition>
                  <gml:endPosition>1985-12-15T00:00:00.0</gml:endPosition>
               </gml:EnvelopeWithTimePeriod>
            </gml:boundedBy>
            <value>
               <GridSeriesCoverage gml:id="LnT6uIKQ">
                  <gridSeriesDomain>
                     <GridSeriesDomain srsName="ndg:crs:lonlatt" uomLabels="degrees_east degrees_north days_since_1901-01-01" gml:id="HbUND4fi" axisLabels="longitude latitude time" dimension="3" srsDimension="3">
                        <limits>
                           <gml:GridEnvelope>
                              <gml:low>0 0 0</gml:low>
                              <gml:high>0 0 0</gml:high>
                           </gml:GridEnvelope>
                        </limits>
                        <axisLabels>time latitude longitude</axisLabels>
                        <coordTransformTable>
                           <GridCoordinatesTable>
                              <gridOrdinate>
                                 <GridOrdinateDescription>
                                    <coordAxisLabel>time</coordAxisLabel>
                                    <coordAxisValues>
                                       <SpatialOrTemporalPositionList gml:id="L3zHdkV7">
                                          <timePositionList frame="ndg:gregorian">1905-01-15T00:00:00.0 1905-02-15T00:00:00.0 1905-03-15T00:00:00.0 1905-04-15T00:00:00.0 1905-05-15T00:00:00.0 1905-06-15T00:00:00.0 1905-07-15T00:00:00.0 1905-08-15T00:00:00.0 1905-09-15T00:00:00.0 1905-10-15T00:00:00.0 1905-11-15T00:00:00.0 1905-12-15T00:00:00.0 1915-01-15T00:00:00.0 1915-02-15T00:00:00.0 1915-03-15T00:00:00.0 1915-04-15T00:00:00.0 1915-05-15T00:00:00.0 1915-06-15T00:00:00.0 1915-07-15T00:00:00.0 1915-08-15T00:00:00.0 1915-09-15T00:00:00.0 1915-10-15T00:00:00.0 1915-11-15T00:00:00.0 1915-12-15T00:00:00.0 1925-01-15T00:00:00.0 1925-02-15T00:00:00.0 1925-03-15T00:00:00.0 1925-04-15T00:00:00.0 1925-05-15T00:00:00.0 1925-06-15T00:00:00.0 1925-07-15T00:00:00.0 1925-08-15T00:00:00.0 1925-09-15T00:00:00.0 1925-10-15T00:00:00.0 1925-11-15T00:00:00.0 1925-12-15T00:00:00.0 1935-01-15T00:00:00.0 1935-02-15T00:00:00.0 1935-03-15T00:00:00.0 1935-04-15T00:00:00.0 1935-05-15T00:00:00.0 1935-06-15T00:00:00.0 1935-07-15T00:00:00.0 1935-08-15T00:00:00.0 1935-09-15T00:00:00.0 1935-10-15T00:00:00.0 1935-11-15T00:00:00.0 1935-12-15T00:00:00.0 1945-01-15T00:00:00.0 1945-02-15T00:00:00.0 1945-03-15T00:00:00.0 1945-04-15T00:00:00.0 1945-05-15T00:00:00.0 1945-06-15T00:00:00.0 1945-07-15T00:00:00.0 1945-08-15T00:00:00.0 1945-09-15T00:00:00.0 1945-10-15T00:00:00.0 1945-11-15T00:00:00.0 1945-12-15T00:00:00.0 1955-01-15T00:00:00.0 1955-02-15T00:00:00.0 1955-03-15T00:00:00.0 1955-04-15T00:00:00.0 1955-05-15T00:00:00.0 1955-06-15T00:00:00.0 1955-07-15T00:00:00.0 1955-08-15T00:00:00.0 1955-09-15T00:00:00.0 1955-10-15T00:00:00.0 1955-11-15T00:00:00.0 1955-12-15T00:00:00.0 1965-01-15T00:00:00.0 1965-02-15T00:00:00.0 1965-03-15T00:00:00.0 1965-04-15T00:00:00.0 1965-05-15T00:00:00.0 1965-06-15T00:00:00.0 1965-07-15T00:00:00.0 1965-08-15T00:00:00.0 1965-09-15T00:00:00.0 1965-10-15T00:00:00.0 1965-11-15T00:00:00.0 1965-12-15T00:00:00.0 1975-01-15T00:00:00.0 1975-02-15T00:00:00.0 1975-03-15T00:00:00.0 1975-04-15T00:00:00.0 1975-05-15T00:00:00.0 1975-06-15T00:00:00.0 1975-07-15T00:00:00.0 1975-08-15T00:00:00.0 1975-09-15T00:00:00.0 1975-10-15T00:00:00.0 1975-11-15T00:00:00.0 1975-12-15T00:00:00.0 1985-01-15T00:00:00.0 1985-02-15T00:00:00.0 1985-03-15T00:00:00.0 1985-04-15T00:00:00.0 1985-05-15T00:00:00.0 1985-06-15T00:00:00.0 1985-07-15T00:00:00.0 1985-08-15T00:00:00.0 1985-09-15T00:00:00.0 1985-10-15T00:00:00.0 1985-11-15T00:00:00.0 1985-12-15T00:00:00.0</timePositionList>
                                       </SpatialOrTemporalPositionList>
                                    </coordAxisValues>
                                    <gridAxesSpanned>time</gridAxesSpanned>
                                    <sequenceRule axisOrder="+1">Linear</sequenceRule>
                                 </GridOrdinateDescription>
                              </gridOrdinate>
                              <gridOrdinate>
                                 <GridOrdinateDescription>
                                    <coordAxisLabel>latitude</coordAxisLabel>
                                    <coordAxisValues xlink:href="#U4MtWpzU" xlink:show="embed" xlink:arcrole="coordinateList" xlink:role="http://ndg.nerc.ac.uk/fileFormat/csmlStorageDescriptor">
                                       <SpatialOrTemporalPositionList gml:id="HAm4YzDU">
                                          <coordinateList></coordinateList>
                                       </SpatialOrTemporalPositionList>
                                    </coordAxisValues>
                                    <gridAxesSpanned>latitude</gridAxesSpanned>
                                    <sequenceRule axisOrder="+1">Linear</sequenceRule>
                                 </GridOrdinateDescription>
                              </gridOrdinate>
                              <gridOrdinate>
                                 <GridOrdinateDescription>
                                    <coordAxisLabel>longitude</coordAxisLabel>
                                    <coordAxisValues xlink:href="#NDkGDGH2" xlink:show="embed" xlink:arcrole="coordinateList" xlink:role="http://ndg.nerc.ac.uk/fileFormat/csmlStorageDescriptor">
                                       <SpatialOrTemporalPositionList gml:id="ECqCqigj">
                                          <coordinateList></coordinateList>
                                       </SpatialOrTemporalPositionList>
                                    </coordAxisValues>
                                    <gridAxesSpanned>longitude</gridAxesSpanned>
                                    <sequenceRule axisOrder="+1">Linear</sequenceRule>
                                 </GridOrdinateDescription>
                              </gridOrdinate>
                           </GridCoordinatesTable>
                        </coordTransformTable>
                     </GridSeriesDomain>
                  </gridSeriesDomain>
                  <gml:rangeSet>
                     <gml:ValueArray gml:id="Vs7tPZ7S">
                        <gml:valueComponent xlink:href="#Brdpc8dW" xlink:show="embed" xlink:arcrole="QuantityList" xlink:role="http://ndg.nerc.ac.uk/fileFormat/csmlStorageDescriptor">
                           <gml:QuantityList uom="deg_c"></gml:QuantityList>
                        </gml:valueComponent>
                     </gml:ValueArray>
                  </gml:rangeSet>
               </GridSeriesCoverage>
            </value>
            <parameter xlink:href="None"></parameter>
         </GridSeriesFeature>
      </featureMember>
      <featureMember>
         <GridSeriesFeature gml:id="frs">
            <gml:description>Ground-frost Frequency</gml:description>
            <gml:name>frs</gml:name>
            <gml:boundedBy>
               <gml:EnvelopeWithTimePeriod srsName="WGS84">
                  <gml:lowerCorner>0.0 -90.0</gml:lowerCorner>
                  <gml:upperCorner>360.0 90.0</gml:upperCorner>
                  <gml:beginPosition>1905-01-15T00:00:00.0</gml:beginPosition>
                  <gml:endPosition>1985-12-15T00:00:00.0</gml:endPosition>
               </gml:EnvelopeWithTimePeriod>
            </gml:boundedBy>
            <value>
               <GridSeriesCoverage gml:id="YNcS56Ec">
                  <gridSeriesDomain>
                     <GridSeriesDomain srsName="ndg:crs:lonlatt" uomLabels="degrees_east degrees_north days_since_1901-01-01" gml:id="XM6eRvi4" axisLabels="longitude latitude time" dimension="3" srsDimension="3">
                        <limits>
                           <gml:GridEnvelope>
                              <gml:low>0 0 0</gml:low>
                              <gml:high>0 0 0</gml:high>
                           </gml:GridEnvelope>
                        </limits>
                        <axisLabels>time latitude longitude</axisLabels>
                        <coordTransformTable>
                           <GridCoordinatesTable>
                              <gridOrdinate>
                                 <GridOrdinateDescription>
                                    <coordAxisLabel>time</coordAxisLabel>
                                    <coordAxisValues>
                                       <SpatialOrTemporalPositionList gml:id="Np2z9sDz">
                                          <timePositionList frame="ndg:gregorian">1905-01-15T00:00:00.0 1905-02-15T00:00:00.0 1905-03-15T00:00:00.0 1905-04-15T00:00:00.0 1905-05-15T00:00:00.0 1905-06-15T00:00:00.0 1905-07-15T00:00:00.0 1905-08-15T00:00:00.0 1905-09-15T00:00:00.0 1905-10-15T00:00:00.0 1905-11-15T00:00:00.0 1905-12-15T00:00:00.0 1915-01-15T00:00:00.0 1915-02-15T00:00:00.0 1915-03-15T00:00:00.0 1915-04-15T00:00:00.0 1915-05-15T00:00:00.0 1915-06-15T00:00:00.0 1915-07-15T00:00:00.0 1915-08-15T00:00:00.0 1915-09-15T00:00:00.0 1915-10-15T00:00:00.0 1915-11-15T00:00:00.0 1915-12-15T00:00:00.0 1925-01-15T00:00:00.0 1925-02-15T00:00:00.0 1925-03-15T00:00:00.0 1925-04-15T00:00:00.0 1925-05-15T00:00:00.0 1925-06-15T00:00:00.0 1925-07-15T00:00:00.0 1925-08-15T00:00:00.0 1925-09-15T00:00:00.0 1925-10-15T00:00:00.0 1925-11-15T00:00:00.0 1925-12-15T00:00:00.0 1935-01-15T00:00:00.0 1935-02-15T00:00:00.0 1935-03-15T00:00:00.0 1935-04-15T00:00:00.0 1935-05-15T00:00:00.0 1935-06-15T00:00:00.0 1935-07-15T00:00:00.0 1935-08-15T00:00:00.0 1935-09-15T00:00:00.0 1935-10-15T00:00:00.0 1935-11-15T00:00:00.0 1935-12-15T00:00:00.0 1945-01-15T00:00:00.0 1945-02-15T00:00:00.0 1945-03-15T00:00:00.0 1945-04-15T00:00:00.0 1945-05-15T00:00:00.0 1945-06-15T00:00:00.0 1945-07-15T00:00:00.0 1945-08-15T00:00:00.0 1945-09-15T00:00:00.0 1945-10-15T00:00:00.0 1945-11-15T00:00:00.0 1945-12-15T00:00:00.0 1955-01-15T00:00:00.0 1955-02-15T00:00:00.0 1955-03-15T00:00:00.0 1955-04-15T00:00:00.0 1955-05-15T00:00:00.0 1955-06-15T00:00:00.0 1955-07-15T00:00:00.0 1955-08-15T00:00:00.0 1955-09-15T00:00:00.0 1955-10-15T00:00:00.0 1955-11-15T00:00:00.0 1955-12-15T00:00:00.0 1965-01-15T00:00:00.0 1965-02-15T00:00:00.0 1965-03-15T00:00:00.0 1965-04-15T00:00:00.0 1965-05-15T00:00:00.0 1965-06-15T00:00:00.0 1965-07-15T00:00:00.0 1965-08-15T00:00:00.0 1965-09-15T00:00:00.0 1965-10-15T00:00:00.0 1965-11-15T00:00:00.0 1965-12-15T00:00:00.0 1975-01-15T00:00:00.0 1975-02-15T00:00:00.0 1975-03-15T00:00:00.0 1975-04-15T00:00:00.0 1975-05-15T00:00:00.0 1975-06-15T00:00:00.0 1975-07-15T00:00:00.0 1975-08-15T00:00:00.0 1975-09-15T00:00:00.0 1975-10-15T00:00:00.0 1975-11-15T00:00:00.0 1975-12-15T00:00:00.0 1985-01-15T00:00:00.0 1985-02-15T00:00:00.0 1985-03-15T00:00:00.0 1985-04-15T00:00:00.0 1985-05-15T00:00:00.0 1985-06-15T00:00:00.0 1985-07-15T00:00:00.0 1985-08-15T00:00:00.0 1985-09-15T00:00:00.0 1985-10-15T00:00:00.0 1985-11-15T00:00:00.0 1985-12-15T00:00:00.0</timePositionList>
                                       </SpatialOrTemporalPositionList>
                                    </coordAxisValues>
                                    <gridAxesSpanned>time</gridAxesSpanned>
                                    <sequenceRule axisOrder="+1">Linear</sequenceRule>
                                 </GridOrdinateDescription>
                              </gridOrdinate>
                              <gridOrdinate>
                                 <GridOrdinateDescription>
                                    <coordAxisLabel>latitude</coordAxisLabel>
                                    <coordAxisValues xlink:href="#ZzaOBWo9" xlink:show="embed" xlink:arcrole="coordinateList" xlink:role="http://ndg.nerc.ac.uk/fileFormat/csmlStorageDescriptor">
                                       <SpatialOrTemporalPositionList gml:id="L7kML1wK">
                                          <coordinateList></coordinateList>
                                       </SpatialOrTemporalPositionList>
                                    </coordAxisValues>
                                    <gridAxesSpanned>latitude</gridAxesSpanned>
                                    <sequenceRule axisOrder="+1">Linear</sequenceRule>
                                 </GridOrdinateDescription>
                              </gridOrdinate>
                              <gridOrdinate>
                                 <GridOrdinateDescription>
                                    <coordAxisLabel>longitude</coordAxisLabel>
                                    <coordAxisValues xlink:href="#RGkjr1H5" xlink:show="embed" xlink:arcrole="coordinateList" xlink:role="http://ndg.nerc.ac.uk/fileFormat/csmlStorageDescriptor">
                                       <SpatialOrTemporalPositionList gml:id="LCtPGD9W">
                                          <coordinateList></coordinateList>
                                       </SpatialOrTemporalPositionList>
                                    </coordAxisValues>
                                    <gridAxesSpanned>longitude</gridAxesSpanned>
                                    <sequenceRule axisOrder="+1">Linear</sequenceRule>
                                 </GridOrdinateDescription>
                              </gridOrdinate>
                           </GridCoordinatesTable>
                        </coordTransformTable>
                     </GridSeriesDomain>
                  </gridSeriesDomain>
                  <gml:rangeSet>
                     <gml:ValueArray gml:id="Pp9NewLN">
                        <gml:valueComponent xlink:href="#VpZ8Jf0L" xlink:show="embed" xlink:arcrole="QuantityList" xlink:role="http://ndg.nerc.ac.uk/fileFormat/csmlStorageDescriptor">
                           <gml:QuantityList uom="day"></gml:QuantityList>
                        </gml:valueComponent>
                     </gml:ValueArray>
                  </gml:rangeSet>
               </GridSeriesCoverage>
            </value>
            <parameter xlink:href="None"></parameter>
         </GridSeriesFeature>
      </featureMember>
      <featureMember>
         <GridSeriesFeature gml:id="pre">
            <gml:description>Precipitation</gml:description>
            <gml:name>pre</gml:name>
            <gml:boundedBy>
               <gml:EnvelopeWithTimePeriod srsName="WGS84">
                  <gml:lowerCorner>0.0 -90.0</gml:lowerCorner>
                  <gml:upperCorner>360.0 90.0</gml:upperCorner>
                  <gml:beginPosition>1905-01-15T00:00:00.0</gml:beginPosition>
                  <gml:endPosition>1985-12-15T00:00:00.0</gml:endPosition>
               </gml:EnvelopeWithTimePeriod>
            </gml:boundedBy>
            <value>
               <GridSeriesCoverage gml:id="YYWHUGLj">
                  <gridSeriesDomain>
                     <GridSeriesDomain srsName="ndg:crs:lonlatt" uomLabels="degrees_east degrees_north days_since_1901-01-01" gml:id="MjDiN2fo" axisLabels="longitude latitude time" dimension="3" srsDimension="3">
                        <limits>
                           <gml:GridEnvelope>
                              <gml:low>0 0 0</gml:low>
                              <gml:high>0 0 0</gml:high>
                           </gml:GridEnvelope>
                        </limits>
                        <axisLabels>time latitude longitude</axisLabels>
                        <coordTransformTable>
                           <GridCoordinatesTable>
                              <gridOrdinate>
                                 <GridOrdinateDescription>
                                    <coordAxisLabel>time</coordAxisLabel>
                                    <coordAxisValues>
                                       <SpatialOrTemporalPositionList gml:id="MO8VhvDK">
                                          <timePositionList frame="ndg:gregorian">1905-01-15T00:00:00.0 1905-02-15T00:00:00.0 1905-03-15T00:00:00.0 1905-04-15T00:00:00.0 1905-05-15T00:00:00.0 1905-06-15T00:00:00.0 1905-07-15T00:00:00.0 1905-08-15T00:00:00.0 1905-09-15T00:00:00.0 1905-10-15T00:00:00.0 1905-11-15T00:00:00.0 1905-12-15T00:00:00.0 1915-01-15T00:00:00.0 1915-02-15T00:00:00.0 1915-03-15T00:00:00.0 1915-04-15T00:00:00.0 1915-05-15T00:00:00.0 1915-06-15T00:00:00.0 1915-07-15T00:00:00.0 1915-08-15T00:00:00.0 1915-09-15T00:00:00.0 1915-10-15T00:00:00.0 1915-11-15T00:00:00.0 1915-12-15T00:00:00.0 1925-01-15T00:00:00.0 1925-02-15T00:00:00.0 1925-03-15T00:00:00.0 1925-04-15T00:00:00.0 1925-05-15T00:00:00.0 1925-06-15T00:00:00.0 1925-07-15T00:00:00.0 1925-08-15T00:00:00.0 1925-09-15T00:00:00.0 1925-10-15T00:00:00.0 1925-11-15T00:00:00.0 1925-12-15T00:00:00.0 1935-01-15T00:00:00.0 1935-02-15T00:00:00.0 1935-03-15T00:00:00.0 1935-04-15T00:00:00.0 1935-05-15T00:00:00.0 1935-06-15T00:00:00.0 1935-07-15T00:00:00.0 1935-08-15T00:00:00.0 1935-09-15T00:00:00.0 1935-10-15T00:00:00.0 1935-11-15T00:00:00.0 1935-12-15T00:00:00.0 1945-01-15T00:00:00.0 1945-02-15T00:00:00.0 1945-03-15T00:00:00.0 1945-04-15T00:00:00.0 1945-05-15T00:00:00.0 1945-06-15T00:00:00.0 1945-07-15T00:00:00.0 1945-08-15T00:00:00.0 1945-09-15T00:00:00.0 1945-10-15T00:00:00.0 1945-11-15T00:00:00.0 1945-12-15T00:00:00.0 1955-01-15T00:00:00.0 1955-02-15T00:00:00.0 1955-03-15T00:00:00.0 1955-04-15T00:00:00.0 1955-05-15T00:00:00.0 1955-06-15T00:00:00.0 1955-07-15T00:00:00.0 1955-08-15T00:00:00.0 1955-09-15T00:00:00.0 1955-10-15T00:00:00.0 1955-11-15T00:00:00.0 1955-12-15T00:00:00.0 1965-01-15T00:00:00.0 1965-02-15T00:00:00.0 1965-03-15T00:00:00.0 1965-04-15T00:00:00.0 1965-05-15T00:00:00.0 1965-06-15T00:00:00.0 1965-07-15T00:00:00.0 1965-08-15T00:00:00.0 1965-09-15T00:00:00.0 1965-10-15T00:00:00.0 1965-11-15T00:00:00.0 1965-12-15T00:00:00.0 1975-01-15T00:00:00.0 1975-02-15T00:00:00.0 1975-03-15T00:00:00.0 1975-04-15T00:00:00.0 1975-05-15T00:00:00.0 1975-06-15T00:00:00.0 1975-07-15T00:00:00.0 1975-08-15T00:00:00.0 1975-09-15T00:00:00.0 1975-10-15T00:00:00.0 1975-11-15T00:00:00.0 1975-12-15T00:00:00.0 1985-01-15T00:00:00.0 1985-02-15T00:00:00.0 1985-03-15T00:00:00.0 1985-04-15T00:00:00.0 1985-05-15T00:00:00.0 1985-06-15T00:00:00.0 1985-07-15T00:00:00.0 1985-08-15T00:00:00.0 1985-09-15T00:00:00.0 1985-10-15T00:00:00.0 1985-11-15T00:00:00.0 1985-12-15T00:00:00.0</timePositionList>
                                       </SpatialOrTemporalPositionList>
                                    </coordAxisValues>
                                    <gridAxesSpanned>time</gridAxesSpanned>
                                    <sequenceRule axisOrder="+1">Linear</sequenceRule>
                                 </GridOrdinateDescription>
                              </gridOrdinate>
                              <gridOrdinate>
                                 <GridOrdinateDescription>
                                    <coordAxisLabel>latitude</coordAxisLabel>
                                    <coordAxisValues xlink:href="#IAdxeMwK" xlink:show="embed" xlink:arcrole="coordinateList" xlink:role="http://ndg.nerc.ac.uk/fileFormat/csmlStorageDescriptor">
                                       <SpatialOrTemporalPositionList gml:id="T13zDRzE">
                                          <coordinateList></coordinateList>
                                       </SpatialOrTemporalPositionList>
                                    </coordAxisValues>
                                    <gridAxesSpanned>latitude</gridAxesSpanned>
                                    <sequenceRule axisOrder="+1">Linear</sequenceRule>
                                 </GridOrdinateDescription>
                              </gridOrdinate>
                              <gridOrdinate>
                                 <GridOrdinateDescription>
                                    <coordAxisLabel>longitude</coordAxisLabel>
                                    <coordAxisValues xlink:href="#O4xdb1CO" xlink:show="embed" xlink:arcrole="coordinateList" xlink:role="http://ndg.nerc.ac.uk/fileFormat/csmlStorageDescriptor">
                                       <SpatialOrTemporalPositionList gml:id="ZjvtjxOj">
                                          <coordinateList></coordinateList>
                                       </SpatialOrTemporalPositionList>
                                    </coordAxisValues>
                                    <gridAxesSpanned>longitude</gridAxesSpanned>
                                    <sequenceRule axisOrder="+1">Linear</sequenceRule>
                                 </GridOrdinateDescription>
                              </gridOrdinate>
                           </GridCoordinatesTable>
                        </coordTransformTable>
                     </GridSeriesDomain>
                  </gridSeriesDomain>
                  <gml:rangeSet>
                     <gml:ValueArray gml:id="FU0fKUiA">
                        <gml:valueComponent xlink:href="#NgJd3Jkh" xlink:show="embed" xlink:arcrole="QuantityList" xlink:role="http://ndg.nerc.ac.uk/fileFormat/csmlStorageDescriptor">
                           <gml:QuantityList uom="mm/day"></gml:QuantityList>
                        </gml:valueComponent>
                     </gml:ValueArray>
                  </gml:rangeSet>
               </GridSeriesCoverage>
            </value>
            <parameter xlink:href="http://cfconventions.org/standard_names/precipitation_amount"></parameter>
         </GridSeriesFeature>
      </featureMember>
      <featureMember>
         <GridSeriesFeature gml:id="tmn">
            <gml:description>Minimum Temperature</gml:description>
            <gml:name>tmn</gml:name>
            <gml:boundedBy>
               <gml:EnvelopeWithTimePeriod srsName="WGS84">
                  <gml:lowerCorner>0.0 -90.0</gml:lowerCorner>
                  <gml:upperCorner>360.0 90.0</gml:upperCorner>
                  <gml:beginPosition>1905-01-15T00:00:00.0</gml:beginPosition>
                  <gml:endPosition>1985-12-15T00:00:00.0</gml:endPosition>
               </gml:EnvelopeWithTimePeriod>
            </gml:boundedBy>
            <value>
               <GridSeriesCoverage gml:id="V4PHWYsc">
                  <gridSeriesDomain>
                     <GridSeriesDomain srsName="ndg:crs:lonlatt" uomLabels="degrees_east degrees_north days_since_1901-01-01" gml:id="XfL6eR6S" axisLabels="longitude latitude time" dimension="3" srsDimension="3">
                        <limits>
                           <gml:GridEnvelope>
                              <gml:low>0 0 0</gml:low>
                              <gml:high>0 0 0</gml:high>
                           </gml:GridEnvelope>
                        </limits>
                        <axisLabels>time latitude longitude</axisLabels>
                        <coordTransformTable>
                           <GridCoordinatesTable>
                              <gridOrdinate>
                                 <GridOrdinateDescription>
                                    <coordAxisLabel>time</coordAxisLabel>
                                    <coordAxisValues>
                                       <SpatialOrTemporalPositionList gml:id="ExXS6ba5">
                                          <timePositionList frame="ndg:gregorian">1905-01-15T00:00:00.0 1905-02-15T00:00:00.0 1905-03-15T00:00:00.0 1905-04-15T00:00:00.0 1905-05-15T00:00:00.0 1905-06-15T00:00:00.0 1905-07-15T00:00:00.0 1905-08-15T00:00:00.0 1905-09-15T00:00:00.0 1905-10-15T00:00:00.0 1905-11-15T00:00:00.0 1905-12-15T00:00:00.0 1915-01-15T00:00:00.0 1915-02-15T00:00:00.0 1915-03-15T00:00:00.0 1915-04-15T00:00:00.0 1915-05-15T00:00:00.0 1915-06-15T00:00:00.0 1915-07-15T00:00:00.0 1915-08-15T00:00:00.0 1915-09-15T00:00:00.0 1915-10-15T00:00:00.0 1915-11-15T00:00:00.0 1915-12-15T00:00:00.0 1925-01-15T00:00:00.0 1925-02-15T00:00:00.0 1925-03-15T00:00:00.0 1925-04-15T00:00:00.0 1925-05-15T00:00:00.0 1925-06-15T00:00:00.0 1925-07-15T00:00:00.0 1925-08-15T00:00:00.0 1925-09-15T00:00:00.0 1925-10-15T00:00:00.0 1925-11-15T00:00:00.0 1925-12-15T00:00:00.0 1935-01-15T00:00:00.0 1935-02-15T00:00:00.0 1935-03-15T00:00:00.0 1935-04-15T00:00:00.0 1935-05-15T00:00:00.0 1935-06-15T00:00:00.0 1935-07-15T00:00:00.0 1935-08-15T00:00:00.0 1935-09-15T00:00:00.0 1935-10-15T00:00:00.0 1935-11-15T00:00:00.0 1935-12-15T00:00:00.0 1945-01-15T00:00:00.0 1945-02-15T00:00:00.0 1945-03-15T00:00:00.0 1945-04-15T00:00:00.0 1945-05-15T00:00:00.0 1945-06-15T00:00:00.0 1945-07-15T00:00:00.0 1945-08-15T00:00:00.0 1945-09-15T00:00:00.0 1945-10-15T00:00:00.0 1945-11-15T00:00:00.0 1945-12-15T00:00:00.0 1955-01-15T00:00:00.0 1955-02-15T00:00:00.0 1955-03-15T00:00:00.0 1955-04-15T00:00:00.0 1955-05-15T00:00:00.0 1955-06-15T00:00:00.0 1955-07-15T00:00:00.0 1955-08-15T00:00:00.0 1955-09-15T00:00:00.0 1955-10-15T00:00:00.0 1955-11-15T00:00:00.0 1955-12-15T00:00:00.0 1965-01-15T00:00:00.0 1965-02-15T00:00:00.0 1965-03-15T00:00:00.0 1965-04-15T00:00:00.0 1965-05-15T00:00:00.0 1965-06-15T00:00:00.0 1965-07-15T00:00:00.0 1965-08-15T00:00:00.0 1965-09-15T00:00:00.0 1965-10-15T00:00:00.0 1965-11-15T00:00:00.0 1965-12-15T00:00:00.0 1975-01-15T00:00:00.0 1975-02-15T00:00:00.0 1975-03-15T00:00:00.0 1975-04-15T00:00:00.0 1975-05-15T00:00:00.0 1975-06-15T00:00:00.0 1975-07-15T00:00:00.0 1975-08-15T00:00:00.0 1975-09-15T00:00:00.0 1975-10-15T00:00:00.0 1975-11-15T00:00:00.0 1975-12-15T00:00:00.0 1985-01-15T00:00:00.0 1985-02-15T00:00:00.0 1985-03-15T00:00:00.0 1985-04-15T00:00:00.0 1985-05-15T00:00:00.0 1985-06-15T00:00:00.0 1985-07-15T00:00:00.0 1985-08-15T00:00:00.0 1985-09-15T00:00:00.0 1985-10-15T00:00:00.0 1985-11-15T00:00:00.0 1985-12-15T00:00:00.0</timePositionList>
                                       </SpatialOrTemporalPositionList>
                                    </coordAxisValues>
                                    <gridAxesSpanned>time</gridAxesSpanned>
                                    <sequenceRule axisOrder="+1">Linear</sequenceRule>
                                 </GridOrdinateDescription>
                              </gridOrdinate>
                              <gridOrdinate>
                                 <GridOrdinateDescription>
                                    <coordAxisLabel>latitude</coordAxisLabel>
                                    <coordAxisValues xlink:href="#HSXFY5II" xlink:show="embed" xlink:arcrole="coordinateList" xlink:role="http://ndg.nerc.ac.uk/fileFormat/csmlStorageDescriptor">
                                       <SpatialOrTemporalPositionList gml:id="MhHXhP3X">
                                          <coordinateList></coordinateList>
                                       </SpatialOrTemporalPositionList>
                                    </coordAxisValues>
                                    <gridAxesSpanned>latitude</gridAxesSpanned>
                                    <sequenceRule axisOrder="+1">Linear</sequenceRule>
                                 </GridOrdinateDescription>
                              </gridOrdinate>
                              <gridOrdinate>
                                 <GridOrdinateDescription>
                                    <coordAxisLabel>longitude</coordAxisLabel>
                                    <coordAxisValues xlink:href="#UsCXcNog" xlink:show="embed" xlink:arcrole="coordinateList" xlink:role="http://ndg.nerc.ac.uk/fileFormat/csmlStorageDescriptor">
                                       <SpatialOrTemporalPositionList gml:id="Y3lD50CJ">
                                          <coordinateList></coordinateList>
                                       </SpatialOrTemporalPositionList>
                                    </coordAxisValues>
                                    <gridAxesSpanned>longitude</gridAxesSpanned>
                                    <sequenceRule axisOrder="+1">Linear</sequenceRule>
                                 </GridOrdinateDescription>
                              </gridOrdinate>
                           </GridCoordinatesTable>
                        </coordTransformTable>
                     </GridSeriesDomain>
                  </gridSeriesDomain>
                  <gml:rangeSet>
                     <gml:ValueArray gml:id="Ygjeb0mY">
                        <gml:valueComponent xlink:href="#TLx7i6jz" xlink:show="embed" xlink:arcrole="QuantityList" xlink:role="http://ndg.nerc.ac.uk/fileFormat/csmlStorageDescriptor">
                           <gml:QuantityList uom="deg_c"></gml:QuantityList>
                        </gml:valueComponent>
                     </gml:ValueArray>
                  </gml:rangeSet>
               </GridSeriesCoverage>
            </value>
            <parameter xlink:href="http://cfconventions.org/standard_names/air_temperature"></parameter>
         </GridSeriesFeature>
      </featureMember>
      <featureMember>
         <GridSeriesFeature gml:id="tmp">
            <gml:description>Mean Temperature</gml:description>
            <gml:name>tmp</gml:name>
            <gml:boundedBy>
               <gml:EnvelopeWithTimePeriod srsName="WGS84">
                  <gml:lowerCorner>0.0 -90.0</gml:lowerCorner>
                  <gml:upperCorner>360.0 90.0</gml:upperCorner>
                  <gml:beginPosition>1905-01-15T00:00:00.0</gml:beginPosition>
                  <gml:endPosition>1985-12-15T00:00:00.0</gml:endPosition>
               </gml:EnvelopeWithTimePeriod>
            </gml:boundedBy>
            <value>
               <GridSeriesCoverage gml:id="ThwTEri5">
                  <gridSeriesDomain>
                     <GridSeriesDomain srsName="ndg:crs:lonlatt" uomLabels="degrees_east degrees_north days_since_1901-01-01" gml:id="KlTsOizT" axisLabels="longitude latitude time" dimension="3" srsDimension="3">
                        <limits>
                           <gml:GridEnvelope>
                              <gml:low>0 0 0</gml:low>
                              <gml:high>0 0 0</gml:high>
                           </gml:GridEnvelope>
                        </limits>
                        <axisLabels>time latitude longitude</axisLabels>
                        <coordTransformTable>
                           <GridCoordinatesTable>
                              <gridOrdinate>
                                 <GridOrdinateDescription>
                                    <coordAxisLabel>time</coordAxisLabel>
                                    <coordAxisValues>
                                       <SpatialOrTemporalPositionList gml:id="XAe8vq1P">
                                          <timePositionList frame="ndg:gregorian">1905-01-15T00:00:00.0 1905-02-15T00:00:00.0 1905-03-15T00:00:00.0 1905-04-15T00:00:00.0 1905-05-15T00:00:00.0 1905-06-15T00:00:00.0 1905-07-15T00:00:00.0 1905-08-15T00:00:00.0 1905-09-15T00:00:00.0 1905-10-15T00:00:00.0 1905-11-15T00:00:00.0 1905-12-15T00:00:00.0 1915-01-15T00:00:00.0 1915-02-15T00:00:00.0 1915-03-15T00:00:00.0 1915-04-15T00:00:00.0 1915-05-15T00:00:00.0 1915-06-15T00:00:00.0 1915-07-15T00:00:00.0 1915-08-15T00:00:00.0 1915-09-15T00:00:00.0 1915-10-15T00:00:00.0 1915-11-15T00:00:00.0 1915-12-15T00:00:00.0 1925-01-15T00:00:00.0 1925-02-15T00:00:00.0 1925-03-15T00:00:00.0 1925-04-15T00:00:00.0 1925-05-15T00:00:00.0 1925-06-15T00:00:00.0 1925-07-15T00:00:00.0 1925-08-15T00:00:00.0 1925-09-15T00:00:00.0 1925-10-15T00:00:00.0 1925-11-15T00:00:00.0 1925-12-15T00:00:00.0 1935-01-15T00:00:00.0 1935-02-15T00:00:00.0 1935-03-15T00:00:00.0 1935-04-15T00:00:00.0 1935-05-15T00:00:00.0 1935-06-15T00:00:00.0 1935-07-15T00:00:00.0 1935-08-15T00:00:00.0 1935-09-15T00:00:00.0 1935-10-15T00:00:00.0 1935-11-15T00:00:00.0 1935-12-15T00:00:00.0 1945-01-15T00:00:00.0 1945-02-15T00:00:00.0 1945-03-15T00:00:00.0 1945-04-15T00:00:00.0 1945-05-15T00:00:00.0 1945-06-15T00:00:00.0 1945-07-15T00:00:00.0 1945-08-15T00:00:00.0 1945-09-15T00:00:00.0 1945-10-15T00:00:00.0 1945-11-15T00:00:00.0 1945-12-15T00:00:00.0 1955-01-15T00:00:00.0 1955-02-15T00:00:00.0 1955-03-15T00:00:00.0 1955-04-15T00:00:00.0 1955-05-15T00:00:00.0 1955-06-15T00:00:00.0 1955-07-15T00:00:00.0 1955-08-15T00:00:00.0 1955-09-15T00:00:00.0 1955-10-15T00:00:00.0 1955-11-15T00:00:00.0 1955-12-15T00:00:00.0 1965-01-15T00:00:00.0 1965-02-15T00:00:00.0 1965-03-15T00:00:00.0 1965-04-15T00:00:00.0 1965-05-15T00:00:00.0 1965-06-15T00:00:00.0 1965-07-15T00:00:00.0 1965-08-15T00:00:00.0 1965-09-15T00:00:00.0 1965-10-15T00:00:00.0 1965-11-15T00:00:00.0 1965-12-15T00:00:00.0 1975-01-15T00:00:00.0 1975-02-15T00:00:00.0 1975-03-15T00:00:00.0 1975-04-15T00:00:00.0 1975-05-15T00:00:00.0 1975-06-15T00:00:00.0 1975-07-15T00:00:00.0 1975-08-15T00:00:00.0 1975-09-15T00:00:00.0 1975-10-15T00:00:00.0 1975-11-15T00:00:00.0 1975-12-15T00:00:00.0 1985-01-15T00:00:00.0 1985-02-15T00:00:00.0 1985-03-15T00:00:00.0 1985-04-15T00:00:00.0 1985-05-15T00:00:00.0 1985-06-15T00:00:00.0 1985-07-15T00:00:00.0 1985-08-15T00:00:00.0 1985-09-15T00:00:00.0 1985-10-15T00:00:00.0 1985-11-15T00:00:00.0 1985-12-15T00:00:00.0</timePositionList>
                                       </SpatialOrTemporalPositionList>
                                    </coordAxisValues>
                                    <gridAxesSpanned>time</gridAxesSpanned>
                                    <sequenceRule axisOrder="+1">Linear</sequenceRule>
                                 </GridOrdinateDescription>
                              </gridOrdinate>
                              <gridOrdinate>
                                 <GridOrdinateDescription>
                                    <coordAxisLabel>latitude</coordAxisLabel>
                                    <coordAxisValues xlink:href="#IwrIbdaU" xlink:show="embed" xlink:arcrole="coordinateList" xlink:role="http://ndg.nerc.ac.uk/fileFormat/csmlStorageDescriptor">
                                       <SpatialOrTemporalPositionList gml:id="Hvn92G9F">
                                          <coordinateList></coordinateList>
                                       </SpatialOrTemporalPositionList>
                                    </coordAxisValues>
                                    <gridAxesSpanned>latitude</gridAxesSpanned>
                                    <sequenceRule axisOrder="+1">Linear</sequenceRule>
                                 </GridOrdinateDescription>
                              </gridOrdinate>
                              <gridOrdinate>
                                 <GridOrdinateDescription>
                                    <coordAxisLabel>longitude</coordAxisLabel>
                                    <coordAxisValues xlink:href="#AdKEppgB" xlink:show="embed" xlink:arcrole="coordinateList" xlink:role="http://ndg.nerc.ac.uk/fileFormat/csmlStorageDescriptor">
                                       <SpatialOrTemporalPositionList gml:id="CpAs1kpG">
                                          <coordinateList></coordinateList>
                                       </SpatialOrTemporalPositionList>
                                    </coordAxisValues>
                                    <gridAxesSpanned>longitude</gridAxesSpanned>
                                    <sequenceRule axisOrder="+1">Linear</sequenceRule>
                                 </GridOrdinateDescription>
                              </gridOrdinate>
                           </GridCoordinatesTable>
                        </coordTransformTable>
                     </GridSeriesDomain>
                  </gridSeriesDomain>
                  <gml:rangeSet>
                     <gml:ValueArray gml:id="Jf0wfsxK">
                        <gml:valueComponent xlink:href="#YIrPlFa7" xlink:show="embed" xlink:arcrole="QuantityList" xlink:role="http://ndg.nerc.ac.uk/fileFormat/csmlStorageDescriptor">
                           <gml:QuantityList uom="deg_c"></gml:QuantityList>
                        </gml:valueComponent>
                     </gml:ValueArray>
                  </gml:rangeSet>
               </GridSeriesCoverage>
            </value>
            <parameter xlink:href="http://cfconventions.org/standard_names/air_temperature"></parameter>
         </GridSeriesFeature>
      </featureMember>
      <featureMember>
         <GridSeriesFeature gml:id="tmx">
            <gml:description>Maximum Temperature</gml:description>
            <gml:name>tmx</gml:name>
            <gml:boundedBy>
               <gml:EnvelopeWithTimePeriod srsName="WGS84">
                  <gml:lowerCorner>0.0 -90.0</gml:lowerCorner>
                  <gml:upperCorner>360.0 90.0</gml:upperCorner>
                  <gml:beginPosition>1905-01-15T00:00:00.0</gml:beginPosition>
                  <gml:endPosition>1985-12-15T00:00:00.0</gml:endPosition>
               </gml:EnvelopeWithTimePeriod>
            </gml:boundedBy>
            <value>
               <GridSeriesCoverage gml:id="ZvU6TIte">
                  <gridSeriesDomain>
                     <GridSeriesDomain srsName="ndg:crs:lonlatt" uomLabels="degrees_east degrees_north days_since_1901-01-01" gml:id="KoW6BldO" axisLabels="longitude latitude time" dimension="3" srsDimension="3">
                        <limits>
                           <gml:GridEnvelope>
                              <gml:low>0 0 0</gml:low>
                              <gml:high>0 0 0</gml:high>
                           </gml:GridEnvelope>
                        </limits>
                        <axisLabels>time latitude longitude</axisLabels>
                        <coordTransformTable>
                           <GridCoordinatesTable>
                              <gridOrdinate>
                                 <GridOrdinateDescription>
                                    <coordAxisLabel>time</coordAxisLabel>
                                    <coordAxisValues>
                                       <SpatialOrTemporalPositionList gml:id="H0KtvW4a">
                                          <timePositionList frame="ndg:gregorian">1905-01-15T00:00:00.0 1905-02-15T00:00:00.0 1905-03-15T00:00:00.0 1905-04-15T00:00:00.0 1905-05-15T00:00:00.0 1905-06-15T00:00:00.0 1905-07-15T00:00:00.0 1905-08-15T00:00:00.0 1905-09-15T00:00:00.0 1905-10-15T00:00:00.0 1905-11-15T00:00:00.0 1905-12-15T00:00:00.0 1915-01-15T00:00:00.0 1915-02-15T00:00:00.0 1915-03-15T00:00:00.0 1915-04-15T00:00:00.0 1915-05-15T00:00:00.0 1915-06-15T00:00:00.0 1915-07-15T00:00:00.0 1915-08-15T00:00:00.0 1915-09-15T00:00:00.0 1915-10-15T00:00:00.0 1915-11-15T00:00:00.0 1915-12-15T00:00:00.0 1925-01-15T00:00:00.0 1925-02-15T00:00:00.0 1925-03-15T00:00:00.0 1925-04-15T00:00:00.0 1925-05-15T00:00:00.0 1925-06-15T00:00:00.0 1925-07-15T00:00:00.0 1925-08-15T00:00:00.0 1925-09-15T00:00:00.0 1925-10-15T00:00:00.0 1925-11-15T00:00:00.0 1925-12-15T00:00:00.0 1935-01-15T00:00:00.0 1935-02-15T00:00:00.0 1935-03-15T00:00:00.0 1935-04-15T00:00:00.0 1935-05-15T00:00:00.0 1935-06-15T00:00:00.0 1935-07-15T00:00:00.0 1935-08-15T00:00:00.0 1935-09-15T00:00:00.0 1935-10-15T00:00:00.0 1935-11-15T00:00:00.0 1935-12-15T00:00:00.0 1945-01-15T00:00:00.0 1945-02-15T00:00:00.0 1945-03-15T00:00:00.0 1945-04-15T00:00:00.0 1945-05-15T00:00:00.0 1945-06-15T00:00:00.0 1945-07-15T00:00:00.0 1945-08-15T00:00:00.0 1945-09-15T00:00:00.0 1945-10-15T00:00:00.0 1945-11-15T00:00:00.0 1945-12-15T00:00:00.0 1955-01-15T00:00:00.0 1955-02-15T00:00:00.0 1955-03-15T00:00:00.0 1955-04-15T00:00:00.0 1955-05-15T00:00:00.0 1955-06-15T00:00:00.0 1955-07-15T00:00:00.0 1955-08-15T00:00:00.0 1955-09-15T00:00:00.0 1955-10-15T00:00:00.0 1955-11-15T00:00:00.0 1955-12-15T00:00:00.0 1965-01-15T00:00:00.0 1965-02-15T00:00:00.0 1965-03-15T00:00:00.0 1965-04-15T00:00:00.0 1965-05-15T00:00:00.0 1965-06-15T00:00:00.0 1965-07-15T00:00:00.0 1965-08-15T00:00:00.0 1965-09-15T00:00:00.0 1965-10-15T00:00:00.0 1965-11-15T00:00:00.0 1965-12-15T00:00:00.0 1975-01-15T00:00:00.0 1975-02-15T00:00:00.0 1975-03-15T00:00:00.0 1975-04-15T00:00:00.0 1975-05-15T00:00:00.0 1975-06-15T00:00:00.0 1975-07-15T00:00:00.0 1975-08-15T00:00:00.0 1975-09-15T00:00:00.0 1975-10-15T00:00:00.0 1975-11-15T00:00:00.0 1975-12-15T00:00:00.0 1985-01-15T00:00:00.0 1985-02-15T00:00:00.0 1985-03-15T00:00:00.0 1985-04-15T00:00:00.0 1985-05-15T00:00:00.0 1985-06-15T00:00:00.0 1985-07-15T00:00:00.0 1985-08-15T00:00:00.0 1985-09-15T00:00:00.0 1985-10-15T00:00:00.0 1985-11-15T00:00:00.0 1985-12-15T00:00:00.0</timePositionList>
                                       </SpatialOrTemporalPositionList>
                                    </coordAxisValues>
                                    <gridAxesSpanned>time</gridAxesSpanned>
                                    <sequenceRule axisOrder="+1">Linear</sequenceRule>
                                 </GridOrdinateDescription>
                              </gridOrdinate>
                              <gridOrdinate>
                                 <GridOrdinateDescription>
                                    <coordAxisLabel>latitude</coordAxisLabel>
                                    <coordAxisValues xlink:href="#IgypFJUd" xlink:show="embed" xlink:arcrole="coordinateList" xlink:role="http://ndg.nerc.ac.uk/fileFormat/csmlStorageDescriptor">
                                       <SpatialOrTemporalPositionList gml:id="HP0gFCrW">
                                          <coordinateList></coordinateList>
                                       </SpatialOrTemporalPositionList>
                                    </coordAxisValues>
                                    <gridAxesSpanned>latitude</gridAxesSpanned>
                                    <sequenceRule axisOrder="+1">Linear</sequenceRule>
                                 </GridOrdinateDescription>
                              </gridOrdinate>
                              <gridOrdinate>
                                 <GridOrdinateDescription>
                                    <coordAxisLabel>longitude</coordAxisLabel>
                                    <coordAxisValues xlink:href="#NvtQqSqC" xlink:show="embed" xlink:arcrole="coordinateList" xlink:role="http://ndg.nerc.ac.uk/fileFormat/csmlStorageDescriptor">
                                       <SpatialOrTemporalPositionList gml:id="Ebn5oaQS">
                                          <coordinateList></coordinateList>
                                       </SpatialOrTemporalPositionList>
                                    </coordAxisValues>
                                    <gridAxesSpanned>longitude</gridAxesSpanned>
                                    <sequenceRule axisOrder="+1">Linear</sequenceRule>
                                 </GridOrdinateDescription>
                              </gridOrdinate>
                           </GridCoordinatesTable>
                        </coordTransformTable>
                     </GridSeriesDomain>
                  </gridSeriesDomain>
                  <gml:rangeSet>
                     <gml:ValueArray gml:id="DyHuRVDt">
                        <gml:valueComponent xlink:href="#GAjrNXu8" xlink:show="embed" xlink:arcrole="QuantityList" xlink:role="http://ndg.nerc.ac.uk/fileFormat/csmlStorageDescriptor">
                           <gml:QuantityList uom="deg_c"></gml:QuantityList>
                        </gml:valueComponent>
                     </gml:ValueArray>
                  </gml:rangeSet>
               </GridSeriesCoverage>
            </value>
            <parameter xlink:href="http://cfconventions.org/standard_names/air_temperature"></parameter>
         </GridSeriesFeature>
      </featureMember>
      <featureMember>
         <GridSeriesFeature gml:id="vap">
            <gml:description>Vapour Pressure</gml:description>
            <gml:name>vap</gml:name>
            <gml:boundedBy>
               <gml:EnvelopeWithTimePeriod srsName="WGS84">
                  <gml:lowerCorner>0.0 -90.0</gml:lowerCorner>
                  <gml:upperCorner>360.0 90.0</gml:upperCorner>
                  <gml:beginPosition>1905-01-15T00:00:00.0</gml:beginPosition>
                  <gml:endPosition>1985-12-15T00:00:00.0</gml:endPosition>
               </gml:EnvelopeWithTimePeriod>
            </gml:boundedBy>
            <value>
               <GridSeriesCoverage gml:id="RvIxyJvv">
                  <gridSeriesDomain>
                     <GridSeriesDomain srsName="ndg:crs:lonlatt" uomLabels="degrees_east degrees_north days_since_1901-01-01" gml:id="ITQxL1wx" axisLabels="longitude latitude time" dimension="3" srsDimension="3">
                        <limits>
                           <gml:GridEnvelope>
                              <gml:low>0 0 0</gml:low>
                              <gml:high>0 0 0</gml:high>
                           </gml:GridEnvelope>
                        </limits>
                        <axisLabels>time latitude longitude</axisLabels>
                        <coordTransformTable>
                           <GridCoordinatesTable>
                              <gridOrdinate>
                                 <GridOrdinateDescription>
                                    <coordAxisLabel>time</coordAxisLabel>
                                    <coordAxisValues>
                                       <SpatialOrTemporalPositionList gml:id="CRHeQoNp">
                                          <timePositionList frame="ndg:gregorian">1905-01-15T00:00:00.0 1905-02-15T00:00:00.0 1905-03-15T00:00:00.0 1905-04-15T00:00:00.0 1905-05-15T00:00:00.0 1905-06-15T00:00:00.0 1905-07-15T00:00:00.0 1905-08-15T00:00:00.0 1905-09-15T00:00:00.0 1905-10-15T00:00:00.0 1905-11-15T00:00:00.0 1905-12-15T00:00:00.0 1915-01-15T00:00:00.0 1915-02-15T00:00:00.0 1915-03-15T00:00:00.0 1915-04-15T00:00:00.0 1915-05-15T00:00:00.0 1915-06-15T00:00:00.0 1915-07-15T00:00:00.0 1915-08-15T00:00:00.0 1915-09-15T00:00:00.0 1915-10-15T00:00:00.0 1915-11-15T00:00:00.0 1915-12-15T00:00:00.0 1925-01-15T00:00:00.0 1925-02-15T00:00:00.0 1925-03-15T00:00:00.0 1925-04-15T00:00:00.0 1925-05-15T00:00:00.0 1925-06-15T00:00:00.0 1925-07-15T00:00:00.0 1925-08-15T00:00:00.0 1925-09-15T00:00:00.0 1925-10-15T00:00:00.0 1925-11-15T00:00:00.0 1925-12-15T00:00:00.0 1935-01-15T00:00:00.0 1935-02-15T00:00:00.0 1935-03-15T00:00:00.0 1935-04-15T00:00:00.0 1935-05-15T00:00:00.0 1935-06-15T00:00:00.0 1935-07-15T00:00:00.0 1935-08-15T00:00:00.0 1935-09-15T00:00:00.0 1935-10-15T00:00:00.0 1935-11-15T00:00:00.0 1935-12-15T00:00:00.0 1945-01-15T00:00:00.0 1945-02-15T00:00:00.0 1945-03-15T00:00:00.0 1945-04-15T00:00:00.0 1945-05-15T00:00:00.0 1945-06-15T00:00:00.0 1945-07-15T00:00:00.0 1945-08-15T00:00:00.0 1945-09-15T00:00:00.0 1945-10-15T00:00:00.0 1945-11-15T00:00:00.0 1945-12-15T00:00:00.0 1955-01-15T00:00:00.0 1955-02-15T00:00:00.0 1955-03-15T00:00:00.0 1955-04-15T00:00:00.0 1955-05-15T00:00:00.0 1955-06-15T00:00:00.0 1955-07-15T00:00:00.0 1955-08-15T00:00:00.0 1955-09-15T00:00:00.0 1955-10-15T00:00:00.0 1955-11-15T00:00:00.0 1955-12-15T00:00:00.0 1965-01-15T00:00:00.0 1965-02-15T00:00:00.0 1965-03-15T00:00:00.0 1965-04-15T00:00:00.0 1965-05-15T00:00:00.0 1965-06-15T00:00:00.0 1965-07-15T00:00:00.0 1965-08-15T00:00:00.0 1965-09-15T00:00:00.0 1965-10-15T00:00:00.0 1965-11-15T00:00:00.0 1965-12-15T00:00:00.0 1975-01-15T00:00:00.0 1975-02-15T00:00:00.0 1975-03-15T00:00:00.0 1975-04-15T00:00:00.0 1975-05-15T00:00:00.0 1975-06-15T00:00:00.0 1975-07-15T00:00:00.0 1975-08-15T00:00:00.0 1975-09-15T00:00:00.0 1975-10-15T00:00:00.0 1975-11-15T00:00:00.0 1975-12-15T00:00:00.0 1985-01-15T00:00:00.0 1985-02-15T00:00:00.0 1985-03-15T00:00:00.0 1985-04-15T00:00:00.0 1985-05-15T00:00:00.0 1985-06-15T00:00:00.0 1985-07-15T00:00:00.0 1985-08-15T00:00:00.0 1985-09-15T00:00:00.0 1985-10-15T00:00:00.0 1985-11-15T00:00:00.0 1985-12-15T00:00:00.0</timePositionList>
                                       </SpatialOrTemporalPositionList>
                                    </coordAxisValues>
                                    <gridAxesSpanned>time</gridAxesSpanned>
                                    <sequenceRule axisOrder="+1">Linear</sequenceRule>
                                 </GridOrdinateDescription>
                              </gridOrdinate>
                              <gridOrdinate>
                                 <GridOrdinateDescription>
                                    <coordAxisLabel>latitude</coordAxisLabel>
                                    <coordAxisValues xlink:href="#L5BVgarB" xlink:show="embed" xlink:arcrole="coordinateList" xlink:role="http://ndg.nerc.ac.uk/fileFormat/csmlStorageDescriptor">
                                       <SpatialOrTemporalPositionList gml:id="OuP2ywC7">
                                          <coordinateList></coordinateList>
                                       </SpatialOrTemporalPositionList>
                                    </coordAxisValues>
                                    <gridAxesSpanned>latitude</gridAxesSpanned>
                                    <sequenceRule axisOrder="+1">Linear</sequenceRule>
                                 </GridOrdinateDescription>
                              </gridOrdinate>
                              <gridOrdinate>
                                 <GridOrdinateDescription>
                                    <coordAxisLabel>longitude</coordAxisLabel>
                                    <coordAxisValues xlink:href="#Bz9HxJWX" xlink:show="embed" xlink:arcrole="coordinateList" xlink:role="http://ndg.nerc.ac.uk/fileFormat/csmlStorageDescriptor">
                                       <SpatialOrTemporalPositionList gml:id="AjwjvO70">
                                          <coordinateList></coordinateList>
                                       </SpatialOrTemporalPositionList>
                                    </coordAxisValues>
                                    <gridAxesSpanned>longitude</gridAxesSpanned>
                                    <sequenceRule axisOrder="+1">Linear</sequenceRule>
                                 </GridOrdinateDescription>
                              </gridOrdinate>
                           </GridCoordinatesTable>
                        </coordTransformTable>
                     </GridSeriesDomain>
                  </gridSeriesDomain>
                  <gml:rangeSet>
                     <gml:ValueArray gml:id="F1qRgIG7">
                        <gml:valueComponent xlink:href="#B9vnXjZW" xlink:show="embed" xlink:arcrole="QuantityList" xlink:role="http://ndg.nerc.ac.uk/fileFormat/csmlStorageDescriptor">
                           <gml:QuantityList uom="hPa"></gml:QuantityList>
                        </gml:valueComponent>
                     </gml:ValueArray>
                  </gml:rangeSet>
               </GridSeriesCoverage>
            </value>
            <parameter xlink:href="None"></parameter>
         </GridSeriesFeature>
      </featureMember>
      <featureMember>
         <GridSeriesFeature gml:id="wet">
            <gml:description>Wet Day Frequency</gml:description>
            <gml:name>wet</gml:name>
            <gml:boundedBy>
               <gml:EnvelopeWithTimePeriod srsName="WGS84">
                  <gml:lowerCorner>0.0 -90.0</gml:lowerCorner>
                  <gml:upperCorner>360.0 90.0</gml:upperCorner>
                  <gml:beginPosition>1905-01-15T00:00:00.0</gml:beginPosition>
                  <gml:endPosition>1985-12-15T00:00:00.0</gml:endPosition>
               </gml:EnvelopeWithTimePeriod>
            </gml:boundedBy>
            <value>
               <GridSeriesCoverage gml:id="E1S9tJGE">
                  <gridSeriesDomain>
                     <GridSeriesDomain srsName="ndg:crs:lonlatt" uomLabels="degrees_east degrees_north days_since_1901-01-01" gml:id="IBYUDgZq" axisLabels="longitude latitude time" dimension="3" srsDimension="3">
                        <limits>
                           <gml:GridEnvelope>
                              <gml:low>0 0 0</gml:low>
                              <gml:high>0 0 0</gml:high>
                           </gml:GridEnvelope>
                        </limits>
                        <axisLabels>time latitude longitude</axisLabels>
                        <coordTransformTable>
                           <GridCoordinatesTable>
                              <gridOrdinate>
                                 <GridOrdinateDescription>
                                    <coordAxisLabel>time</coordAxisLabel>
                                    <coordAxisValues>
                                       <SpatialOrTemporalPositionList gml:id="AquCtxJZ">
                                          <timePositionList frame="ndg:gregorian">1905-01-15T00:00:00.0 1905-02-15T00:00:00.0 1905-03-15T00:00:00.0 1905-04-15T00:00:00.0 1905-05-15T00:00:00.0 1905-06-15T00:00:00.0 1905-07-15T00:00:00.0 1905-08-15T00:00:00.0 1905-09-15T00:00:00.0 1905-10-15T00:00:00.0 1905-11-15T00:00:00.0 1905-12-15T00:00:00.0 1915-01-15T00:00:00.0 1915-02-15T00:00:00.0 1915-03-15T00:00:00.0 1915-04-15T00:00:00.0 1915-05-15T00:00:00.0 1915-06-15T00:00:00.0 1915-07-15T00:00:00.0 1915-08-15T00:00:00.0 1915-09-15T00:00:00.0 1915-10-15T00:00:00.0 1915-11-15T00:00:00.0 1915-12-15T00:00:00.0 1925-01-15T00:00:00.0 1925-02-15T00:00:00.0 1925-03-15T00:00:00.0 1925-04-15T00:00:00.0 1925-05-15T00:00:00.0 1925-06-15T00:00:00.0 1925-07-15T00:00:00.0 1925-08-15T00:00:00.0 1925-09-15T00:00:00.0 1925-10-15T00:00:00.0 1925-11-15T00:00:00.0 1925-12-15T00:00:00.0 1935-01-15T00:00:00.0 1935-02-15T00:00:00.0 1935-03-15T00:00:00.0 1935-04-15T00:00:00.0 1935-05-15T00:00:00.0 1935-06-15T00:00:00.0 1935-07-15T00:00:00.0 1935-08-15T00:00:00.0 1935-09-15T00:00:00.0 1935-10-15T00:00:00.0 1935-11-15T00:00:00.0 1935-12-15T00:00:00.0 1945-01-15T00:00:00.0 1945-02-15T00:00:00.0 1945-03-15T00:00:00.0 1945-04-15T00:00:00.0 1945-05-15T00:00:00.0 1945-06-15T00:00:00.0 1945-07-15T00:00:00.0 1945-08-15T00:00:00.0 1945-09-15T00:00:00.0 1945-10-15T00:00:00.0 1945-11-15T00:00:00.0 1945-12-15T00:00:00.0 1955-01-15T00:00:00.0 1955-02-15T00:00:00.0 1955-03-15T00:00:00.0 1955-04-15T00:00:00.0 1955-05-15T00:00:00.0 1955-06-15T00:00:00.0 1955-07-15T00:00:00.0 1955-08-15T00:00:00.0 1955-09-15T00:00:00.0 1955-10-15T00:00:00.0 1955-11-15T00:00:00.0 1955-12-15T00:00:00.0 1965-01-15T00:00:00.0 1965-02-15T00:00:00.0 1965-03-15T00:00:00.0 1965-04-15T00:00:00.0 1965-05-15T00:00:00.0 1965-06-15T00:00:00.0 1965-07-15T00:00:00.0 1965-08-15T00:00:00.0 1965-09-15T00:00:00.0 1965-10-15T00:00:00.0 1965-11-15T00:00:00.0 1965-12-15T00:00:00.0 1975-01-15T00:00:00.0 1975-02-15T00:00:00.0 1975-03-15T00:00:00.0 1975-04-15T00:00:00.0 1975-05-15T00:00:00.0 1975-06-15T00:00:00.0 1975-07-15T00:00:00.0 1975-08-15T00:00:00.0 1975-09-15T00:00:00.0 1975-10-15T00:00:00.0 1975-11-15T00:00:00.0 1975-12-15T00:00:00.0 1985-01-15T00:00:00.0 1985-02-15T00:00:00.0 1985-03-15T00:00:00.0 1985-04-15T00:00:00.0 1985-05-15T00:00:00.0 1985-06-15T00:00:00.0 1985-07-15T00:00:00.0 1985-08-15T00:00:00.0 1985-09-15T00:00:00.0 1985-10-15T00:00:00.0 1985-11-15T00:00:00.0 1985-12-15T00:00:00.0</timePositionList>
                                       </SpatialOrTemporalPositionList>
                                    </coordAxisValues>
                                    <gridAxesSpanned>time</gridAxesSpanned>
                                    <sequenceRule axisOrder="+1">Linear</sequenceRule>
                                 </GridOrdinateDescription>
                              </gridOrdinate>
                              <gridOrdinate>
                                 <GridOrdinateDescription>
                                    <coordAxisLabel>latitude</coordAxisLabel>
                                    <coordAxisValues xlink:href="#Z1Vupqrm" xlink:show="embed" xlink:arcrole="coordinateList" xlink:role="http://ndg.nerc.ac.uk/fileFormat/csmlStorageDescriptor">
                                       <SpatialOrTemporalPositionList gml:id="Xf2FgHTh">
                                          <coordinateList></coordinateList>
                                       </SpatialOrTemporalPositionList>
                                    </coordAxisValues>
                                    <gridAxesSpanned>latitude</gridAxesSpanned>
                                    <sequenceRule axisOrder="+1">Linear</sequenceRule>
                                 </GridOrdinateDescription>
                              </gridOrdinate>
                              <gridOrdinate>
                                 <GridOrdinateDescription>
                                    <coordAxisLabel>longitude</coordAxisLabel>
                                    <coordAxisValues xlink:href="#HruxwGLb" xlink:show="embed" xlink:arcrole="coordinateList" xlink:role="http://ndg.nerc.ac.uk/fileFormat/csmlStorageDescriptor">
                                       <SpatialOrTemporalPositionList gml:id="A5jzdJKE">
                                          <coordinateList></coordinateList>
                                       </SpatialOrTemporalPositionList>
                                    </coordAxisValues>
                                    <gridAxesSpanned>longitude</gridAxesSpanned>
                                    <sequenceRule axisOrder="+1">Linear</sequenceRule>
                                 </GridOrdinateDescription>
                              </gridOrdinate>
                           </GridCoordinatesTable>
                        </coordTransformTable>
                     </GridSeriesDomain>
                  </gridSeriesDomain>
                  <gml:rangeSet>
                     <gml:ValueArray gml:id="MDVoZOi3">
                        <gml:valueComponent xlink:href="#FPStD4Jz" xlink:show="embed" xlink:arcrole="QuantityList" xlink:role="http://ndg.nerc.ac.uk/fileFormat/csmlStorageDescriptor">
                           <gml:QuantityList uom="day"></gml:QuantityList>
                        </gml:valueComponent>
                     </gml:ValueArray>
                  </gml:rangeSet>
               </GridSeriesCoverage>
            </value>
            <parameter xlink:href="None"></parameter>
         </GridSeriesFeature>
      </featureMember>
   </CSMLFeatureCollection>
   <CSMLStorageDescriptor>
      <descriptor>
         <NetCDFExtract id="DTOGZI8z">
            <arraySize>360</arraySize>
            <fileName>/badc/ipcc-ddc/data/netcdf/obs/clim_10/ccld0110.nc</fileName>
            <variableName>latitude</variableName>
         </NetCDFExtract>
      </descriptor>
      <descriptor>
         <NetCDFExtract id="W6xYcUdR">
            <arraySize>2</arraySize>
            <fileName>/badc/ipcc-ddc/data/netcdf/obs/clim_10/ccld0110.nc</fileName>
            <variableName>axis_5</variableName>
         </NetCDFExtract>
      </descriptor>
      <descriptor>
         <NetCDFExtract id="LcutwMer">
            <arraySize>720</arraySize>
            <fileName>/badc/ipcc-ddc/data/netcdf/obs/clim_10/ccld0110.nc</fileName>
            <variableName>longitude</variableName>
         </NetCDFExtract>
      </descriptor>
      <descriptor>
         <NetCDFExtract id="XJp8miYA">
            <arraySize>12</arraySize>
            <fileName>/badc/ipcc-ddc/data/netcdf/obs/clim_10/ccld0110.nc</fileName>
            <variableName>time</variableName>
         </NetCDFExtract>
      </descriptor>
      <descriptor>
         <NetCDFExtract id="U4MtWpzU">
            <arraySize>360</arraySize>
            <fileName>/badc/ipcc-ddc/data/netcdf/obs/clim_10/cdtr0110.nc</fileName>
            <variableName>latitude</variableName>
         </NetCDFExtract>
      </descriptor>
      <descriptor>
         <NetCDFExtract id="SP0Ml9ZU">
            <arraySize>2</arraySize>
            <fileName>/badc/ipcc-ddc/data/netcdf/obs/clim_10/cdtr0110.nc</fileName>
            <variableName>axis_89</variableName>
         </NetCDFExtract>
      </descriptor>
      <descriptor>
         <NetCDFExtract id="NDkGDGH2">
            <arraySize>720</arraySize>
            <fileName>/badc/ipcc-ddc/data/netcdf/obs/clim_10/cdtr0110.nc</fileName>
            <variableName>longitude</variableName>
         </NetCDFExtract>
      </descriptor>
      <descriptor>
         <NetCDFExtract id="I8U5Av7D">
            <arraySize>12</arraySize>
            <fileName>/badc/ipcc-ddc/data/netcdf/obs/clim_10/cdtr0110.nc</fileName>
            <variableName>time</variableName>
         </NetCDFExtract>
      </descriptor>
      <descriptor>
         <NetCDFExtract id="ZzaOBWo9">
            <arraySize>360</arraySize>
            <fileName>/badc/ipcc-ddc/data/netcdf/obs/clim_10/cfrs0110.nc</fileName>
            <variableName>latitude</variableName>
         </NetCDFExtract>
      </descriptor>
      <descriptor>
         <NetCDFExtract id="SSuSQicm">
            <arraySize>2</arraySize>
            <fileName>/badc/ipcc-ddc/data/netcdf/obs/clim_10/cfrs0110.nc</fileName>
            <variableName>axis_173</variableName>
         </NetCDFExtract>
      </descriptor>
      <descriptor>
         <NetCDFExtract id="RGkjr1H5">
            <arraySize>720</arraySize>
            <fileName>/badc/ipcc-ddc/data/netcdf/obs/clim_10/cfrs0110.nc</fileName>
            <variableName>longitude</variableName>
         </NetCDFExtract>
      </descriptor>
      <descriptor>
         <NetCDFExtract id="UUq4iObh">
            <arraySize>12</arraySize>
            <fileName>/badc/ipcc-ddc/data/netcdf/obs/clim_10/cfrs0110.nc</fileName>
            <variableName>time</variableName>
         </NetCDFExtract>
      </descriptor>
      <descriptor>
         <NetCDFExtract id="IAdxeMwK">
            <arraySize>360</arraySize>
            <fileName>/badc/ipcc-ddc/data/netcdf/obs/clim_10/cpre0110.nc</fileName>
            <variableName>latitude</variableName>
         </NetCDFExtract>
      </descriptor>
      <descriptor>
         <NetCDFExtract id="UeYvdrxZ">
            <arraySize>2</arraySize>
            <fileName>/badc/ipcc-ddc/data/netcdf/obs/clim_10/cpre0110.nc</fileName>
            <variableName>axis_257</variableName>
         </NetCDFExtract>
      </descriptor>
      <descriptor>
         <NetCDFExtract id="O4xdb1CO">
            <arraySize>720</arraySize>
            <fileName>/badc/ipcc-ddc/data/netcdf/obs/clim_10/cpre0110.nc</fileName>
            <variableName>longitude</variableName>
         </NetCDFExtract>
      </descriptor>
      <descriptor>
         <NetCDFExtract id="C2qVj3gv">
            <arraySize>12</arraySize>
            <fileName>/badc/ipcc-ddc/data/netcdf/obs/clim_10/cpre0110.nc</fileName>
            <variableName>time</variableName>
         </NetCDFExtract>
      </descriptor>
      <descriptor>
         <NetCDFExtract id="HSXFY5II">
            <arraySize>360</arraySize>
            <fileName>/badc/ipcc-ddc/data/netcdf/obs/clim_10/ctmn0110.nc</fileName>
            <variableName>latitude</variableName>
         </NetCDFExtract>
      </descriptor>
      <descriptor>
         <NetCDFExtract id="B8rZUCwI">
            <arraySize>12</arraySize>
            <fileName>/badc/ipcc-ddc/data/netcdf/obs/clim_10/ctmn0110.nc</fileName>
            <variableName>time</variableName>
         </NetCDFExtract>
      </descriptor>
      <descriptor>
         <NetCDFExtract id="UsCXcNog">
            <arraySize>720</arraySize>
            <fileName>/badc/ipcc-ddc/data/netcdf/obs/clim_10/ctmn0110.nc</fileName>
            <variableName>longitude</variableName>
         </NetCDFExtract>
      </descriptor>
      <descriptor>
         <NetCDFExtract id="FxDv3DiI">
            <arraySize>2</arraySize>
            <fileName>/badc/ipcc-ddc/data/netcdf/obs/clim_10/ctmn0110.nc</fileName>
            <variableName>axis_355</variableName>
         </NetCDFExtract>
      </descriptor>
      <descriptor>
         <NetCDFExtract id="IwrIbdaU">
            <arraySize>360</arraySize>
            <fileName>/badc/ipcc-ddc/data/netcdf/obs/clim_10/ctmp0110.nc</fileName>
            <variableName>latitude</variableName>
         </NetCDFExtract>
      </descriptor>
      <descriptor>
         <NetCDFExtract id="KonypjVQ">
            <arraySize>2</arraySize>
            <fileName>/badc/ipcc-ddc/data/netcdf/obs/clim_10/ctmp0110.nc</fileName>
            <variableName>axis_439</variableName>
         </NetCDFExtract>
      </descriptor>
      <descriptor>
         <NetCDFExtract id="AdKEppgB">
            <arraySize>720</arraySize>
            <fileName>/badc/ipcc-ddc/data/netcdf/obs/clim_10/ctmp0110.nc</fileName>
            <variableName>longitude</variableName>
         </NetCDFExtract>
      </descriptor>
      <descriptor>
         <NetCDFExtract id="SBShGnoS">
            <arraySize>12</arraySize>
            <fileName>/badc/ipcc-ddc/data/netcdf/obs/clim_10/ctmp0110.nc</fileName>
            <variableName>time</variableName>
         </NetCDFExtract>
      </descriptor>
      <descriptor>
         <NetCDFExtract id="IgypFJUd">
            <arraySize>360</arraySize>
            <fileName>/badc/ipcc-ddc/data/netcdf/obs/clim_10/ctmx0110.nc</fileName>
            <variableName>latitude</variableName>
         </NetCDFExtract>
      </descriptor>
      <descriptor>
         <NetCDFExtract id="NvtQqSqC">
            <arraySize>720</arraySize>
            <fileName>/badc/ipcc-ddc/data/netcdf/obs/clim_10/ctmx0110.nc</fileName>
            <variableName>longitude</variableName>
         </NetCDFExtract>
      </descriptor>
      <descriptor>
         <NetCDFExtract id="ZsMmJMQ3">
            <arraySize>2</arraySize>
            <fileName>/badc/ipcc-ddc/data/netcdf/obs/clim_10/ctmx0110.nc</fileName>
            <variableName>axis_523</variableName>
         </NetCDFExtract>
      </descriptor>
      <descriptor>
         <NetCDFExtract id="MnYUS6T4">
            <arraySize>12</arraySize>
            <fileName>/badc/ipcc-ddc/data/netcdf/obs/clim_10/ctmx0110.nc</fileName>
            <variableName>time</variableName>
         </NetCDFExtract>
      </descriptor>
      <descriptor>
         <NetCDFExtract id="L5BVgarB">
            <arraySize>360</arraySize>
            <fileName>/badc/ipcc-ddc/data/netcdf/obs/clim_10/cvap0110.nc</fileName>
            <variableName>latitude</variableName>
         </NetCDFExtract>
      </descriptor>
      <descriptor>
         <NetCDFExtract id="Z75hkHBg">
            <arraySize>2</arraySize>
            <fileName>/badc/ipcc-ddc/data/netcdf/obs/clim_10/cvap0110.nc</fileName>
            <variableName>axis_607</variableName>
         </NetCDFExtract>
      </descriptor>
      <descriptor>
         <NetCDFExtract id="Bz9HxJWX">
            <arraySize>720</arraySize>
            <fileName>/badc/ipcc-ddc/data/netcdf/obs/clim_10/cvap0110.nc</fileName>
            <variableName>longitude</variableName>
         </NetCDFExtract>
      </descriptor>
      <descriptor>
         <NetCDFExtract id="VcWw8Vcx">
            <arraySize>12</arraySize>
            <fileName>/badc/ipcc-ddc/data/netcdf/obs/clim_10/cvap0110.nc</fileName>
            <variableName>time</variableName>
         </NetCDFExtract>
      </descriptor>
      <descriptor>
         <NetCDFExtract id="Z1Vupqrm">
            <arraySize>360</arraySize>
            <fileName>/badc/ipcc-ddc/data/netcdf/obs/clim_10/cwet0110.nc</fileName>
            <variableName>latitude</variableName>
         </NetCDFExtract>
      </descriptor>
      <descriptor>
         <NetCDFExtract id="HruxwGLb">
            <arraySize>720</arraySize>
            <fileName>/badc/ipcc-ddc/data/netcdf/obs/clim_10/cwet0110.nc</fileName>
            <variableName>longitude</variableName>
         </NetCDFExtract>
      </descriptor>
      <descriptor>
         <NetCDFExtract id="KQ4TW6jR">
            <arraySize>2</arraySize>
            <fileName>/badc/ipcc-ddc/data/netcdf/obs/clim_10/cwet0110.nc</fileName>
            <variableName>axis_691</variableName>
         </NetCDFExtract>
      </descriptor>
      <descriptor>
         <NetCDFExtract id="XhSGEmkL">
            <arraySize>12</arraySize>
            <fileName>/badc/ipcc-ddc/data/netcdf/obs/clim_10/cwet0110.nc</fileName>
            <variableName>time</variableName>
         </NetCDFExtract>
      </descriptor>
      <descriptor>
         <AggregatedArray id="VzhKIkrA">
            <arraySize>3110400</arraySize>
            <uom>percent</uom>
            <aggType>new</aggType>
            <aggIndex>1</aggIndex>
            <component>
               <NetCDFExtract>
                  <arraySize>12  360  720</arraySize>
                  <fileList>
                     <FileList id="GxlzCCkE">
                        <fileNames>/badc/ipcc-ddc/data/netcdf/obs/clim_10/ccld0110.nc /badc/ipcc-ddc/data/netcdf/obs/clim_10/ccld1120.nc /badc/ipcc-ddc/data/netcdf/obs/clim_10/ccld2130.nc /badc/ipcc-ddc/data/netcdf/obs/clim_10/ccld3140.nc /badc/ipcc-ddc/data/netcdf/obs/clim_10/ccld4150.nc /badc/ipcc-ddc/data/netcdf/obs/clim_10/ccld5160.nc /badc/ipcc-ddc/data/netcdf/obs/clim_10/ccld6170.nc /badc/ipcc-ddc/data/netcdf/obs/clim_10/ccld7180.nc /badc/ipcc-ddc/data/netcdf/obs/clim_10/ccld8190.nc</fileNames>
                     </FileList>
                  </fileList>
                  <variableName>cld</variableName>
               </NetCDFExtract>
            </component>
         </AggregatedArray>
      </descriptor>
      <descriptor>
         <AggregatedArray id="Brdpc8dW">
            <arraySize>3110400</arraySize>
            <uom>deg_c</uom>
            <aggType>new</aggType>
            <aggIndex>1</aggIndex>
            <component>
               <NetCDFExtract>
                  <arraySize>12  360  720</arraySize>
                  <fileList>
                     <FileList id="NEwHH1bL">
                        <fileNames>/badc/ipcc-ddc/data/netcdf/obs/clim_10/cdtr0110.nc /badc/ipcc-ddc/data/netcdf/obs/clim_10/cdtr1120.nc /badc/ipcc-ddc/data/netcdf/obs/clim_10/cdtr2130.nc /badc/ipcc-ddc/data/netcdf/obs/clim_10/cdtr3140.nc /badc/ipcc-ddc/data/netcdf/obs/clim_10/cdtr4150.nc /badc/ipcc-ddc/data/netcdf/obs/clim_10/cdtr5160.nc /badc/ipcc-ddc/data/netcdf/obs/clim_10/cdtr6170.nc /badc/ipcc-ddc/data/netcdf/obs/clim_10/cdtr7180.nc /badc/ipcc-ddc/data/netcdf/obs/clim_10/cdtr8190.nc</fileNames>
                     </FileList>
                  </fileList>
                  <variableName>dtr</variableName>
               </NetCDFExtract>
            </component>
         </AggregatedArray>
      </descriptor>
      <descriptor>
         <AggregatedArray id="VpZ8Jf0L">
            <arraySize>3110400</arraySize>
            <uom>day</uom>
            <aggType>new</aggType>
            <aggIndex>1</aggIndex>
            <component>
               <NetCDFExtract>
                  <arraySize>12  360  720</arraySize>
                  <fileList>
                     <FileList id="H0jDHJkk">
                        <fileNames>/badc/ipcc-ddc/data/netcdf/obs/clim_10/cfrs0110.nc /badc/ipcc-ddc/data/netcdf/obs/clim_10/cfrs1120.nc /badc/ipcc-ddc/data/netcdf/obs/clim_10/cfrs2130.nc /badc/ipcc-ddc/data/netcdf/obs/clim_10/cfrs3140.nc /badc/ipcc-ddc/data/netcdf/obs/clim_10/cfrs4150.nc /badc/ipcc-ddc/data/netcdf/obs/clim_10/cfrs5160.nc /badc/ipcc-ddc/data/netcdf/obs/clim_10/cfrs6170.nc /badc/ipcc-ddc/data/netcdf/obs/clim_10/cfrs7180.nc /badc/ipcc-ddc/data/netcdf/obs/clim_10/cfrs8190.nc</fileNames>
                     </FileList>
                  </fileList>
                  <variableName>frs</variableName>
               </NetCDFExtract>
            </component>
         </AggregatedArray>
      </descriptor>
      <descriptor>
         <AggregatedArray id="NgJd3Jkh">
            <arraySize>3110400</arraySize>
            <uom>mm/day</uom>
            <aggType>new</aggType>
            <aggIndex>1</aggIndex>
            <component>
               <NetCDFExtract>
                  <arraySize>12  360  720</arraySize>
                  <fileList>
                     <FileList id="SBbmWOkB">
                        <fileNames>/badc/ipcc-ddc/data/netcdf/obs/clim_10/cpre0110.nc /badc/ipcc-ddc/data/netcdf/obs/clim_10/cpre1120.nc /badc/ipcc-ddc/data/netcdf/obs/clim_10/cpre2130.nc /badc/ipcc-ddc/data/netcdf/obs/clim_10/cpre3140.nc /badc/ipcc-ddc/data/netcdf/obs/clim_10/cpre4150.nc /badc/ipcc-ddc/data/netcdf/obs/clim_10/cpre5160.nc /badc/ipcc-ddc/data/netcdf/obs/clim_10/cpre6170.nc /badc/ipcc-ddc/data/netcdf/obs/clim_10/cpre7180.nc /badc/ipcc-ddc/data/netcdf/obs/clim_10/cpre8190.nc</fileNames>
                     </FileList>
                  </fileList>
                  <variableName>pre</variableName>
               </NetCDFExtract>
            </component>
         </AggregatedArray>
      </descriptor>
      <descriptor>
         <AggregatedArray id="TLx7i6jz">
            <arraySize>3110400</arraySize>
            <uom>deg_c</uom>
            <aggType>new</aggType>
            <aggIndex>1</aggIndex>
            <component>
               <NetCDFExtract>
                  <arraySize>12  360  720</arraySize>
                  <fileList>
                     <FileList id="JgKTddPu">
                        <fileNames>/badc/ipcc-ddc/data/netcdf/obs/clim_10/ctmn0110.nc /badc/ipcc-ddc/data/netcdf/obs/clim_10/ctmn1120.nc /badc/ipcc-ddc/data/netcdf/obs/clim_10/ctmn2130.nc /badc/ipcc-ddc/data/netcdf/obs/clim_10/ctmn3140.nc /badc/ipcc-ddc/data/netcdf/obs/clim_10/ctmn4150.nc /badc/ipcc-ddc/data/netcdf/obs/clim_10/ctmn5160.nc /badc/ipcc-ddc/data/netcdf/obs/clim_10/ctmn6170.nc /badc/ipcc-ddc/data/netcdf/obs/clim_10/ctmn7180.nc /badc/ipcc-ddc/data/netcdf/obs/clim_10/ctmn8190.nc</fileNames>
                     </FileList>
                  </fileList>
                  <variableName>tmn</variableName>
               </NetCDFExtract>
            </component>
         </AggregatedArray>
      </descriptor>
      <descriptor>
         <AggregatedArray id="YIrPlFa7">
            <arraySize>3110400</arraySize>
            <uom>deg_c</uom>
            <aggType>new</aggType>
            <aggIndex>1</aggIndex>
            <component>
               <NetCDFExtract>
                  <arraySize>12  360  720</arraySize>
                  <fileList>
                     <FileList id="AB6gR814">
                        <fileNames>/badc/ipcc-ddc/data/netcdf/obs/clim_10/ctmp0110.nc /badc/ipcc-ddc/data/netcdf/obs/clim_10/ctmp1120.nc /badc/ipcc-ddc/data/netcdf/obs/clim_10/ctmp2130.nc /badc/ipcc-ddc/data/netcdf/obs/clim_10/ctmp3140.nc /badc/ipcc-ddc/data/netcdf/obs/clim_10/ctmp4150.nc /badc/ipcc-ddc/data/netcdf/obs/clim_10/ctmp5160.nc /badc/ipcc-ddc/data/netcdf/obs/clim_10/ctmp6170.nc /badc/ipcc-ddc/data/netcdf/obs/clim_10/ctmp7180.nc /badc/ipcc-ddc/data/netcdf/obs/clim_10/ctmp8190.nc</fileNames>
                     </FileList>
                  </fileList>
                  <variableName>tmp</variableName>
               </NetCDFExtract>
            </component>
         </AggregatedArray>
      </descriptor>
      <descriptor>
         <AggregatedArray id="GAjrNXu8">
            <arraySize>3110400</arraySize>
            <uom>deg_c</uom>
            <aggType>new</aggType>
            <aggIndex>1</aggIndex>
            <component>
               <NetCDFExtract>
                  <arraySize>12  360  720</arraySize>
                  <fileList>
                     <FileList id="AHjCTdPi">
                        <fileNames>/badc/ipcc-ddc/data/netcdf/obs/clim_10/ctmx0110.nc /badc/ipcc-ddc/data/netcdf/obs/clim_10/ctmx1120.nc /badc/ipcc-ddc/data/netcdf/obs/clim_10/ctmx2130.nc /badc/ipcc-ddc/data/netcdf/obs/clim_10/ctmx3140.nc /badc/ipcc-ddc/data/netcdf/obs/clim_10/ctmx4150.nc /badc/ipcc-ddc/data/netcdf/obs/clim_10/ctmx5160.nc /badc/ipcc-ddc/data/netcdf/obs/clim_10/ctmx6170.nc /badc/ipcc-ddc/data/netcdf/obs/clim_10/ctmx7180.nc /badc/ipcc-ddc/data/netcdf/obs/clim_10/ctmx8190.nc</fileNames>
                     </FileList>
                  </fileList>
                  <variableName>tmx</variableName>
               </NetCDFExtract>
            </component>
         </AggregatedArray>
      </descriptor>
      <descriptor>
         <AggregatedArray id="B9vnXjZW">
            <arraySize>3110400</arraySize>
            <uom>hPa</uom>
            <aggType>new</aggType>
            <aggIndex>1</aggIndex>
            <component>
               <NetCDFExtract>
                  <arraySize>12  360  720</arraySize>
                  <fileList>
                     <FileList id="FO3qMcH2">
                        <fileNames>/badc/ipcc-ddc/data/netcdf/obs/clim_10/cvap0110.nc /badc/ipcc-ddc/data/netcdf/obs/clim_10/cvap1120.nc /badc/ipcc-ddc/data/netcdf/obs/clim_10/cvap2130.nc /badc/ipcc-ddc/data/netcdf/obs/clim_10/cvap3140.nc /badc/ipcc-ddc/data/netcdf/obs/clim_10/cvap4150.nc /badc/ipcc-ddc/data/netcdf/obs/clim_10/cvap5160.nc /badc/ipcc-ddc/data/netcdf/obs/clim_10/cvap6170.nc /badc/ipcc-ddc/data/netcdf/obs/clim_10/cvap7180.nc /badc/ipcc-ddc/data/netcdf/obs/clim_10/cvap8190.nc</fileNames>
                     </FileList>
                  </fileList>
                  <variableName>vap</variableName>
               </NetCDFExtract>
            </component>
         </AggregatedArray>
      </descriptor>
      <descriptor>
         <AggregatedArray id="FPStD4Jz">
            <arraySize>3110400</arraySize>
            <uom>day</uom>
            <aggType>new</aggType>
            <aggIndex>1</aggIndex>
            <component>
               <NetCDFExtract>
                  <arraySize>12  360  720</arraySize>
                  <fileList>
                     <FileList id="RAtwwfjs">
                        <fileNames>/badc/ipcc-ddc/data/netcdf/obs/clim_10/cwet0110.nc /badc/ipcc-ddc/data/netcdf/obs/clim_10/cwet1120.nc /badc/ipcc-ddc/data/netcdf/obs/clim_10/cwet2130.nc /badc/ipcc-ddc/data/netcdf/obs/clim_10/cwet3140.nc /badc/ipcc-ddc/data/netcdf/obs/clim_10/cwet4150.nc /badc/ipcc-ddc/data/netcdf/obs/clim_10/cwet5160.nc /badc/ipcc-ddc/data/netcdf/obs/clim_10/cwet6170.nc /badc/ipcc-ddc/data/netcdf/obs/clim_10/cwet7180.nc /badc/ipcc-ddc/data/netcdf/obs/clim_10/cwet8190.nc</fileNames>
                     </FileList>
                  </fileList>
                  <variableName>wet</variableName>
               </NetCDFExtract>
            </component>
         </AggregatedArray>
      </descriptor>
   </CSMLStorageDescriptor>
</Dataset>