<?xml version="1.0" encoding="UTF-8"?><Dataset xmlns="http://ndg.nerc.ac.uk/csml"  xmlns:gml="http://www.opengis.net/gml" xmlns:om="http://www.opengis.net/om" xmlns:swe="http://www.opengis.net/swe"  xmlns:xsi="http://www.w3.org/2001/XMLSchema-instance" xmlns:moles="http://ndg.nerc.ac.uk/moles"  xmlns:xlink="http://www.w3.org/1999/xlink" xsi:schemaLocation="http://ndg.nerc.ac.uk/csml/ schemas/csmlDataset.xsd" id="ZHdabzjW">
   <name>Please add a human readable name for the dataset here</name>
   <CSMLFeatureCollection gml:id="LcWZwH06">
      <gml:metaDataProperty></gml:metaDataProperty>
      <gml:boundedBy>
         <gml:EnvelopeWithTimePeriod srsName="WGS84">
            <gml:lowerCorner>0.0 -90.0</gml:lowerCorner>
            <gml:upperCorner>360.0 90.0</gml:upperCorner>
            <gml:beginPosition>1915-01-15T00:00:00.0</gml:beginPosition>
            <gml:endPosition>1975-12-15T00:00:00.0</gml:endPosition>
         </gml:EnvelopeWithTimePeriod>
      </gml:boundedBy>
      <featureMember>
         <GridSeriesFeature gml:id="cld">
            <gml:description>Cloud Cover</gml:description>
            <gml:name>cld</gml:name>
            <gml:boundedBy>
               <gml:EnvelopeWithTimePeriod srsName="WGS84">
                  <gml:lowerCorner>0.0 -90.0</gml:lowerCorner>
                  <gml:upperCorner>360.0 90.0</gml:upperCorner>
                  <gml:beginPosition>1915-01-15T00:00:00.0</gml:beginPosition>
                  <gml:endPosition>1975-12-15T00:00:00.0</gml:endPosition>
               </gml:EnvelopeWithTimePeriod>
            </gml:boundedBy>
            <value>
               <GridSeriesCoverage gml:id="DGInAJXX">
                  <gridSeriesDomain>
                     <GridSeriesDomain srsName="ndg:crs:lonlatt" uomLabels="degrees_east degrees_north days_since_1901-01-01" gml:id="ESGEI0s1" axisLabels="longitude latitude time" dimension="3" srsDimension="3">
                        <limits>
                           <gml:GridEnvelope>
                              <gml:low>0 0 0</gml:low>
                              <gml:high>0 0 0</gml:high>
                           </gml:GridEnvelope>
                        </limits>
                        <axisLabels>time latitude longitude</axisLabels>
                        <coordTransformTable>
                           <GridCoordinatesTable>
                              <gridOrdinate>
                                 <GridOrdinateDescription>
                                    <coordAxisLabel>time</coordAxisLabel>
                                    <coordAxisValues>
                                       <SpatialOrTemporalPositionList gml:id="OEq4Ub1h">
                                          <timePositionList frame="ndg:gregorian">1915-01-15T00:00:00.0 1915-02-15T00:00:00.0 1915-03-15T00:00:00.0 1915-04-15T00:00:00.0 1915-05-15T00:00:00.0 1915-06-15T00:00:00.0 1915-07-15T00:00:00.0 1915-08-15T00:00:00.0 1915-09-15T00:00:00.0 1915-10-15T00:00:00.0 1915-11-15T00:00:00.0 1915-12-15T00:00:00.0 1945-01-15T00:00:00.0 1945-02-15T00:00:00.0 1945-03-15T00:00:00.0 1945-04-15T00:00:00.0 1945-05-15T00:00:00.0 1945-06-15T00:00:00.0 1945-07-15T00:00:00.0 1945-08-15T00:00:00.0 1945-09-15T00:00:00.0 1945-10-15T00:00:00.0 1945-11-15T00:00:00.0 1945-12-15T00:00:00.0 1975-01-15T00:00:00.0 1975-02-15T00:00:00.0 1975-03-15T00:00:00.0 1975-04-15T00:00:00.0 1975-05-15T00:00:00.0 1975-06-15T00:00:00.0 1975-07-15T00:00:00.0 1975-08-15T00:00:00.0 1975-09-15T00:00:00.0 1975-10-15T00:00:00.0 1975-11-15T00:00:00.0 1975-12-15T00:00:00.0</timePositionList>
                                       </SpatialOrTemporalPositionList>
                                    </coordAxisValues>
                                    <gridAxesSpanned>time</gridAxesSpanned>
                                    <sequenceRule axisOrder="+1">Linear</sequenceRule>
                                 </GridOrdinateDescription>
                              </gridOrdinate>
                              <gridOrdinate>
                                 <GridOrdinateDescription>
                                    <coordAxisLabel>latitude</coordAxisLabel>
                                    <coordAxisValues xlink:href="#X4RIUZiS" xlink:show="embed" xlink:arcrole="coordinateList" xlink:role="http://ndg.nerc.ac.uk/fileFormat/csmlStorageDescriptor">
                                       <SpatialOrTemporalPositionList gml:id="HxyHcqr3">
                                          <coordinateList></coordinateList>
                                       </SpatialOrTemporalPositionList>
                                    </coordAxisValues>
                                    <gridAxesSpanned>latitude</gridAxesSpanned>
                                    <sequenceRule axisOrder="+1">Linear</sequenceRule>
                                 </GridOrdinateDescription>
                              </gridOrdinate>
                              <gridOrdinate>
                                 <GridOrdinateDescription>
                                    <coordAxisLabel>longitude</coordAxisLabel>
                                    <coordAxisValues xlink:href="#JsnHfYwE" xlink:show="embed" xlink:arcrole="coordinateList" xlink:role="http://ndg.nerc.ac.uk/fileFormat/csmlStorageDescriptor">
                                       <SpatialOrTemporalPositionList gml:id="YthV6h9q">
                                          <coordinateList></coordinateList>
                                       </SpatialOrTemporalPositionList>
                                    </coordAxisValues>
                                    <gridAxesSpanned>longitude</gridAxesSpanned>
                                    <sequenceRule axisOrder="+1">Linear</sequenceRule>
                                 </GridOrdinateDescription>
                              </gridOrdinate>
                           </GridCoordinatesTable>
                        </coordTransformTable>
                     </GridSeriesDomain>
                  </gridSeriesDomain>
                  <gml:rangeSet>
                     <gml:ValueArray gml:id="FmWHBg5R">
                        <gml:valueComponent xlink:href="#AmebZU33" xlink:show="embed" xlink:arcrole="QuantityList" xlink:role="http://ndg.nerc.ac.uk/fileFormat/csmlStorageDescriptor">
                           <gml:QuantityList uom="percent"></gml:QuantityList>
                        </gml:valueComponent>
                     </gml:ValueArray>
                  </gml:rangeSet>
               </GridSeriesCoverage>
            </value>
            <parameter xlink:href="http://cfconventions.org/standard_names/cloud_area_fraction"></parameter>
         </GridSeriesFeature>
      </featureMember>
      <featureMember>
         <GridSeriesFeature gml:id="dtr">
            <gml:description>Diurnal Temperature Range</gml:description>
            <gml:name>dtr</gml:name>
            <gml:boundedBy>
               <gml:EnvelopeWithTimePeriod srsName="WGS84">
                  <gml:lowerCorner>0.0 -90.0</gml:lowerCorner>
                  <gml:upperCorner>360.0 90.0</gml:upperCorner>
                  <gml:beginPosition>1915-01-15T00:00:00.0</gml:beginPosition>
                  <gml:endPosition>1975-12-15T00:00:00.0</gml:endPosition>
               </gml:EnvelopeWithTimePeriod>
            </gml:boundedBy>
            <value>
               <GridSeriesCoverage gml:id="WMQ6rQXp">
                  <gridSeriesDomain>
                     <GridSeriesDomain srsName="ndg:crs:lonlatt" uomLabels="degrees_east degrees_north days_since_1901-01-01" gml:id="EMsIUkO0" axisLabels="longitude latitude time" dimension="3" srsDimension="3">
                        <limits>
                           <gml:GridEnvelope>
                              <gml:low>0 0 0</gml:low>
                              <gml:high>0 0 0</gml:high>
                           </gml:GridEnvelope>
                        </limits>
                        <axisLabels>time latitude longitude</axisLabels>
                        <coordTransformTable>
                           <GridCoordinatesTable>
                              <gridOrdinate>
                                 <GridOrdinateDescription>
                                    <coordAxisLabel>time</coordAxisLabel>
                                    <coordAxisValues>
                                       <SpatialOrTemporalPositionList gml:id="TCOK9uMu">
                                          <timePositionList frame="ndg:gregorian">1915-01-15T00:00:00.0 1915-02-15T00:00:00.0 1915-03-15T00:00:00.0 1915-04-15T00:00:00.0 1915-05-15T00:00:00.0 1915-06-15T00:00:00.0 1915-07-15T00:00:00.0 1915-08-15T00:00:00.0 1915-09-15T00:00:00.0 1915-10-15T00:00:00.0 1915-11-15T00:00:00.0 1915-12-15T00:00:00.0 1945-01-15T00:00:00.0 1945-02-15T00:00:00.0 1945-03-15T00:00:00.0 1945-04-15T00:00:00.0 1945-05-15T00:00:00.0 1945-06-15T00:00:00.0 1945-07-15T00:00:00.0 1945-08-15T00:00:00.0 1945-09-15T00:00:00.0 1945-10-15T00:00:00.0 1945-11-15T00:00:00.0 1945-12-15T00:00:00.0 1975-01-15T00:00:00.0 1975-02-15T00:00:00.0 1975-03-15T00:00:00.0 1975-04-15T00:00:00.0 1975-05-15T00:00:00.0 1975-06-15T00:00:00.0 1975-07-15T00:00:00.0 1975-08-15T00:00:00.0 1975-09-15T00:00:00.0 1975-10-15T00:00:00.0 1975-11-15T00:00:00.0 1975-12-15T00:00:00.0</timePositionList>
                                       </SpatialOrTemporalPositionList>
                                    </coordAxisValues>
                                    <gridAxesSpanned>time</gridAxesSpanned>
                                    <sequenceRule axisOrder="+1">Linear</sequenceRule>
                                 </GridOrdinateDescription>
                              </gridOrdinate>
                              <gridOrdinate>
                                 <GridOrdinateDescription>
                                    <coordAxisLabel>latitude</coordAxisLabel>
                                    <coordAxisValues xlink:href="#Ny5uOjjC" xlink:show="embed" xlink:arcrole="coordinateList" xlink:role="http://ndg.nerc.ac.uk/fileFormat/csmlStorageDescriptor">
                                       <SpatialOrTemporalPositionList gml:id="ZzQurI1j">
                                          <coordinateList></coordinateList>
                                       </SpatialOrTemporalPositionList>
                                    </coordAxisValues>
                                    <gridAxesSpanned>latitude</gridAxesSpanned>
                                    <sequenceRule axisOrder="+1">Linear</sequenceRule>
                                 </GridOrdinateDescription>
                              </gridOrdinate>
                              <gridOrdinate>
                                 <GridOrdinateDescription>
                                    <coordAxisLabel>longitude</coordAxisLabel>
                                    <coordAxisValues xlink:href="#PctYD41P" xlink:show="embed" xlink:arcrole="coordinateList" xlink:role="http://ndg.nerc.ac.uk/fileFormat/csmlStorageDescriptor">
                                       <SpatialOrTemporalPositionList gml:id="DCgSvFQz">
                                          <coordinateList></coordinateList>
                                       </SpatialOrTemporalPositionList>
                                    </coordAxisValues>
                                    <gridAxesSpanned>longitude</gridAxesSpanned>
                                    <sequenceRule axisOrder="+1">Linear</sequenceRule>
                                 </GridOrdinateDescription>
                              </gridOrdinate>
                           </GridCoordinatesTable>
                        </coordTransformTable>
                     </GridSeriesDomain>
                  </gridSeriesDomain>
                  <gml:rangeSet>
                     <gml:ValueArray gml:id="UuPN6Kdc">
                        <gml:valueComponent xlink:href="#GjAwXzLt" xlink:show="embed" xlink:arcrole="QuantityList" xlink:role="http://ndg.nerc.ac.uk/fileFormat/csmlStorageDescriptor">
                           <gml:QuantityList uom="deg_c"></gml:QuantityList>
                        </gml:valueComponent>
                     </gml:ValueArray>
                  </gml:rangeSet>
               </GridSeriesCoverage>
            </value>
            <parameter xlink:href="None"></parameter>
         </GridSeriesFeature>
      </featureMember>
      <featureMember>
         <GridSeriesFeature gml:id="frs">
            <gml:description>Ground-frost Frequency</gml:description>
            <gml:name>frs</gml:name>
            <gml:boundedBy>
               <gml:EnvelopeWithTimePeriod srsName="WGS84">
                  <gml:lowerCorner>0.0 -90.0</gml:lowerCorner>
                  <gml:upperCorner>360.0 90.0</gml:upperCorner>
                  <gml:beginPosition>1915-01-15T00:00:00.0</gml:beginPosition>
                  <gml:endPosition>1975-12-15T00:00:00.0</gml:endPosition>
               </gml:EnvelopeWithTimePeriod>
            </gml:boundedBy>
            <value>
               <GridSeriesCoverage gml:id="Kbh0oJSn">
                  <gridSeriesDomain>
                     <GridSeriesDomain srsName="ndg:crs:lonlatt" uomLabels="degrees_east degrees_north days_since_1901-01-01" gml:id="VNBcuSNj" axisLabels="longitude latitude time" dimension="3" srsDimension="3">
                        <limits>
                           <gml:GridEnvelope>
                              <gml:low>0 0 0</gml:low>
                              <gml:high>0 0 0</gml:high>
                           </gml:GridEnvelope>
                        </limits>
                        <axisLabels>time latitude longitude</axisLabels>
                        <coordTransformTable>
                           <GridCoordinatesTable>
                              <gridOrdinate>
                                 <GridOrdinateDescription>
                                    <coordAxisLabel>time</coordAxisLabel>
                                    <coordAxisValues>
                                       <SpatialOrTemporalPositionList gml:id="IbV9ngtq">
                                          <timePositionList frame="ndg:gregorian">1915-01-15T00:00:00.0 1915-02-15T00:00:00.0 1915-03-15T00:00:00.0 1915-04-15T00:00:00.0 1915-05-15T00:00:00.0 1915-06-15T00:00:00.0 1915-07-15T00:00:00.0 1915-08-15T00:00:00.0 1915-09-15T00:00:00.0 1915-10-15T00:00:00.0 1915-11-15T00:00:00.0 1915-12-15T00:00:00.0 1945-01-15T00:00:00.0 1945-02-15T00:00:00.0 1945-03-15T00:00:00.0 1945-04-15T00:00:00.0 1945-05-15T00:00:00.0 1945-06-15T00:00:00.0 1945-07-15T00:00:00.0 1945-08-15T00:00:00.0 1945-09-15T00:00:00.0 1945-10-15T00:00:00.0 1945-11-15T00:00:00.0 1945-12-15T00:00:00.0 1975-01-15T00:00:00.0 1975-02-15T00:00:00.0 1975-03-15T00:00:00.0 1975-04-15T00:00:00.0 1975-05-15T00:00:00.0 1975-06-15T00:00:00.0 1975-07-15T00:00:00.0 1975-08-15T00:00:00.0 1975-09-15T00:00:00.0 1975-10-15T00:00:00.0 1975-11-15T00:00:00.0 1975-12-15T00:00:00.0</timePositionList>
                                       </SpatialOrTemporalPositionList>
                                    </coordAxisValues>
                                    <gridAxesSpanned>time</gridAxesSpanned>
                                    <sequenceRule axisOrder="+1">Linear</sequenceRule>
                                 </GridOrdinateDescription>
                              </gridOrdinate>
                              <gridOrdinate>
                                 <GridOrdinateDescription>
                                    <coordAxisLabel>latitude</coordAxisLabel>
                                    <coordAxisValues xlink:href="#X2zj715c" xlink:show="embed" xlink:arcrole="coordinateList" xlink:role="http://ndg.nerc.ac.uk/fileFormat/csmlStorageDescriptor">
                                       <SpatialOrTemporalPositionList gml:id="YrtVmUe1">
                                          <coordinateList></coordinateList>
                                       </SpatialOrTemporalPositionList>
                                    </coordAxisValues>
                                    <gridAxesSpanned>latitude</gridAxesSpanned>
                                    <sequenceRule axisOrder="+1">Linear</sequenceRule>
                                 </GridOrdinateDescription>
                              </gridOrdinate>
                              <gridOrdinate>
                                 <GridOrdinateDescription>
                                    <coordAxisLabel>longitude</coordAxisLabel>
                                    <coordAxisValues xlink:href="#HMZSYMey" xlink:show="embed" xlink:arcrole="coordinateList" xlink:role="http://ndg.nerc.ac.uk/fileFormat/csmlStorageDescriptor">
                                       <SpatialOrTemporalPositionList gml:id="AJOKXFYX">
                                          <coordinateList></coordinateList>
                                       </SpatialOrTemporalPositionList>
                                    </coordAxisValues>
                                    <gridAxesSpanned>longitude</gridAxesSpanned>
                                    <sequenceRule axisOrder="+1">Linear</sequenceRule>
                                 </GridOrdinateDescription>
                              </gridOrdinate>
                           </GridCoordinatesTable>
                        </coordTransformTable>
                     </GridSeriesDomain>
                  </gridSeriesDomain>
                  <gml:rangeSet>
                     <gml:ValueArray gml:id="Y4sIZIUi">
                        <gml:valueComponent xlink:href="#C9VoSOMe" xlink:show="embed" xlink:arcrole="QuantityList" xlink:role="http://ndg.nerc.ac.uk/fileFormat/csmlStorageDescriptor">
                           <gml:QuantityList uom="day"></gml:QuantityList>
                        </gml:valueComponent>
                     </gml:ValueArray>
                  </gml:rangeSet>
               </GridSeriesCoverage>
            </value>
            <parameter xlink:href="None"></parameter>
         </GridSeriesFeature>
      </featureMember>
      <featureMember>
         <GridSeriesFeature gml:id="pre">
            <gml:description>Precipitation</gml:description>
            <gml:name>pre</gml:name>
            <gml:boundedBy>
               <gml:EnvelopeWithTimePeriod srsName="WGS84">
                  <gml:lowerCorner>0.0 -90.0</gml:lowerCorner>
                  <gml:upperCorner>360.0 90.0</gml:upperCorner>
                  <gml:beginPosition>1915-01-15T00:00:00.0</gml:beginPosition>
                  <gml:endPosition>1975-12-15T00:00:00.0</gml:endPosition>
               </gml:EnvelopeWithTimePeriod>
            </gml:boundedBy>
            <value>
               <GridSeriesCoverage gml:id="BbICqjbi">
                  <gridSeriesDomain>
                     <GridSeriesDomain srsName="ndg:crs:lonlatt" uomLabels="degrees_east degrees_north days_since_1901-01-01" gml:id="RmYVxdWW" axisLabels="longitude latitude time" dimension="3" srsDimension="3">
                        <limits>
                           <gml:GridEnvelope>
                              <gml:low>0 0 0</gml:low>
                              <gml:high>0 0 0</gml:high>
                           </gml:GridEnvelope>
                        </limits>
                        <axisLabels>time latitude longitude</axisLabels>
                        <coordTransformTable>
                           <GridCoordinatesTable>
                              <gridOrdinate>
                                 <GridOrdinateDescription>
                                    <coordAxisLabel>time</coordAxisLabel>
                                    <coordAxisValues>
                                       <SpatialOrTemporalPositionList gml:id="NKJ6rNO0">
                                          <timePositionList frame="ndg:gregorian">1915-01-15T00:00:00.0 1915-02-15T00:00:00.0 1915-03-15T00:00:00.0 1915-04-15T00:00:00.0 1915-05-15T00:00:00.0 1915-06-15T00:00:00.0 1915-07-15T00:00:00.0 1915-08-15T00:00:00.0 1915-09-15T00:00:00.0 1915-10-15T00:00:00.0 1915-11-15T00:00:00.0 1915-12-15T00:00:00.0 1945-01-15T00:00:00.0 1945-02-15T00:00:00.0 1945-03-15T00:00:00.0 1945-04-15T00:00:00.0 1945-05-15T00:00:00.0 1945-06-15T00:00:00.0 1945-07-15T00:00:00.0 1945-08-15T00:00:00.0 1945-09-15T00:00:00.0 1945-10-15T00:00:00.0 1945-11-15T00:00:00.0 1945-12-15T00:00:00.0 1975-01-15T00:00:00.0 1975-02-15T00:00:00.0 1975-03-15T00:00:00.0 1975-04-15T00:00:00.0 1975-05-15T00:00:00.0 1975-06-15T00:00:00.0 1975-07-15T00:00:00.0 1975-08-15T00:00:00.0 1975-09-15T00:00:00.0 1975-10-15T00:00:00.0 1975-11-15T00:00:00.0 1975-12-15T00:00:00.0</timePositionList>
                                       </SpatialOrTemporalPositionList>
                                    </coordAxisValues>
                                    <gridAxesSpanned>time</gridAxesSpanned>
                                    <sequenceRule axisOrder="+1">Linear</sequenceRule>
                                 </GridOrdinateDescription>
                              </gridOrdinate>
                              <gridOrdinate>
                                 <GridOrdinateDescription>
                                    <coordAxisLabel>latitude</coordAxisLabel>
                                    <coordAxisValues xlink:href="#IbIaQjYL" xlink:show="embed" xlink:arcrole="coordinateList" xlink:role="http://ndg.nerc.ac.uk/fileFormat/csmlStorageDescriptor">
                                       <SpatialOrTemporalPositionList gml:id="ECn4kut8">
                                          <coordinateList></coordinateList>
                                       </SpatialOrTemporalPositionList>
                                    </coordAxisValues>
                                    <gridAxesSpanned>latitude</gridAxesSpanned>
                                    <sequenceRule axisOrder="+1">Linear</sequenceRule>
                                 </GridOrdinateDescription>
                              </gridOrdinate>
                              <gridOrdinate>
                                 <GridOrdinateDescription>
                                    <coordAxisLabel>longitude</coordAxisLabel>
                                    <coordAxisValues xlink:href="#SyvQjVDK" xlink:show="embed" xlink:arcrole="coordinateList" xlink:role="http://ndg.nerc.ac.uk/fileFormat/csmlStorageDescriptor">
                                       <SpatialOrTemporalPositionList gml:id="LgL8bmLj">
                                          <coordinateList></coordinateList>
                                       </SpatialOrTemporalPositionList>
                                    </coordAxisValues>
                                    <gridAxesSpanned>longitude</gridAxesSpanned>
                                    <sequenceRule axisOrder="+1">Linear</sequenceRule>
                                 </GridOrdinateDescription>
                              </gridOrdinate>
                           </GridCoordinatesTable>
                        </coordTransformTable>
                     </GridSeriesDomain>
                  </gridSeriesDomain>
                  <gml:rangeSet>
                     <gml:ValueArray gml:id="MwFxSioe">
                        <gml:valueComponent xlink:href="#RChuXRyn" xlink:show="embed" xlink:arcrole="QuantityList" xlink:role="http://ndg.nerc.ac.uk/fileFormat/csmlStorageDescriptor">
                           <gml:QuantityList uom="mm/day"></gml:QuantityList>
                        </gml:valueComponent>
                     </gml:ValueArray>
                  </gml:rangeSet>
               </GridSeriesCoverage>
            </value>
            <parameter xlink:href="http://cfconventions.org/standard_names/precipitation_amount"></parameter>
         </GridSeriesFeature>
      </featureMember>
      <featureMember>
         <GridSeriesFeature gml:id="tmn">
            <gml:description>Minimum Temperature</gml:description>
            <gml:name>tmn</gml:name>
            <gml:boundedBy>
               <gml:EnvelopeWithTimePeriod srsName="WGS84">
                  <gml:lowerCorner>0.0 -90.0</gml:lowerCorner>
                  <gml:upperCorner>360.0 90.0</gml:upperCorner>
                  <gml:beginPosition>1915-01-15T00:00:00.0</gml:beginPosition>
                  <gml:endPosition>1975-12-15T00:00:00.0</gml:endPosition>
               </gml:EnvelopeWithTimePeriod>
            </gml:boundedBy>
            <value>
               <GridSeriesCoverage gml:id="UZc1adkb">
                  <gridSeriesDomain>
                     <GridSeriesDomain srsName="ndg:crs:lonlatt" uomLabels="degrees_east degrees_north days_since_1901-01-01" gml:id="NC4ovrFF" axisLabels="longitude latitude time" dimension="3" srsDimension="3">
                        <limits>
                           <gml:GridEnvelope>
                              <gml:low>0 0 0</gml:low>
                              <gml:high>0 0 0</gml:high>
                           </gml:GridEnvelope>
                        </limits>
                        <axisLabels>time latitude longitude</axisLabels>
                        <coordTransformTable>
                           <GridCoordinatesTable>
                              <gridOrdinate>
                                 <GridOrdinateDescription>
                                    <coordAxisLabel>time</coordAxisLabel>
                                    <coordAxisValues>
                                       <SpatialOrTemporalPositionList gml:id="FzAUa0H7">
                                          <timePositionList frame="ndg:gregorian">1915-01-15T00:00:00.0 1915-02-15T00:00:00.0 1915-03-15T00:00:00.0 1915-04-15T00:00:00.0 1915-05-15T00:00:00.0 1915-06-15T00:00:00.0 1915-07-15T00:00:00.0 1915-08-15T00:00:00.0 1915-09-15T00:00:00.0 1915-10-15T00:00:00.0 1915-11-15T00:00:00.0 1915-12-15T00:00:00.0 1945-01-15T00:00:00.0 1945-02-15T00:00:00.0 1945-03-15T00:00:00.0 1945-04-15T00:00:00.0 1945-05-15T00:00:00.0 1945-06-15T00:00:00.0 1945-07-15T00:00:00.0 1945-08-15T00:00:00.0 1945-09-15T00:00:00.0 1945-10-15T00:00:00.0 1945-11-15T00:00:00.0 1945-12-15T00:00:00.0 1975-01-15T00:00:00.0 1975-02-15T00:00:00.0 1975-03-15T00:00:00.0 1975-04-15T00:00:00.0 1975-05-15T00:00:00.0 1975-06-15T00:00:00.0 1975-07-15T00:00:00.0 1975-08-15T00:00:00.0 1975-09-15T00:00:00.0 1975-10-15T00:00:00.0 1975-11-15T00:00:00.0 1975-12-15T00:00:00.0</timePositionList>
                                       </SpatialOrTemporalPositionList>
                                    </coordAxisValues>
                                    <gridAxesSpanned>time</gridAxesSpanned>
                                    <sequenceRule axisOrder="+1">Linear</sequenceRule>
                                 </GridOrdinateDescription>
                              </gridOrdinate>
                              <gridOrdinate>
                                 <GridOrdinateDescription>
                                    <coordAxisLabel>latitude</coordAxisLabel>
                                    <coordAxisValues xlink:href="#JAFOvMHi" xlink:show="embed" xlink:arcrole="coordinateList" xlink:role="http://ndg.nerc.ac.uk/fileFormat/csmlStorageDescriptor">
                                       <SpatialOrTemporalPositionList gml:id="IFWb1FtU">
                                          <coordinateList></coordinateList>
                                       </SpatialOrTemporalPositionList>
                                    </coordAxisValues>
                                    <gridAxesSpanned>latitude</gridAxesSpanned>
                                    <sequenceRule axisOrder="+1">Linear</sequenceRule>
                                 </GridOrdinateDescription>
                              </gridOrdinate>
                              <gridOrdinate>
                                 <GridOrdinateDescription>
                                    <coordAxisLabel>longitude</coordAxisLabel>
                                    <coordAxisValues xlink:href="#JhQzLADJ" xlink:show="embed" xlink:arcrole="coordinateList" xlink:role="http://ndg.nerc.ac.uk/fileFormat/csmlStorageDescriptor">
                                       <SpatialOrTemporalPositionList gml:id="LeJczIRJ">
                                          <coordinateList></coordinateList>
                                       </SpatialOrTemporalPositionList>
                                    </coordAxisValues>
                                    <gridAxesSpanned>longitude</gridAxesSpanned>
                                    <sequenceRule axisOrder="+1">Linear</sequenceRule>
                                 </GridOrdinateDescription>
                              </gridOrdinate>
                           </GridCoordinatesTable>
                        </coordTransformTable>
                     </GridSeriesDomain>
                  </gridSeriesDomain>
                  <gml:rangeSet>
                     <gml:ValueArray gml:id="LlAMb6IZ">
                        <gml:valueComponent xlink:href="#IIyqYU9z" xlink:show="embed" xlink:arcrole="QuantityList" xlink:role="http://ndg.nerc.ac.uk/fileFormat/csmlStorageDescriptor">
                           <gml:QuantityList uom="deg_c"></gml:QuantityList>
                        </gml:valueComponent>
                     </gml:ValueArray>
                  </gml:rangeSet>
               </GridSeriesCoverage>
            </value>
            <parameter xlink:href="http://cfconventions.org/standard_names/air_temperature"></parameter>
         </GridSeriesFeature>
      </featureMember>
      <featureMember>
         <GridSeriesFeature gml:id="tmp">
            <gml:description>Mean Temperature</gml:description>
            <gml:name>tmp</gml:name>
            <gml:boundedBy>
               <gml:EnvelopeWithTimePeriod srsName="WGS84">
                  <gml:lowerCorner>0.0 -90.0</gml:lowerCorner>
                  <gml:upperCorner>360.0 90.0</gml:upperCorner>
                  <gml:beginPosition>1915-01-15T00:00:00.0</gml:beginPosition>
                  <gml:endPosition>1975-12-15T00:00:00.0</gml:endPosition>
               </gml:EnvelopeWithTimePeriod>
            </gml:boundedBy>
            <value>
               <GridSeriesCoverage gml:id="Y0B2EzK0">
                  <gridSeriesDomain>
                     <GridSeriesDomain srsName="ndg:crs:lonlatt" uomLabels="degrees_east degrees_north days_since_1901-01-01" gml:id="OLUKuZzP" axisLabels="longitude latitude time" dimension="3" srsDimension="3">
                        <limits>
                           <gml:GridEnvelope>
                              <gml:low>0 0 0</gml:low>
                              <gml:high>0 0 0</gml:high>
                           </gml:GridEnvelope>
                        </limits>
                        <axisLabels>time latitude longitude</axisLabels>
                        <coordTransformTable>
                           <GridCoordinatesTable>
                              <gridOrdinate>
                                 <GridOrdinateDescription>
                                    <coordAxisLabel>time</coordAxisLabel>
                                    <coordAxisValues>
                                       <SpatialOrTemporalPositionList gml:id="DtKHuggS">
                                          <timePositionList frame="ndg:gregorian">1915-01-15T00:00:00.0 1915-02-15T00:00:00.0 1915-03-15T00:00:00.0 1915-04-15T00:00:00.0 1915-05-15T00:00:00.0 1915-06-15T00:00:00.0 1915-07-15T00:00:00.0 1915-08-15T00:00:00.0 1915-09-15T00:00:00.0 1915-10-15T00:00:00.0 1915-11-15T00:00:00.0 1915-12-15T00:00:00.0 1945-01-15T00:00:00.0 1945-02-15T00:00:00.0 1945-03-15T00:00:00.0 1945-04-15T00:00:00.0 1945-05-15T00:00:00.0 1945-06-15T00:00:00.0 1945-07-15T00:00:00.0 1945-08-15T00:00:00.0 1945-09-15T00:00:00.0 1945-10-15T00:00:00.0 1945-11-15T00:00:00.0 1945-12-15T00:00:00.0 1975-01-15T00:00:00.0 1975-02-15T00:00:00.0 1975-03-15T00:00:00.0 1975-04-15T00:00:00.0 1975-05-15T00:00:00.0 1975-06-15T00:00:00.0 1975-07-15T00:00:00.0 1975-08-15T00:00:00.0 1975-09-15T00:00:00.0 1975-10-15T00:00:00.0 1975-11-15T00:00:00.0 1975-12-15T00:00:00.0</timePositionList>
                                       </SpatialOrTemporalPositionList>
                                    </coordAxisValues>
                                    <gridAxesSpanned>time</gridAxesSpanned>
                                    <sequenceRule axisOrder="+1">Linear</sequenceRule>
                                 </GridOrdinateDescription>
                              </gridOrdinate>
                              <gridOrdinate>
                                 <GridOrdinateDescription>
                                    <coordAxisLabel>latitude</coordAxisLabel>
                                    <coordAxisValues xlink:href="#NQ0guaOO" xlink:show="embed" xlink:arcrole="coordinateList" xlink:role="http://ndg.nerc.ac.uk/fileFormat/csmlStorageDescriptor">
                                       <SpatialOrTemporalPositionList gml:id="MDmIcckb">
                                          <coordinateList></coordinateList>
                                       </SpatialOrTemporalPositionList>
                                    </coordAxisValues>
                                    <gridAxesSpanned>latitude</gridAxesSpanned>
                                    <sequenceRule axisOrder="+1">Linear</sequenceRule>
                                 </GridOrdinateDescription>
                              </gridOrdinate>
                              <gridOrdinate>
                                 <GridOrdinateDescription>
                                    <coordAxisLabel>longitude</coordAxisLabel>
                                    <coordAxisValues xlink:href="#XW3tx8Ti" xlink:show="embed" xlink:arcrole="coordinateList" xlink:role="http://ndg.nerc.ac.uk/fileFormat/csmlStorageDescriptor">
                                       <SpatialOrTemporalPositionList gml:id="NceojbvX">
                                          <coordinateList></coordinateList>
                                       </SpatialOrTemporalPositionList>
                                    </coordAxisValues>
                                    <gridAxesSpanned>longitude</gridAxesSpanned>
                                    <sequenceRule axisOrder="+1">Linear</sequenceRule>
                                 </GridOrdinateDescription>
                              </gridOrdinate>
                           </GridCoordinatesTable>
                        </coordTransformTable>
                     </GridSeriesDomain>
                  </gridSeriesDomain>
                  <gml:rangeSet>
                     <gml:ValueArray gml:id="Lqfl0a4e">
                        <gml:valueComponent xlink:href="#Nw9ib3rD" xlink:show="embed" xlink:arcrole="QuantityList" xlink:role="http://ndg.nerc.ac.uk/fileFormat/csmlStorageDescriptor">
                           <gml:QuantityList uom="deg_c"></gml:QuantityList>
                        </gml:valueComponent>
                     </gml:ValueArray>
                  </gml:rangeSet>
               </GridSeriesCoverage>
            </value>
            <parameter xlink:href="http://cfconventions.org/standard_names/air_temperature"></parameter>
         </GridSeriesFeature>
      </featureMember>
      <featureMember>
         <GridSeriesFeature gml:id="tmx">
            <gml:description>Maximum Temperature</gml:description>
            <gml:name>tmx</gml:name>
            <gml:boundedBy>
               <gml:EnvelopeWithTimePeriod srsName="WGS84">
                  <gml:lowerCorner>0.0 -90.0</gml:lowerCorner>
                  <gml:upperCorner>360.0 90.0</gml:upperCorner>
                  <gml:beginPosition>1915-01-15T00:00:00.0</gml:beginPosition>
                  <gml:endPosition>1975-12-15T00:00:00.0</gml:endPosition>
               </gml:EnvelopeWithTimePeriod>
            </gml:boundedBy>
            <value>
               <GridSeriesCoverage gml:id="VeF261Kg">
                  <gridSeriesDomain>
                     <GridSeriesDomain srsName="ndg:crs:lonlatt" uomLabels="degrees_east degrees_north days_since_1901-01-01" gml:id="Ex8s0SER" axisLabels="longitude latitude time" dimension="3" srsDimension="3">
                        <limits>
                           <gml:GridEnvelope>
                              <gml:low>0 0 0</gml:low>
                              <gml:high>0 0 0</gml:high>
                           </gml:GridEnvelope>
                        </limits>
                        <axisLabels>time latitude longitude</axisLabels>
                        <coordTransformTable>
                           <GridCoordinatesTable>
                              <gridOrdinate>
                                 <GridOrdinateDescription>
                                    <coordAxisLabel>time</coordAxisLabel>
                                    <coordAxisValues>
                                       <SpatialOrTemporalPositionList gml:id="BfKvJwmx">
                                          <timePositionList frame="ndg:gregorian">1915-01-15T00:00:00.0 1915-02-15T00:00:00.0 1915-03-15T00:00:00.0 1915-04-15T00:00:00.0 1915-05-15T00:00:00.0 1915-06-15T00:00:00.0 1915-07-15T00:00:00.0 1915-08-15T00:00:00.0 1915-09-15T00:00:00.0 1915-10-15T00:00:00.0 1915-11-15T00:00:00.0 1915-12-15T00:00:00.0 1945-01-15T00:00:00.0 1945-02-15T00:00:00.0 1945-03-15T00:00:00.0 1945-04-15T00:00:00.0 1945-05-15T00:00:00.0 1945-06-15T00:00:00.0 1945-07-15T00:00:00.0 1945-08-15T00:00:00.0 1945-09-15T00:00:00.0 1945-10-15T00:00:00.0 1945-11-15T00:00:00.0 1945-12-15T00:00:00.0 1975-01-15T00:00:00.0 1975-02-15T00:00:00.0 1975-03-15T00:00:00.0 1975-04-15T00:00:00.0 1975-05-15T00:00:00.0 1975-06-15T00:00:00.0 1975-07-15T00:00:00.0 1975-08-15T00:00:00.0 1975-09-15T00:00:00.0 1975-10-15T00:00:00.0 1975-11-15T00:00:00.0 1975-12-15T00:00:00.0</timePositionList>
                                       </SpatialOrTemporalPositionList>
                                    </coordAxisValues>
                                    <gridAxesSpanned>time</gridAxesSpanned>
                                    <sequenceRule axisOrder="+1">Linear</sequenceRule>
                                 </GridOrdinateDescription>
                              </gridOrdinate>
                              <gridOrdinate>
                                 <GridOrdinateDescription>
                                    <coordAxisLabel>latitude</coordAxisLabel>
                                    <coordAxisValues xlink:href="#UjLrFfgI" xlink:show="embed" xlink:arcrole="coordinateList" xlink:role="http://ndg.nerc.ac.uk/fileFormat/csmlStorageDescriptor">
                                       <SpatialOrTemporalPositionList gml:id="KYfLqI0f">
                                          <coordinateList></coordinateList>
                                       </SpatialOrTemporalPositionList>
                                    </coordAxisValues>
                                    <gridAxesSpanned>latitude</gridAxesSpanned>
                                    <sequenceRule axisOrder="+1">Linear</sequenceRule>
                                 </GridOrdinateDescription>
                              </gridOrdinate>
                              <gridOrdinate>
                                 <GridOrdinateDescription>
                                    <coordAxisLabel>longitude</coordAxisLabel>
                                    <coordAxisValues xlink:href="#S4nqAOMG" xlink:show="embed" xlink:arcrole="coordinateList" xlink:role="http://ndg.nerc.ac.uk/fileFormat/csmlStorageDescriptor">
                                       <SpatialOrTemporalPositionList gml:id="RrUbKoh7">
                                          <coordinateList></coordinateList>
                                       </SpatialOrTemporalPositionList>
                                    </coordAxisValues>
                                    <gridAxesSpanned>longitude</gridAxesSpanned>
                                    <sequenceRule axisOrder="+1">Linear</sequenceRule>
                                 </GridOrdinateDescription>
                              </gridOrdinate>
                           </GridCoordinatesTable>
                        </coordTransformTable>
                     </GridSeriesDomain>
                  </gridSeriesDomain>
                  <gml:rangeSet>
                     <gml:ValueArray gml:id="C7Ex3dbl">
                        <gml:valueComponent xlink:href="#ARqUQ6xz" xlink:show="embed" xlink:arcrole="QuantityList" xlink:role="http://ndg.nerc.ac.uk/fileFormat/csmlStorageDescriptor">
                           <gml:QuantityList uom="deg_c"></gml:QuantityList>
                        </gml:valueComponent>
                     </gml:ValueArray>
                  </gml:rangeSet>
               </GridSeriesCoverage>
            </value>
            <parameter xlink:href="http://cfconventions.org/standard_names/air_temperature"></parameter>
         </GridSeriesFeature>
      </featureMember>
      <featureMember>
         <GridSeriesFeature gml:id="vap">
            <gml:description>Vapour Pressure</gml:description>
            <gml:name>vap</gml:name>
            <gml:boundedBy>
               <gml:EnvelopeWithTimePeriod srsName="WGS84">
                  <gml:lowerCorner>0.0 -90.0</gml:lowerCorner>
                  <gml:upperCorner>360.0 90.0</gml:upperCorner>
                  <gml:beginPosition>1915-01-15T00:00:00.0</gml:beginPosition>
                  <gml:endPosition>1975-12-15T00:00:00.0</gml:endPosition>
               </gml:EnvelopeWithTimePeriod>
            </gml:boundedBy>
            <value>
               <GridSeriesCoverage gml:id="G9i50B5z">
                  <gridSeriesDomain>
                     <GridSeriesDomain srsName="ndg:crs:lonlatt" uomLabels="degrees_east degrees_north days_since_1901-01-01" gml:id="Yw0QEJwz" axisLabels="longitude latitude time" dimension="3" srsDimension="3">
                        <limits>
                           <gml:GridEnvelope>
                              <gml:low>0 0 0</gml:low>
                              <gml:high>0 0 0</gml:high>
                           </gml:GridEnvelope>
                        </limits>
                        <axisLabels>time latitude longitude</axisLabels>
                        <coordTransformTable>
                           <GridCoordinatesTable>
                              <gridOrdinate>
                                 <GridOrdinateDescription>
                                    <coordAxisLabel>time</coordAxisLabel>
                                    <coordAxisValues>
                                       <SpatialOrTemporalPositionList gml:id="Fkk6yiuh">
                                          <timePositionList frame="ndg:gregorian">1915-01-15T00:00:00.0 1915-02-15T00:00:00.0 1915-03-15T00:00:00.0 1915-04-15T00:00:00.0 1915-05-15T00:00:00.0 1915-06-15T00:00:00.0 1915-07-15T00:00:00.0 1915-08-15T00:00:00.0 1915-09-15T00:00:00.0 1915-10-15T00:00:00.0 1915-11-15T00:00:00.0 1915-12-15T00:00:00.0 1945-01-15T00:00:00.0 1945-02-15T00:00:00.0 1945-03-15T00:00:00.0 1945-04-15T00:00:00.0 1945-05-15T00:00:00.0 1945-06-15T00:00:00.0 1945-07-15T00:00:00.0 1945-08-15T00:00:00.0 1945-09-15T00:00:00.0 1945-10-15T00:00:00.0 1945-11-15T00:00:00.0 1945-12-15T00:00:00.0 1975-01-15T00:00:00.0 1975-02-15T00:00:00.0 1975-03-15T00:00:00.0 1975-04-15T00:00:00.0 1975-05-15T00:00:00.0 1975-06-15T00:00:00.0 1975-07-15T00:00:00.0 1975-08-15T00:00:00.0 1975-09-15T00:00:00.0 1975-10-15T00:00:00.0 1975-11-15T00:00:00.0 1975-12-15T00:00:00.0</timePositionList>
                                       </SpatialOrTemporalPositionList>
                                    </coordAxisValues>
                                    <gridAxesSpanned>time</gridAxesSpanned>
                                    <sequenceRule axisOrder="+1">Linear</sequenceRule>
                                 </GridOrdinateDescription>
                              </gridOrdinate>
                              <gridOrdinate>
                                 <GridOrdinateDescription>
                                    <coordAxisLabel>latitude</coordAxisLabel>
                                    <coordAxisValues xlink:href="#BVVaGfKp" xlink:show="embed" xlink:arcrole="coordinateList" xlink:role="http://ndg.nerc.ac.uk/fileFormat/csmlStorageDescriptor">
                                       <SpatialOrTemporalPositionList gml:id="XnNbFYbN">
                                          <coordinateList></coordinateList>
                                       </SpatialOrTemporalPositionList>
                                    </coordAxisValues>
                                    <gridAxesSpanned>latitude</gridAxesSpanned>
                                    <sequenceRule axisOrder="+1">Linear</sequenceRule>
                                 </GridOrdinateDescription>
                              </gridOrdinate>
                              <gridOrdinate>
                                 <GridOrdinateDescription>
                                    <coordAxisLabel>longitude</coordAxisLabel>
                                    <coordAxisValues xlink:href="#Fll3PjhU" xlink:show="embed" xlink:arcrole="coordinateList" xlink:role="http://ndg.nerc.ac.uk/fileFormat/csmlStorageDescriptor">
                                       <SpatialOrTemporalPositionList gml:id="Bx4UPTfY">
                                          <coordinateList></coordinateList>
                                       </SpatialOrTemporalPositionList>
                                    </coordAxisValues>
                                    <gridAxesSpanned>longitude</gridAxesSpanned>
                                    <sequenceRule axisOrder="+1">Linear</sequenceRule>
                                 </GridOrdinateDescription>
                              </gridOrdinate>
                           </GridCoordinatesTable>
                        </coordTransformTable>
                     </GridSeriesDomain>
                  </gridSeriesDomain>
                  <gml:rangeSet>
                     <gml:ValueArray gml:id="Hg35yW4Q">
                        <gml:valueComponent xlink:href="#GyZ2iiwb" xlink:show="embed" xlink:arcrole="QuantityList" xlink:role="http://ndg.nerc.ac.uk/fileFormat/csmlStorageDescriptor">
                           <gml:QuantityList uom="hPa"></gml:QuantityList>
                        </gml:valueComponent>
                     </gml:ValueArray>
                  </gml:rangeSet>
               </GridSeriesCoverage>
            </value>
            <parameter xlink:href="None"></parameter>
         </GridSeriesFeature>
      </featureMember>
      <featureMember>
         <GridSeriesFeature gml:id="wet">
            <gml:description>Wet Day Frequency</gml:description>
            <gml:name>wet</gml:name>
            <gml:boundedBy>
               <gml:EnvelopeWithTimePeriod srsName="WGS84">
                  <gml:lowerCorner>0.0 -90.0</gml:lowerCorner>
                  <gml:upperCorner>360.0 90.0</gml:upperCorner>
                  <gml:beginPosition>1915-01-15T00:00:00.0</gml:beginPosition>
                  <gml:endPosition>1975-12-15T00:00:00.0</gml:endPosition>
               </gml:EnvelopeWithTimePeriod>
            </gml:boundedBy>
            <value>
               <GridSeriesCoverage gml:id="ZQ1hXUJP">
                  <gridSeriesDomain>
                     <GridSeriesDomain srsName="ndg:crs:lonlatt" uomLabels="degrees_east degrees_north days_since_1901-01-01" gml:id="Sced9iRt" axisLabels="longitude latitude time" dimension="3" srsDimension="3">
                        <limits>
                           <gml:GridEnvelope>
                              <gml:low>0 0 0</gml:low>
                              <gml:high>0 0 0</gml:high>
                           </gml:GridEnvelope>
                        </limits>
                        <axisLabels>time latitude longitude</axisLabels>
                        <coordTransformTable>
                           <GridCoordinatesTable>
                              <gridOrdinate>
                                 <GridOrdinateDescription>
                                    <coordAxisLabel>time</coordAxisLabel>
                                    <coordAxisValues>
                                       <SpatialOrTemporalPositionList gml:id="Zr6AUOQg">
                                          <timePositionList frame="ndg:gregorian">1915-01-15T00:00:00.0 1915-02-15T00:00:00.0 1915-03-15T00:00:00.0 1915-04-15T00:00:00.0 1915-05-15T00:00:00.0 1915-06-15T00:00:00.0 1915-07-15T00:00:00.0 1915-08-15T00:00:00.0 1915-09-15T00:00:00.0 1915-10-15T00:00:00.0 1915-11-15T00:00:00.0 1915-12-15T00:00:00.0 1945-01-15T00:00:00.0 1945-02-15T00:00:00.0 1945-03-15T00:00:00.0 1945-04-15T00:00:00.0 1945-05-15T00:00:00.0 1945-06-15T00:00:00.0 1945-07-15T00:00:00.0 1945-08-15T00:00:00.0 1945-09-15T00:00:00.0 1945-10-15T00:00:00.0 1945-11-15T00:00:00.0 1945-12-15T00:00:00.0 1975-01-15T00:00:00.0 1975-02-15T00:00:00.0 1975-03-15T00:00:00.0 1975-04-15T00:00:00.0 1975-05-15T00:00:00.0 1975-06-15T00:00:00.0 1975-07-15T00:00:00.0 1975-08-15T00:00:00.0 1975-09-15T00:00:00.0 1975-10-15T00:00:00.0 1975-11-15T00:00:00.0 1975-12-15T00:00:00.0</timePositionList>
                                       </SpatialOrTemporalPositionList>
                                    </coordAxisValues>
                                    <gridAxesSpanned>time</gridAxesSpanned>
                                    <sequenceRule axisOrder="+1">Linear</sequenceRule>
                                 </GridOrdinateDescription>
                              </gridOrdinate>
                              <gridOrdinate>
                                 <GridOrdinateDescription>
                                    <coordAxisLabel>latitude</coordAxisLabel>
                                    <coordAxisValues xlink:href="#AJ4nxAyX" xlink:show="embed" xlink:arcrole="coordinateList" xlink:role="http://ndg.nerc.ac.uk/fileFormat/csmlStorageDescriptor">
                                       <SpatialOrTemporalPositionList gml:id="RZ3O4wJb">
                                          <coordinateList></coordinateList>
                                       </SpatialOrTemporalPositionList>
                                    </coordAxisValues>
                                    <gridAxesSpanned>latitude</gridAxesSpanned>
                                    <sequenceRule axisOrder="+1">Linear</sequenceRule>
                                 </GridOrdinateDescription>
                              </gridOrdinate>
                              <gridOrdinate>
                                 <GridOrdinateDescription>
                                    <coordAxisLabel>longitude</coordAxisLabel>
                                    <coordAxisValues xlink:href="#MNsUF5Nl" xlink:show="embed" xlink:arcrole="coordinateList" xlink:role="http://ndg.nerc.ac.uk/fileFormat/csmlStorageDescriptor">
                                       <SpatialOrTemporalPositionList gml:id="MXTFy6ix">
                                          <coordinateList></coordinateList>
                                       </SpatialOrTemporalPositionList>
                                    </coordAxisValues>
                                    <gridAxesSpanned>longitude</gridAxesSpanned>
                                    <sequenceRule axisOrder="+1">Linear</sequenceRule>
                                 </GridOrdinateDescription>
                              </gridOrdinate>
                           </GridCoordinatesTable>
                        </coordTransformTable>
                     </GridSeriesDomain>
                  </gridSeriesDomain>
                  <gml:rangeSet>
                     <gml:ValueArray gml:id="TAhRf1KQ">
                        <gml:valueComponent xlink:href="#XaVToBfT" xlink:show="embed" xlink:arcrole="QuantityList" xlink:role="http://ndg.nerc.ac.uk/fileFormat/csmlStorageDescriptor">
                           <gml:QuantityList uom="day"></gml:QuantityList>
                        </gml:valueComponent>
                     </gml:ValueArray>
                  </gml:rangeSet>
               </GridSeriesCoverage>
            </value>
            <parameter xlink:href="None"></parameter>
         </GridSeriesFeature>
      </featureMember>
   </CSMLFeatureCollection>
   <CSMLStorageDescriptor>
      <descriptor>
         <NetCDFExtract id="X4RIUZiS">
            <arraySize>360</arraySize>
            <fileName>/badc/ipcc-ddc/data/netcdf/obs/clim_30/ccld0130.nc</fileName>
            <variableName>latitude</variableName>
         </NetCDFExtract>
      </descriptor>
      <descriptor>
         <NetCDFExtract id="FkKRxusV">
            <arraySize>2</arraySize>
            <fileName>/badc/ipcc-ddc/data/netcdf/obs/clim_30/ccld0130.nc</fileName>
            <variableName>axis_12</variableName>
         </NetCDFExtract>
      </descriptor>
      <descriptor>
         <NetCDFExtract id="JsnHfYwE">
            <arraySize>720</arraySize>
            <fileName>/badc/ipcc-ddc/data/netcdf/obs/clim_30/ccld0130.nc</fileName>
            <variableName>longitude</variableName>
         </NetCDFExtract>
      </descriptor>
      <descriptor>
         <NetCDFExtract id="EzUlD2V2">
            <arraySize>12</arraySize>
            <fileName>/badc/ipcc-ddc/data/netcdf/obs/clim_30/ccld0130.nc</fileName>
            <variableName>time</variableName>
         </NetCDFExtract>
      </descriptor>
      <descriptor>
         <NetCDFExtract id="Ny5uOjjC">
            <arraySize>360</arraySize>
            <fileName>/badc/ipcc-ddc/data/netcdf/obs/clim_30/cdtr0130.nc</fileName>
            <variableName>latitude</variableName>
         </NetCDFExtract>
      </descriptor>
      <descriptor>
         <NetCDFExtract id="Tnu4239w">
            <arraySize>2</arraySize>
            <fileName>/badc/ipcc-ddc/data/netcdf/obs/clim_30/cdtr0130.nc</fileName>
            <variableName>axis_96</variableName>
         </NetCDFExtract>
      </descriptor>
      <descriptor>
         <NetCDFExtract id="PctYD41P">
            <arraySize>720</arraySize>
            <fileName>/badc/ipcc-ddc/data/netcdf/obs/clim_30/cdtr0130.nc</fileName>
            <variableName>longitude</variableName>
         </NetCDFExtract>
      </descriptor>
      <descriptor>
         <NetCDFExtract id="BW74kBg7">
            <arraySize>12</arraySize>
            <fileName>/badc/ipcc-ddc/data/netcdf/obs/clim_30/cdtr0130.nc</fileName>
            <variableName>time</variableName>
         </NetCDFExtract>
      </descriptor>
      <descriptor>
         <NetCDFExtract id="X2zj715c">
            <arraySize>360</arraySize>
            <fileName>/badc/ipcc-ddc/data/netcdf/obs/clim_30/cfrs0130.nc</fileName>
            <variableName>latitude</variableName>
         </NetCDFExtract>
      </descriptor>
      <descriptor>
         <NetCDFExtract id="XlQorYrM">
            <arraySize>2</arraySize>
            <fileName>/badc/ipcc-ddc/data/netcdf/obs/clim_30/cfrs0130.nc</fileName>
            <variableName>axis_180</variableName>
         </NetCDFExtract>
      </descriptor>
      <descriptor>
         <NetCDFExtract id="HMZSYMey">
            <arraySize>720</arraySize>
            <fileName>/badc/ipcc-ddc/data/netcdf/obs/clim_30/cfrs0130.nc</fileName>
            <variableName>longitude</variableName>
         </NetCDFExtract>
      </descriptor>
      <descriptor>
         <NetCDFExtract id="AcmuhreC">
            <arraySize>12</arraySize>
            <fileName>/badc/ipcc-ddc/data/netcdf/obs/clim_30/cfrs0130.nc</fileName>
            <variableName>time</variableName>
         </NetCDFExtract>
      </descriptor>
      <descriptor>
         <NetCDFExtract id="IbIaQjYL">
            <arraySize>360</arraySize>
            <fileName>/badc/ipcc-ddc/data/netcdf/obs/clim_30/cpre0130.nc</fileName>
            <variableName>latitude</variableName>
         </NetCDFExtract>
      </descriptor>
      <descriptor>
         <NetCDFExtract id="SyvQjVDK">
            <arraySize>720</arraySize>
            <fileName>/badc/ipcc-ddc/data/netcdf/obs/clim_30/cpre0130.nc</fileName>
            <variableName>longitude</variableName>
         </NetCDFExtract>
      </descriptor>
      <descriptor>
         <NetCDFExtract id="IxIZ0MR2">
            <arraySize>2</arraySize>
            <fileName>/badc/ipcc-ddc/data/netcdf/obs/clim_30/cpre0130.nc</fileName>
            <variableName>axis_264</variableName>
         </NetCDFExtract>
      </descriptor>
      <descriptor>
         <NetCDFExtract id="IXbEUTV8">
            <arraySize>12</arraySize>
            <fileName>/badc/ipcc-ddc/data/netcdf/obs/clim_30/cpre0130.nc</fileName>
            <variableName>time</variableName>
         </NetCDFExtract>
      </descriptor>
      <descriptor>
         <NetCDFExtract id="JjWXn3ug">
            <arraySize>360</arraySize>
            <fileName>/badc/ipcc-ddc/data/netcdf/obs/clim_30/crad6190.nc</fileName>
            <variableName>latitude</variableName>
         </NetCDFExtract>
      </descriptor>
      <descriptor>
         <NetCDFExtract id="HcMHEZJY">
            <arraySize>2</arraySize>
            <fileName>/badc/ipcc-ddc/data/netcdf/obs/clim_30/crad6190.nc</fileName>
            <variableName>axis_341</variableName>
         </NetCDFExtract>
      </descriptor>
      <descriptor>
         <NetCDFExtract id="J6BIVLtc">
            <arraySize>720</arraySize>
            <fileName>/badc/ipcc-ddc/data/netcdf/obs/clim_30/crad6190.nc</fileName>
            <variableName>longitude</variableName>
         </NetCDFExtract>
      </descriptor>
      <descriptor>
         <NetCDFExtract id="MBrn2TCj">
            <arraySize>12</arraySize>
            <fileName>/badc/ipcc-ddc/data/netcdf/obs/clim_30/crad6190.nc</fileName>
            <variableName>time</variableName>
         </NetCDFExtract>
      </descriptor>
      <descriptor>
         <NetCDFExtract id="JAFOvMHi">
            <arraySize>360</arraySize>
            <fileName>/badc/ipcc-ddc/data/netcdf/obs/clim_30/ctmn0130.nc</fileName>
            <variableName>latitude</variableName>
         </NetCDFExtract>
      </descriptor>
      <descriptor>
         <NetCDFExtract id="QBoN3sxS">
            <arraySize>2</arraySize>
            <fileName>/badc/ipcc-ddc/data/netcdf/obs/clim_30/ctmn0130.nc</fileName>
            <variableName>axis_362</variableName>
         </NetCDFExtract>
      </descriptor>
      <descriptor>
         <NetCDFExtract id="JhQzLADJ">
            <arraySize>720</arraySize>
            <fileName>/badc/ipcc-ddc/data/netcdf/obs/clim_30/ctmn0130.nc</fileName>
            <variableName>longitude</variableName>
         </NetCDFExtract>
      </descriptor>
      <descriptor>
         <NetCDFExtract id="OCtMIc9c">
            <arraySize>12</arraySize>
            <fileName>/badc/ipcc-ddc/data/netcdf/obs/clim_30/ctmn0130.nc</fileName>
            <variableName>time</variableName>
         </NetCDFExtract>
      </descriptor>
      <descriptor>
         <NetCDFExtract id="NQ0guaOO">
            <arraySize>360</arraySize>
            <fileName>/badc/ipcc-ddc/data/netcdf/obs/clim_30/ctmp0130.nc</fileName>
            <variableName>latitude</variableName>
         </NetCDFExtract>
      </descriptor>
      <descriptor>
         <NetCDFExtract id="SsxJ8Vei">
            <arraySize>2</arraySize>
            <fileName>/badc/ipcc-ddc/data/netcdf/obs/clim_30/ctmp0130.nc</fileName>
            <variableName>axis_446</variableName>
         </NetCDFExtract>
      </descriptor>
      <descriptor>
         <NetCDFExtract id="XW3tx8Ti">
            <arraySize>720</arraySize>
            <fileName>/badc/ipcc-ddc/data/netcdf/obs/clim_30/ctmp0130.nc</fileName>
            <variableName>longitude</variableName>
         </NetCDFExtract>
      </descriptor>
      <descriptor>
         <NetCDFExtract id="HFK1a7v8">
            <arraySize>12</arraySize>
            <fileName>/badc/ipcc-ddc/data/netcdf/obs/clim_30/ctmp0130.nc</fileName>
            <variableName>time</variableName>
         </NetCDFExtract>
      </descriptor>
      <descriptor>
         <NetCDFExtract id="UjLrFfgI">
            <arraySize>360</arraySize>
            <fileName>/badc/ipcc-ddc/data/netcdf/obs/clim_30/ctmx0130.nc</fileName>
            <variableName>latitude</variableName>
         </NetCDFExtract>
      </descriptor>
      <descriptor>
         <NetCDFExtract id="BzPF5TDi">
            <arraySize>2</arraySize>
            <fileName>/badc/ipcc-ddc/data/netcdf/obs/clim_30/ctmx0130.nc</fileName>
            <variableName>axis_530</variableName>
         </NetCDFExtract>
      </descriptor>
      <descriptor>
         <NetCDFExtract id="S4nqAOMG">
            <arraySize>720</arraySize>
            <fileName>/badc/ipcc-ddc/data/netcdf/obs/clim_30/ctmx0130.nc</fileName>
            <variableName>longitude</variableName>
         </NetCDFExtract>
      </descriptor>
      <descriptor>
         <NetCDFExtract id="FWniBNqZ">
            <arraySize>12</arraySize>
            <fileName>/badc/ipcc-ddc/data/netcdf/obs/clim_30/ctmx0130.nc</fileName>
            <variableName>time</variableName>
         </NetCDFExtract>
      </descriptor>
      <descriptor>
         <NetCDFExtract id="BVVaGfKp">
            <arraySize>360</arraySize>
            <fileName>/badc/ipcc-ddc/data/netcdf/obs/clim_30/cvap0130.nc</fileName>
            <variableName>latitude</variableName>
         </NetCDFExtract>
      </descriptor>
      <descriptor>
         <NetCDFExtract id="ZzFgHwYN">
            <arraySize>2</arraySize>
            <fileName>/badc/ipcc-ddc/data/netcdf/obs/clim_30/cvap0130.nc</fileName>
            <variableName>axis_614</variableName>
         </NetCDFExtract>
      </descriptor>
      <descriptor>
         <NetCDFExtract id="Fll3PjhU">
            <arraySize>720</arraySize>
            <fileName>/badc/ipcc-ddc/data/netcdf/obs/clim_30/cvap0130.nc</fileName>
            <variableName>longitude</variableName>
         </NetCDFExtract>
      </descriptor>
      <descriptor>
         <NetCDFExtract id="QJk25ah5">
            <arraySize>12</arraySize>
            <fileName>/badc/ipcc-ddc/data/netcdf/obs/clim_30/cvap0130.nc</fileName>
            <variableName>time</variableName>
         </NetCDFExtract>
      </descriptor>
      <descriptor>
         <NetCDFExtract id="AJ4nxAyX">
            <arraySize>360</arraySize>
            <fileName>/badc/ipcc-ddc/data/netcdf/obs/clim_30/cwet0130.nc</fileName>
            <variableName>latitude</variableName>
         </NetCDFExtract>
      </descriptor>
      <descriptor>
         <NetCDFExtract id="Jg5o87ww">
            <arraySize>12</arraySize>
            <fileName>/badc/ipcc-ddc/data/netcdf/obs/clim_30/cwet0130.nc</fileName>
            <variableName>time</variableName>
         </NetCDFExtract>
      </descriptor>
      <descriptor>
         <NetCDFExtract id="MNsUF5Nl">
            <arraySize>720</arraySize>
            <fileName>/badc/ipcc-ddc/data/netcdf/obs/clim_30/cwet0130.nc</fileName>
            <variableName>longitude</variableName>
         </NetCDFExtract>
      </descriptor>
      <descriptor>
         <NetCDFExtract id="ESIQrFzP">
            <arraySize>2</arraySize>
            <fileName>/badc/ipcc-ddc/data/netcdf/obs/clim_30/cwet0130.nc</fileName>
            <variableName>axis_698</variableName>
         </NetCDFExtract>
      </descriptor>
      <descriptor>
         <NetCDFExtract id="Dxah37yE">
            <arraySize>360</arraySize>
            <fileName>/badc/ipcc-ddc/data/netcdf/obs/clim_30/cwnd6190.nc</fileName>
            <variableName>latitude</variableName>
         </NetCDFExtract>
      </descriptor>
      <descriptor>
         <NetCDFExtract id="ZUwTPkeU">
            <arraySize>2</arraySize>
            <fileName>/badc/ipcc-ddc/data/netcdf/obs/clim_30/cwnd6190.nc</fileName>
            <variableName>axis_775</variableName>
         </NetCDFExtract>
      </descriptor>
      <descriptor>
         <NetCDFExtract id="Gk7Yt6Nk">
            <arraySize>720</arraySize>
            <fileName>/badc/ipcc-ddc/data/netcdf/obs/clim_30/cwnd6190.nc</fileName>
            <variableName>longitude</variableName>
         </NetCDFExtract>
      </descriptor>
      <descriptor>
         <NetCDFExtract id="QySQnhu2">
            <arraySize>12</arraySize>
            <fileName>/badc/ipcc-ddc/data/netcdf/obs/clim_30/cwnd6190.nc</fileName>
            <variableName>time</variableName>
         </NetCDFExtract>
      </descriptor>
      <descriptor>
         <AggregatedArray id="AmebZU33">
            <arraySize>3110400</arraySize>
            <uom>percent</uom>
            <aggType>new</aggType>
            <aggIndex>1</aggIndex>
            <component>
               <NetCDFExtract>
                  <arraySize>12  360  720</arraySize>
                  <fileList>
                     <FileList id="ZfshIx2o">
                        <fileNames>/badc/ipcc-ddc/data/netcdf/obs/clim_30/ccld0130.nc /badc/ipcc-ddc/data/netcdf/obs/clim_30/ccld3160.nc /badc/ipcc-ddc/data/netcdf/obs/clim_30/ccld6190.nc</fileNames>
                     </FileList>
                  </fileList>
                  <variableName>cld</variableName>
               </NetCDFExtract>
            </component>
         </AggregatedArray>
      </descriptor>
      <descriptor>
         <AggregatedArray id="GjAwXzLt">
            <arraySize>3110400</arraySize>
            <uom>deg_c</uom>
            <aggType>new</aggType>
            <aggIndex>1</aggIndex>
            <component>
               <NetCDFExtract>
                  <arraySize>12  360  720</arraySize>
                  <fileList>
                     <FileList id="W1PtkTv7">
                        <fileNames>/badc/ipcc-ddc/data/netcdf/obs/clim_30/cdtr0130.nc /badc/ipcc-ddc/data/netcdf/obs/clim_30/cdtr3160.nc /badc/ipcc-ddc/data/netcdf/obs/clim_30/cdtr6190.nc</fileNames>
                     </FileList>
                  </fileList>
                  <variableName>dtr</variableName>
               </NetCDFExtract>
            </component>
         </AggregatedArray>
      </descriptor>
      <descriptor>
         <AggregatedArray id="C9VoSOMe">
            <arraySize>3110400</arraySize>
            <uom>day</uom>
            <aggType>new</aggType>
            <aggIndex>1</aggIndex>
            <component>
               <NetCDFExtract>
                  <arraySize>12  360  720</arraySize>
                  <fileList>
                     <FileList id="V7Q0nSMj">
                        <fileNames>/badc/ipcc-ddc/data/netcdf/obs/clim_30/cfrs0130.nc /badc/ipcc-ddc/data/netcdf/obs/clim_30/cfrs3160.nc /badc/ipcc-ddc/data/netcdf/obs/clim_30/cfrs6190.nc</fileNames>
                     </FileList>
                  </fileList>
                  <variableName>frs</variableName>
               </NetCDFExtract>
            </component>
         </AggregatedArray>
      </descriptor>
      <descriptor>
         <AggregatedArray id="RChuXRyn">
            <arraySize>3110400</arraySize>
            <uom>mm/day</uom>
            <aggType>new</aggType>
            <aggIndex>1</aggIndex>
            <component>
               <NetCDFExtract>
                  <arraySize>12  360  720</arraySize>
                  <fileList>
                     <FileList id="WF8MGrjn">
                        <fileNames>/badc/ipcc-ddc/data/netcdf/obs/clim_30/cpre0130.nc /badc/ipcc-ddc/data/netcdf/obs/clim_30/cpre3160.nc /badc/ipcc-ddc/data/netcdf/obs/clim_30/cpre6190.nc</fileNames>
                     </FileList>
                  </fileList>
                  <variableName>pre</variableName>
               </NetCDFExtract>
            </component>
         </AggregatedArray>
      </descriptor>
      <descriptor>
         <AggregatedArray id="IIyqYU9z">
            <arraySize>3110400</arraySize>
            <uom>deg_c</uom>
            <aggType>new</aggType>
            <aggIndex>1</aggIndex>
            <component>
               <NetCDFExtract>
                  <arraySize>12  360  720</arraySize>
                  <fileList>
                     <FileList id="B58puXO7">
                        <fileNames>/badc/ipcc-ddc/data/netcdf/obs/clim_30/ctmn0130.nc /badc/ipcc-ddc/data/netcdf/obs/clim_30/ctmn3160.nc /badc/ipcc-ddc/data/netcdf/obs/clim_30/ctmn6190.nc</fileNames>
                     </FileList>
                  </fileList>
                  <variableName>tmn</variableName>
               </NetCDFExtract>
            </component>
         </AggregatedArray>
      </descriptor>
      <descriptor>
         <AggregatedArray id="Nw9ib3rD">
            <arraySize>3110400</arraySize>
            <uom>deg_c</uom>
            <aggType>new</aggType>
            <aggIndex>1</aggIndex>
            <component>
               <NetCDFExtract>
                  <arraySize>12  360  720</arraySize>
                  <fileList>
                     <FileList id="OrrT3wwc">
                        <fileNames>/badc/ipcc-ddc/data/netcdf/obs/clim_30/ctmp0130.nc /badc/ipcc-ddc/data/netcdf/obs/clim_30/ctmp3160.nc /badc/ipcc-ddc/data/netcdf/obs/clim_30/ctmp6190.nc</fileNames>
                     </FileList>
                  </fileList>
                  <variableName>tmp</variableName>
               </NetCDFExtract>
            </component>
         </AggregatedArray>
      </descriptor>
      <descriptor>
         <AggregatedArray id="ARqUQ6xz">
            <arraySize>3110400</arraySize>
            <uom>deg_c</uom>
            <aggType>new</aggType>
            <aggIndex>1</aggIndex>
            <component>
               <NetCDFExtract>
                  <arraySize>12  360  720</arraySize>
                  <fileList>
                     <FileList id="EQdQRriE">
                        <fileNames>/badc/ipcc-ddc/data/netcdf/obs/clim_30/ctmx0130.nc /badc/ipcc-ddc/data/netcdf/obs/clim_30/ctmx3160.nc /badc/ipcc-ddc/data/netcdf/obs/clim_30/ctmx6190.nc</fileNames>
                     </FileList>
                  </fileList>
                  <variableName>tmx</variableName>
               </NetCDFExtract>
            </component>
         </AggregatedArray>
      </descriptor>
      <descriptor>
         <AggregatedArray id="GyZ2iiwb">
            <arraySize>3110400</arraySize>
            <uom>hPa</uom>
            <aggType>new</aggType>
            <aggIndex>1</aggIndex>
            <component>
               <NetCDFExtract>
                  <arraySize>12  360  720</arraySize>
                  <fileList>
                     <FileList id="TpXwCPXO">
                        <fileNames>/badc/ipcc-ddc/data/netcdf/obs/clim_30/cvap0130.nc /badc/ipcc-ddc/data/netcdf/obs/clim_30/cvap3160.nc /badc/ipcc-ddc/data/netcdf/obs/clim_30/cvap6190.nc</fileNames>
                     </FileList>
                  </fileList>
                  <variableName>vap</variableName>
               </NetCDFExtract>
            </component>
         </AggregatedArray>
      </descriptor>
      <descriptor>
         <AggregatedArray id="XaVToBfT">
            <arraySize>3110400</arraySize>
            <uom>day</uom>
            <aggType>new</aggType>
            <aggIndex>1</aggIndex>
            <component>
               <NetCDFExtract>
                  <arraySize>12  360  720</arraySize>
                  <fileList>
                     <FileList id="Vq2sYyN5">
                        <fileNames>/badc/ipcc-ddc/data/netcdf/obs/clim_30/cwet0130.nc /badc/ipcc-ddc/data/netcdf/obs/clim_30/cwet3160.nc /badc/ipcc-ddc/data/netcdf/obs/clim_30/cwet6190.nc</fileNames>
                     </FileList>
                  </fileList>
                  <variableName>wet</variableName>
               </NetCDFExtract>
            </component>
         </AggregatedArray>
      </descriptor>
   </CSMLStorageDescriptor>
</Dataset>